Frame,Confidence,X,Y,Width,Height,ID,ID_Norm
0,0.927734375,1710,746,401,178,1,0
0,0.88623046875,1114,689,174,79,2,1
0,0.8857421875,822,666,120,64,3,2
0,0.8759765625,1299,666,147,77,4,3
0,0.85400390625,1533,687,186,103,5,4
0,0.8447265625,945,661,124,63,6,5
0,0.81982421875,611,661,105,58,7,6
0,0.79296875,379,634,94,64,8,7
0,0.7705078125,503,632,52,30,9,8
0,0.69287109375,1827,720,183,160,10,9
0,0.68408203125,317,600,53,69,11,10
0,0.6826171875,810,600,174,61,12,11
0,0.61328125,628,645,94,61,13,12
0,0.57177734375,987,654,79,61,14,13
0,0.541015625,1155,630,87,33,15,14
1,0.91796875,1725,748,386,182,1,0
1,0.8857421875,1124,689,176,80,2,1
1,0.8857421875,827,666,121,64,3,2
1,0.8818359375,1309,666,149,77,4,3
1,0.8759765625,1547,688,183,103,5,4
1,0.85009765625,952,662,124,62,6,5
1,0.77880859375,615,661,109,59,7,6
1,0.73095703125,382,635,95,63,8,7
1,0.751953125,504,632,53,29,9,8
1,0.7578125,805,600,172,61,12,11
1,0.65673828125,631,646,97,59,13,12
1,0.5869140625,989,654,89,62,14,13
1,0.521484375,1405,640,106,31,17,15
2,0.91064453125,1740,750,355,181,1,0
2,0.8857421875,1136,690,178,80,2,1
2,0.88818359375,832,667,120,65,3,2
2,0.87158203125,1321,667,152,79,4,3
2,0.8984375,1563,689,185,104,5,4
2,0.84912109375,959,662,126,63,6,5
2,0.83203125,624,663,112,59,7,6
2,0.74609375,385,636,95,62,8,7
2,0.76611328125,506,632,54,29,9,8
2,0.78271484375,321,600,50,67,11,9
2,0.74755859375,799,600,171,61,12,11
2,0.66357421875,991,655,100,60,14,13
2,0.556640625,1396,640,90,32,17,15
2,0.658203125,1866,680,107,80,23,10
3,0.91357421875,1756,753,324,187,1,0
3,0.880859375,1149,691,179,81,2,1
3,0.884765625,840,667,123,65,3,2
3,0.88330078125,1335,667,154,80,4,3
3,0.8740234375,1584,690,195,107,5,4
3,0.8388671875,968,663,128,64,6,5
3,0.82568359375,631,663,113,59,7,6
3,0.80908203125,390,636,96,62,8,7
3,0.76611328125,509,632,55,30,9,8
3,0.71044921875,320,600,54,68,11,9
3,0.7646484375,793,600,169,61,12,11
3,0.61669921875,998,654,103,58,14,13
3,0.60009765625,1118,629,85,29,15,12
3,0.56787109375,1713,652,104,26,26,14
4,0.92236328125,1774,756,291,193,1,0
4,0.8916015625,1162,692,182,82,2,1
4,0.8798828125,846,667,122,66,3,2
4,0.8759765625,1349,668,153,82,4,3
4,0.8232421875,1612,692,213,109,5,4
4,0.85009765625,978,663,131,65,6,5
4,0.81982421875,638,664,113,60,7,6
4,0.80908203125,394,636,97,62,8,7
4,0.77734375,512,632,55,30,9,8
4,0.732421875,322,601,54,69,11,9
4,0.69287109375,787,600,167,62,12,11
4,0.59619140625,1010,653,97,54,14,13
4,0.537109375,201,623,65,42,16,10
4,0.517578125,276,624,51,38,22,15
5,0.89697265625,1791,760,257,195,1,0
5,0.88623046875,1176,693,184,83,2,1
5,0.8798828125,851,667,122,67,3,2
5,0.86962890625,1362,669,155,82,4,3
5,0.8671875,1627,695,205,113,5,4
5,0.845703125,985,664,130,66,6,5
5,0.83349609375,644,664,112,61,7,6
5,0.740234375,399,637,95,62,8,7
5,0.74462890625,515,632,56,30,9,8
5,0.689453125,325,601,53,70,11,9
5,0.5947265625,780,601,165,61,12,11
5,0.6806640625,1020,654,96,57,14,13
6,0.89111328125,1808,757,223,186,1,0
6,0.89404296875,1189,695,188,84,2,1
6,0.87646484375,858,668,123,67,3,2
6,0.8896484375,1377,669,158,82,4,3
6,0.8642578125,1648,697,209,117,5,4
6,0.8427734375,996,664,133,65,6,5
6,0.84814453125,651,664,112,62,7,6
6,0.70556640625,403,638,94,62,8,7
6,0.7734375,519,632,56,30,9,8
6,0.68603515625,326,600,53,70,11,9
6,0.552734375,774,601,163,61,12,11
6,0.607421875,1028,654,97,57,14,13
6,0.5390625,205,622,63,41,16,10
7,0.88720703125,1826,756,187,180,1,0
7,0.880859375,1203,695,189,85,2,1
7,0.873046875,866,669,123,67,3,2
7,0.880859375,1390,670,159,82,4,3
7,0.87646484375,1670,699,217,118,5,4
7,0.845703125,1006,665,138,66,6,5
7,0.85205078125,658,665,113,64,7,6
7,0.77734375,407,638,96,63,8,7
7,0.7880859375,522,632,56,31,9,8
7,0.56201171875,772,602,165,62,12,11
7,0.56201171875,1036,655,101,57,14,13
7,0.57958984375,207,622,64,41,16,10
7,0.5927734375,304,601,103,77,19,12
8,0.8916015625,1844,758,149,180,1,0
8,0.89111328125,1218,696,191,86,2,1
8,0.8662109375,872,670,125,67,3,2
8,0.89013671875,1405,671,161,83,4,3
8,0.87744140625,1692,700,224,120,5,4
8,0.81982421875,1014,664,138,67,6,5
8,0.85107421875,665,666,114,63,7,6
8,0.767578125,410,638,98,64,8,7
8,0.77587890625,524,632,56,31,9,8
8,0.546875,766,603,160,63,12,11
8,0.515625,1045,656,100,57,14,13
8,0.525390625,208,622,63,42,16,10
8,0.73583984375,306,602,105,77,19,12
8,0.509765625,609,638,44,35,34,9
8,0.60400390625,1569,649,92,23,46,14
9,0.8662109375,1865,761,109,182,1,0
9,0.89306640625,1232,698,195,85,2,1
9,0.87890625,879,670,125,68,3,2
9,0.88720703125,1420,672,165,84,4,3
9,0.88623046875,1720,701,236,123,5,4
9,0.84716796875,1023,665,140,68,6,5
9,0.84912109375,673,666,116,63,7,6
9,0.80908203125,414,639,98,65,8,7
9,0.78125,527,632,55,31,9,8
9,0.57177734375,759,602,157,61,12,11
9,0.51953125,209,621,62,41,16,10
9,0.77197265625,308,602,106,76,19,12
9,0.59814453125,612,638,42,36,34,9
9,0.56787109375,1555,648,105,22,46,14
10,0.83447265625,1883,765,67,185,1,0
10,0.89501953125,1246,699,197,86,2,1
10,0.8798828125,887,670,128,67,3,2
10,0.89501953125,1434,673,167,85,4,3
10,0.880859375,1747,702,256,123,5,4
10,0.85595703125,1031,666,141,69,6,5
10,0.84814453125,680,667,117,62,7,6
10,0.79833984375,419,639,99,65,8,7
10,0.76220703125,530,632,55,32,9,8
10,0.552734375,211,622,62,40,16,10
10,0.79833984375,309,603,106,78,19,12
10,0.546875,1539,649,96,24,46,14
11,0.609375,1904,763,27,148,1,0
11,0.90478515625,1261,700,200,88,2,1
11,0.87158203125,893,671,129,68,3,2
11,0.89013671875,1450,673,171,86,4,3
11,0.89501953125,1776,704,271,124,5,4
11,0.8388671875,1040,667,140,68,6,5
11,0.83203125,687,668,119,62,7,6
11,0.83642578125,422,639,101,66,8,7
11,0.73583984375,532,631,54,33,9,8
11,0.6259765625,747,601,155,58,12,9
11,0.54296875,670,640,92,42,13,11
11,0.50390625,1077,657,90,58,14,13
11,0.56982421875,212,622,62,40,16,10
11,0.80908203125,310,602,106,76,19,12
11,0.56982421875,621,639,44,37,34,15
12,0.9013671875,1276,701,203,89,2,1
12,0.88232421875,901,671,129,68,3,2
12,0.888671875,1464,674,175,86,4,3
12,0.908203125,1790,706,259,127,5,4
12,0.83544921875,1052,667,145,69,6,5
12,0.830078125,694,668,120,63,7,6
12,0.75927734375,427,639,101,66,8,7
12,0.7607421875,535,630,55,35,9,8
12,0.6279296875,742,601,152,58,12,9
12,0.6298828125,673,640,91,43,13,11
12,0.638671875,213,623,62,41,16,10
12,0.80419921875,311,602,106,75,19,12
12,0.5830078125,626,639,46,38,34,15
13,0.90185546875,1292,702,208,89,2,1
13,0.87744140625,908,672,132,69,3,2
13,0.8955078125,1480,675,177,88,4,3
13,0.8984375,1800,707,238,128,5,4
13,0.8447265625,1062,668,150,69,6,5
13,0.8388671875,702,669,120,64,7,6
13,0.77880859375,431,639,102,67,8,7
13,0.75048828125,540,630,56,35,9,8
13,0.7734375,735,601,156,58,12,9
13,0.67919921875,678,641,93,44,13,11
13,0.8310546875,313,602,103,75,19,12
13,0.5546875,296,626,57,37,22,0
13,0.638671875,629,640,44,39,34,15
14,0.91357421875,1308,703,212,91,2,1
14,0.87890625,915,672,133,70,3,2
14,0.87841796875,1496,676,179,88,4,3
14,0.90673828125,1812,708,215,130,5,4
14,0.8408203125,1071,668,149,70,6,5
14,0.83544921875,709,670,122,64,7,6
14,0.763671875,435,639,104,67,8,7
14,0.77880859375,543,630,58,37,9,8
14,0.6875,730,601,154,58,12,9
14,0.66015625,683,644,92,50,13,11
14,0.7216796875,1255,640,69,23,17,10
14,0.81640625,315,602,103,76,19,12
14,0.5830078125,632,640,42,39,34,15
15,0.9111328125,1324,704,215,91,2,1
15,0.8818359375,923,672,134,71,3,2
15,0.8916015625,1513,677,182,90,4,3
15,0.90380859375,1823,709,193,130,5,4
15,0.8310546875,1081,669,152,71,6,5
15,0.83642578125,716,670,123,65,7,6
15,0.73095703125,440,640,103,67,8,7
15,0.708984375,546,631,58,35,9,8
15,0.64794921875,725,601,154,58,12,9
15,0.69287109375,687,648,92,57,13,11
15,0.6318359375,1243,640,72,21,17,10
15,0.796875,317,603,104,78,19,12
15,0.64794921875,634,640,38,38,34,15
15,0.525390625,797,626,48,15,64,0
16,0.90380859375,1340,706,217,93,2,1
16,0.8818359375,930,672,135,71,3,2
16,0.89111328125,1530,677,184,90,4,3
16,0.88330078125,1834,709,171,128,5,4
16,0.84716796875,1092,668,155,74,6,5
16,0.865234375,723,670,125,66,7,6
16,0.7880859375,444,640,105,68,8,7
16,0.73583984375,550,632,57,33,9,8
16,0.609375,722,602,150,60,12,9
16,0.74609375,693,650,94,61,13,11
16,0.501953125,119,625,46,33,18,13
16,0.8173828125,319,602,103,77,19,12
16,0.505859375,638,640,38,39,34,15
16,0.505859375,1400,663,89,60,69,14
17,0.90283203125,1357,707,221,94,2,1
17,0.87744140625,937,673,135,73,3,2
17,0.8974609375,1547,678,186,91,4,3
17,0.86328125,1846,709,147,126,5,4
17,0.8388671875,1101,668,155,75,6,5
17,0.85791015625,732,671,124,66,7,6
17,0.69091796875,448,640,107,68,8,7
17,0.75634765625,553,633,58,33,9,8
17,0.62451171875,711,612,161,79,12,9
17,0.67919921875,699,652,95,63,13,11
17,0.60400390625,224,623,62,41,16,0
17,0.8017578125,321,601,104,75,19,12
18,0.908203125,1374,708,224,94,2,1
18,0.8759765625,944,674,137,72,3,2
18,0.89697265625,1565,679,190,92,4,3
18,0.84375,1858,708,123,128,5,4
18,0.841796875,1112,669,158,75,6,5
18,0.8623046875,740,671,125,67,7,6
18,0.81298828125,453,640,108,70,8,7
18,0.77734375,556,633,59,33,9,8
18,0.69287109375,705,652,97,63,13,11
18,0.515625,226,624,60,42,16,0
18,0.55078125,122,624,48,31,18,10
18,0.845703125,322,603,105,78,19,12
18,0.509765625,646,641,38,38,34,13
18,0.642578125,1367,643,99,22,74,14
19,0.91650390625,1392,709,227,95,2,1
19,0.88232421875,953,674,139,72,3,2
19,0.892578125,1582,680,194,94,4,3
19,0.8115234375,1871,712,97,124,5,4
19,0.85595703125,1121,670,157,76,6,5
19,0.8623046875,747,672,127,68,7,6
19,0.740234375,457,640,109,70,8,7
19,0.71875,559,633,59,33,9,8
19,0.71044921875,711,652,98,65,13,11
19,0.82568359375,324,602,105,77,19,12
19,0.552734375,310,627,60,40,22,9
19,0.708984375,1352,643,90,22,74,14
20,0.91259765625,1409,710,230,97,2,1
20,0.8818359375,961,675,140,72,3,2
20,0.8974609375,1600,681,197,94,4,3
20,0.806640625,1883,715,72,122,5,4
20,0.85498046875,1132,670,159,77,6,5
20,0.8427734375,755,673,128,69,7,6
20,0.8291015625,462,639,109,73,8,7
20,0.66357421875,562,634,59,32,9,8
20,0.74755859375,719,653,102,64,13,11
20,0.521484375,228,625,59,42,16,0
20,0.81298828125,326,602,107,77,19,12
20,0.57568359375,313,627,59,40,22,9
20,0.6259765625,664,641,54,39,34,10
20,0.66552734375,1331,642,89,21,74,14
20,0.5830078125,702,603,148,58,75,13
21,0.90966796875,1427,712,235,98,2,1
21,0.892578125,969,676,141,73,3,2
21,0.88232421875,1619,682,200,95,4,3
21,0.751953125,1896,719,44,119,5,4
21,0.88427734375,1141,671,159,78,6,5
21,0.8662109375,762,673,131,69,7,6
21,0.79296875,467,640,112,74,8,7
21,0.5546875,565,634,60,32,9,8
21,0.75927734375,725,653,104,66,13,11
21,0.8115234375,327,602,105,76,19,12
21,0.5947265625,316,627,58,40,22,9
21,0.6494140625,669,642,57,39,34,10
21,0.71533203125,1311,642,86,21,74,14
21,0.552734375,696,601,148,55,75,13
22,0.9111328125,1446,713,239,99,2,1
22,0.8916015625,977,676,143,74,3,2
22,0.88330078125,1639,683,203,96,4,3
22,0.5888671875,1909,719,18,87,5,4
22,0.8681640625,1152,671,161,80,6,5
22,0.8759765625,770,674,131,70,7,6
22,0.7919921875,471,640,114,75,8,7
22,0.81298828125,728,653,99,67,13,11
22,0.79443359375,329,602,107,76,19,12
22,0.56787109375,319,626,56,42,22,9
22,0.6943359375,673,642,55,40,34,10
22,0.71044921875,1293,641,86,21,74,14
22,0.60400390625,689,600,145,53,75,13
23,0.9052734375,1465,714,243,99,2,1
23,0.88818359375,985,677,144,75,3,2
23,0.89306640625,1658,684,206,97,4,3
23,0.8740234375,1163,672,164,80,6,5
23,0.87841796875,779,675,132,70,7,6
23,0.81298828125,476,640,116,75,8,7
23,0.60595703125,574,635,57,32,9,0
23,0.78515625,732,653,97,68,13,11
23,0.822265625,331,602,108,77,19,12
23,0.62060546875,320,627,61,42,22,9
23,0.6875,678,642,57,40,34,10
23,0.642578125,1273,641,89,20,74,14
23,0.68603515625,685,600,141,52,75,13
24,0.90283203125,1484,715,248,101,2,1
24,0.89111328125,993,677,146,76,3,2
24,0.89501953125,1677,685,211,98,4,3
24,0.88623046875,1173,672,167,82,6,5
24,0.88232421875,787,675,134,70,7,6
24,0.861328125,480,640,117,76,8,7
24,0.673828125,578,635,56,32,9,0
24,0.80419921875,737,653,96,67,13,11
24,0.83984375,332,601,109,75,19,12
24,0.5849609375,321,627,63,43,22,9
24,0.6669921875,682,642,54,40,34,10
24,0.53515625,1262,642,79,21,74,14
24,0.6298828125,680,600,141,51,75,13
24,0.53125,1058,650,99,58,88,4
25,0.90966796875,1504,716,252,102,2,1
25,0.884765625,1002,678,147,77,3,2
25,0.8974609375,1698,686,213,101,4,3
25,0.8955078125,1184,673,168,82,6,5
25,0.87646484375,795,676,135,71,7,6
25,0.78662109375,484,641,120,76,8,7
25,0.67919921875,582,635,54,32,9,0
25,0.80078125,742,654,98,67,13,11
25,0.8388671875,334,601,111,74,19,12
25,0.6298828125,323,627,64,43,22,9
25,0.63525390625,685,642,53,41,34,10
25,0.67578125,675,600,138,51,75,13
26,0.9052734375,1525,719,257,103,2,1
26,0.88427734375,1011,678,149,77,3,2
26,0.89697265625,1719,687,216,102,4,3
26,0.86865234375,1195,674,170,82,6,5
26,0.880859375,802,677,137,71,7,6
26,0.81640625,489,641,123,77,8,7
26,0.69287109375,585,635,59,33,9,0
26,0.7890625,749,654,98,68,13,11
26,0.5830078125,241,626,59,43,16,4
26,0.78515625,335,601,110,74,19,12
26,0.56591796875,325,628,65,44,22,9
26,0.60009765625,691,643,56,40,34,10
26,0.6494140625,671,600,136,53,75,13
27,0.91845703125,1545,721,262,105,2,1
27,0.88232421875,1019,679,150,77,3,2
27,0.900390625,1740,688,220,104,4,3
27,0.8955078125,1205,674,173,83,6,5
27,0.88720703125,811,678,138,72,7,6
27,0.79931640625,492,642,123,78,8,7
27,0.6513671875,589,636,58,33,9,0
27,0.80078125,754,655,99,69,13,11
27,0.60009765625,242,626,59,44,16,4
27,0.78515625,336,601,111,74,19,12
27,0.57568359375,328,628,65,44,22,9
27,0.73095703125,700,642,65,42,34,10
27,0.546875,666,603,131,58,75,13
28,0.92041015625,1567,722,268,106,2,1
28,0.8896484375,1029,680,150,77,3,2
28,0.89013671875,1762,689,226,105,4,3
28,0.88818359375,1216,675,176,85,6,5
28,0.87890625,819,679,140,73,7,6
28,0.69091796875,499,642,119,78,8,7
28,0.62060546875,594,636,56,34,9,0
28,0.810546875,760,656,99,69,13,11
28,0.54296875,244,626,61,45,16,4
28,0.81982421875,339,602,112,77,19,12
28,0.7373046875,702,642,59,44,34,10
28,0.5947265625,662,605,131,61,75,13
29,0.92138671875,1588,723,274,107,2,1
29,0.888671875,1038,680,153,78,3,2
29,0.8740234375,1783,690,232,106,4,3
29,0.87255859375,1228,676,177,85,6,5
29,0.90478515625,827,679,143,73,7,6
29,0.716796875,506,643,119,76,8,7
29,0.71044921875,599,636,52,33,9,0
29,0.83203125,767,656,100,69,13,11
29,0.63525390625,246,627,63,45,16,4
29,0.75927734375,340,602,113,77,19,12
29,0.64404296875,333,628,63,44,22,8
29,0.5849609375,704,642,56,44,34,10
29,0.56982421875,659,606,133,63,75,13
29,0.50390625,1513,647,107,21,101,9
30,0.9150390625,1611,724,280,109,2,1
30,0.87744140625,1047,681,155,79,3,2
30,0.88623046875,1802,691,234,107,4,3
30,0.83544921875,1239,677,179,84,6,5
30,0.89404296875,835,679,144,74,7,6
30,0.78515625,512,644,120,76,8,7
30,0.7041015625,602,636,55,35,9,0
30,0.8408203125,775,657,104,70,13,11
30,0.51171875,248,628,64,45,16,4
30,0.81298828125,343,602,115,76,19,12
30,0.69580078125,336,628,63,44,22,8
30,0.7265625,709,643,56,42,34,10
30,0.609375,655,605,131,60,75,13
30,0.56591796875,1493,647,106,21,101,9
31,0.923828125,1634,725,284,110,2,1
31,0.8896484375,1056,681,156,80,3,2
31,0.880859375,1814,692,210,107,4,3
31,0.8681640625,1254,678,176,86,6,5
31,0.8857421875,844,680,145,74,7,6
31,0.70556640625,519,645,119,77,8,7
31,0.70068359375,606,636,55,35,9,0
31,0.8310546875,781,657,105,69,13,11
31,0.56201171875,250,628,65,46,16,4
31,0.80908203125,344,603,117,79,19,12
31,0.71044921875,714,643,54,41,34,10
31,0.67724609375,648,603,131,57,75,13
31,0.57177734375,1472,647,98,20,101,9
31,0.544921875,1179,664,56,49,105,14
32,0.92236328125,1656,728,288,112,2,1
32,0.8740234375,1066,682,158,81,3,2
32,0.8798828125,1825,692,189,107,4,3
32,0.87744140625,1267,678,177,86,6,5
32,0.87255859375,853,681,147,74,7,6
32,0.74169921875,524,643,121,81,8,7
32,0.56787109375,608,636,58,36,9,0
32,0.85693359375,788,658,106,70,13,11
32,0.607421875,252,629,64,45,16,4
32,0.77880859375,347,603,118,80,19,12
32,0.59814453125,342,629,63,43,22,8
32,0.72021484375,720,644,57,41,34,10
32,0.640625,644,604,130,57,75,13
32,0.67919921875,1448,646,101,19,101,9
32,0.5908203125,1191,665,59,52,105,14
33,0.916015625,1682,730,293,114,2,1
33,0.88623046875,1075,683,161,81,3,2
33,0.85986328125,1837,692,164,108,4,3
33,0.89306640625,1281,679,179,88,6,5
33,0.8759765625,861,682,148,76,7,6
33,0.7578125,530,645,122,79,8,7
33,0.56787109375,612,636,57,35,9,0
33,0.85400390625,793,658,105,71,13,11
33,0.62060546875,255,629,64,46,16,4
33,0.79443359375,350,603,121,80,19,12
33,0.53125,345,629,64,43,22,8
33,0.72314453125,726,644,58,42,34,10
33,0.53515625,640,604,128,59,75,13
33,0.57958984375,1426,645,101,20,101,9
33,0.6806640625,1201,665,58,55,105,14
34,0.916015625,1706,731,301,115,2,1
34,0.86328125,1085,684,162,82,3,2
34,0.7890625,1846,693,146,108,4,3
34,0.8759765625,1294,680,183,89,6,5
34,0.87890625,870,682,149,77,7,6
34,0.78271484375,536,646,124,78,8,7
34,0.6806640625,618,636,56,34,9,0
34,0.79443359375,799,658,107,72,13,11
34,0.5947265625,257,629,65,46,16,4
34,0.80419921875,354,603,127,79,19,12
34,0.767578125,732,645,60,42,34,10
34,0.57177734375,637,604,124,58,75,13
34,0.501953125,207,621,44,34,93,15
34,0.513671875,1407,645,102,21,101,9
34,0.611328125,1213,667,59,58,105,14
35,0.9306640625,1731,733,305,116,2,1
35,0.865234375,1094,685,164,82,3,2
35,0.70263671875,1859,693,121,108,4,3
35,0.91162109375,1307,681,185,91,6,5
35,0.88232421875,878,683,152,76,7,6
35,0.76220703125,541,647,124,79,8,7
35,0.69287109375,621,637,55,35,9,0
35,0.82080078125,805,659,106,72,13,11
35,0.513671875,259,629,66,47,16,4
35,0.7734375,356,603,129,80,19,12
35,0.5390625,351,630,65,44,22,8
35,0.64599609375,737,645,62,42,34,10
35,0.54296875,1392,644,87,22,101,9
35,0.69580078125,1223,668,58,57,105,14
36,0.9052734375,1756,735,313,118,2,1
36,0.88232421875,1104,686,167,83,3,2
36,0.615234375,1872,692,95,101,4,3
36,0.88232421875,1320,682,188,92,6,5
36,0.875,886,684,155,77,7,6
36,0.7548828125,547,647,125,81,8,7
36,0.67724609375,626,636,54,34,9,0
36,0.82763671875,812,660,108,73,13,11
36,0.54296875,261,629,66,47,16,4
36,0.845703125,360,602,131,79,19,12
36,0.5390625,353,629,66,45,22,8
36,0.6279296875,744,646,65,42,34,10
36,0.59619140625,1234,668,61,56,105,14
37,0.892578125,1771,738,296,120,2,1
37,0.8798828125,1115,687,169,84,3,2
37,0.86865234375,1335,683,189,92,6,5
37,0.87060546875,896,684,154,77,7,6
37,0.7578125,554,647,126,82,8,7
37,0.751953125,630,637,55,34,9,0
37,0.84814453125,820,660,111,74,13,11
37,0.51953125,263,629,65,48,16,4
37,0.83447265625,361,602,133,79,19,12
37,0.6689453125,355,629,67,45,22,8
37,0.607421875,749,646,66,43,34,10
37,0.53125,212,621,43,33,93,9
37,0.63330078125,1248,669,66,57,105,14
38,0.91845703125,1783,740,272,121,2,1
38,0.90673828125,1126,688,171,85,3,2
38,0.89697265625,1349,683,192,94,6,5
38,0.87744140625,905,685,156,79,7,6
38,0.7880859375,560,648,127,81,8,7
38,0.611328125,635,638,52,35,9,0
38,0.8896484375,827,660,113,75,13,11
38,0.5908203125,265,629,65,47,16,4
38,0.8447265625,362,602,132,79,19,12
38,0.7373046875,358,629,68,45,22,8
38,0.51953125,754,646,65,43,34,10
38,0.638671875,1260,669,70,59,105,14
39,0.896484375,1795,742,248,123,2,1
39,0.8955078125,1137,688,171,86,3,2
39,0.892578125,1363,684,194,95,6,5
39,0.8916015625,914,686,158,80,7,6
39,0.80810546875,566,649,128,81,8,7
39,0.64599609375,640,637,53,36,9,0
39,0.875,832,660,112,75,13,11
39,0.57373046875,268,630,67,47,16,4
39,0.82763671875,364,602,133,79,19,12
39,0.74169921875,361,629,67,46,22,8
39,0.501953125,764,646,74,44,34,10
39,0.52734375,216,620,45,36,93,3
39,0.59814453125,1725,652,140,30,114,9
40,0.9013671875,1809,743,221,124,2,1
40,0.89111328125,1147,689,173,87,3,2
40,0.8916015625,1378,685,198,96,6,5
40,0.865234375,923,687,161,82,7,6
40,0.830078125,571,647,131,86,8,7
40,0.6279296875,643,636,53,38,9,0
40,0.87060546875,840,661,114,75,13,11
40,0.57568359375,271,630,67,48,16,4
40,0.83447265625,366,601,134,79,19,12
40,0.77197265625,364,629,68,46,22,8
40,0.67724609375,767,647,67,44,34,10
40,0.6943359375,1287,668,82,63,105,13
40,0.6318359375,1704,651,129,28,114,9
40,0.6279296875,1792,651,101,33,117,14
41,0.88330078125,1822,745,194,125,2,1
41,0.900390625,1157,690,176,88,3,2
41,0.89306640625,1393,686,200,97,6,5
41,0.8896484375,932,688,162,81,7,6
41,0.74609375,577,648,135,86,8,7
41,0.640625,648,636,52,40,9,0
41,0.8388671875,848,662,114,76,13,11
41,0.56787109375,273,630,66,48,16,4
41,0.83740234375,366,602,131,81,19,12
41,0.74609375,367,630,68,46,22,8
41,0.69921875,772,647,68,46,34,10
41,0.5234375,219,619,45,37,93,3
41,0.59619140625,1294,670,72,62,105,13
41,0.6669921875,1680,651,125,28,114,9
41,0.607421875,1772,651,99,34,117,14
42,0.865234375,1835,744,168,118,2,1
42,0.89501953125,1168,691,178,88,3,2
42,0.908203125,1408,686,203,98,6,5
42,0.87158203125,941,689,164,82,7,6
42,0.78125,582,648,137,87,8,7
42,0.845703125,855,662,118,75,13,11
42,0.57763671875,275,630,69,47,16,4
42,0.841796875,369,601,131,80,19,12
42,0.75634765625,370,630,69,47,22,8
42,0.79833984375,777,647,69,45,34,10
42,0.73095703125,1308,672,76,61,105,13
42,0.67919921875,1659,651,124,28,114,9
42,0.67578125,1750,651,98,34,117,14
43,0.85888671875,1849,744,141,115,2,1
43,0.8818359375,1180,692,180,88,3,2
43,0.8818359375,1423,688,207,98,6,5
43,0.87841796875,950,690,165,82,7,6
43,0.6259765625,590,648,136,88,8,7
43,0.5078125,662,640,41,35,9,0
43,0.84912109375,862,662,120,76,13,11
43,0.55810546875,277,631,69,47,16,4
43,0.83544921875,370,601,130,80,19,12
43,0.77978515625,372,630,68,46,22,8
43,0.79443359375,782,648,69,46,34,10
43,0.7548828125,1321,672,82,61,105,13
43,0.708984375,1728,650,98,33,117,14
44,0.84375,1863,747,112,113,2,1
44,0.892578125,1192,692,182,89,3,2
44,0.87744140625,1439,689,210,99,6,5
44,0.88330078125,959,691,167,82,7,6
44,0.70263671875,596,649,136,88,8,7
44,0.509765625,669,639,37,35,9,0
44,0.84716796875,869,662,120,78,13,11
44,0.63330078125,280,631,69,47,16,4
44,0.82080078125,371,600,128,79,19,12
44,0.71240234375,376,631,69,46,22,8
44,0.8017578125,788,648,70,46,34,10
44,0.74609375,1334,673,82,61,105,13
44,0.75634765625,1618,649,132,28,114,3
44,0.73583984375,1709,648,96,31,117,14
45,0.84814453125,1878,751,83,110,2,1
45,0.8916015625,1204,694,184,90,3,2
45,0.8916015625,1455,690,214,99,6,5
45,0.87060546875,969,692,170,83,7,6
45,0.525390625,606,651,131,86,8,7
45,0.546875,672,639,38,35,9,0
45,0.8623046875,876,663,121,78,13,11
45,0.609375,283,632,68,48,16,4
45,0.85400390625,372,600,125,79,19,12
45,0.67578125,379,631,69,46,22,8
45,0.767578125,795,648,70,45,34,10
45,0.80419921875,1347,674,86,62,105,13
45,0.66015625,1600,649,121,27,114,3
45,0.767578125,1689,648,95,32,117,14
46,0.5908203125,1893,757,50,101,2,1
46,0.888671875,1216,694,187,90,3,2
46,0.87890625,1471,691,218,101,6,5
46,0.873046875,979,692,171,85,7,6
46,0.57177734375,615,652,130,86,8,7
46,0.84716796875,884,663,122,78,13,11
46,0.66357421875,286,632,68,48,16,4
46,0.83544921875,374,600,125,79,19,12
46,0.732421875,382,632,69,46,22,8
46,0.75048828125,802,648,74,46,34,10
46,0.76220703125,1360,675,89,63,105,13
46,0.673828125,1585,648,114,27,114,3
46,0.74755859375,1669,648,95,32,117,14
47,0.5947265625,1909,757,18,80,2,1
47,0.896484375,1227,695,189,91,3,2
47,0.87255859375,1488,693,221,99,6,5
47,0.87890625,988,693,175,85,7,6
47,0.5927734375,621,652,132,87,8,7
47,0.85009765625,892,664,125,80,13,11
47,0.6689453125,287,632,70,49,16,4
47,0.8408203125,377,600,128,79,19,12
47,0.80322265625,385,632,70,47,22,8
47,0.767578125,808,649,75,46,34,10
47,0.556640625,564,618,112,83,75,0
47,0.810546875,1372,676,89,63,105,13
47,0.609375,1571,648,98,28,114,3
47,0.75927734375,1651,648,91,32,117,14
48,0.90283203125,1240,696,191,94,3,2
48,0.8759765625,1505,695,224,99,6,5
48,0.892578125,998,694,177,85,7,6
48,0.75927734375,625,653,137,87,8,7
48,0.85595703125,898,664,124,82,13,11
48,0.609375,289,632,72,49,16,4
48,0.85498046875,377,600,124,78,19,12
48,0.81640625,388,632,71,46,22,8
48,0.767578125,814,650,75,46,34,10
48,0.7646484375,1385,677,90,63,105,13
48,0.69921875,1634,647,94,31,117,14
49,0.89501953125,1253,697,194,93,3,2
49,0.88720703125,1522,697,227,98,6,5
49,0.88232421875,1008,695,177,85,7,6
49,0.822265625,630,652,144,90,8,7
49,0.8447265625,907,665,125,81,13,11
49,0.689453125,291,632,73,49,16,4
49,0.85107421875,382,600,131,79,19,12
49,0.82080078125,392,632,72,47,22,8
49,0.7431640625,821,650,76,47,34,10
49,0.642578125,568,619,113,85,75,0
49,0.82763671875,1399,676,91,64,105,13
49,0.662109375,1616,647,95,29,117,14
50,0.8916015625,1266,698,196,93,3,2
50,0.9052734375,1540,698,232,100,6,5
50,0.8896484375,1019,696,178,86,7,6
50,0.78515625,637,652,146,92,8,7
50,0.85693359375,915,665,128,83,13,11
50,0.71533203125,294,632,71,49,16,4
50,0.841796875,384,600,132,80,19,12
50,0.83740234375,394,632,72,47,22,8
50,0.81884765625,828,650,77,47,34,10
50,0.6298828125,571,619,115,86,75,0
50,0.80078125,1414,677,95,63,105,13
50,0.67724609375,1599,647,93,31,117,14
51,0.9033203125,1279,700,200,94,3,2
51,0.90283203125,1558,699,237,103,6,5
51,0.88818359375,1028,697,182,87,7,6
51,0.796875,644,653,147,91,8,7
51,0.84814453125,922,665,127,84,13,11
51,0.68408203125,297,632,70,50,16,4
51,0.83203125,385,600,132,80,19,12
51,0.81982421875,397,632,72,48,22,8
51,0.82080078125,834,649,78,49,34,10
51,0.611328125,576,619,117,85,75,0
51,0.80908203125,1427,678,96,63,105,13
52,0.8984375,1293,700,201,95,3,2
52,0.8857421875,1577,701,242,102,6,5
52,0.875,1039,698,185,88,7,6
52,0.8056640625,651,653,148,93,8,7
52,0.85400390625,931,666,129,83,13,11
52,0.7216796875,299,632,72,49,16,4
52,0.82421875,386,599,130,79,19,12
52,0.80810546875,401,632,73,48,22,8
52,0.82421875,841,650,79,49,34,10
52,0.67236328125,567,620,108,86,75,0
52,0.517578125,147,624,88,32,94,1
52,0.546875,1442,679,98,64,105,13
53,0.90576171875,1306,701,205,96,3,2
53,0.88818359375,1596,702,246,103,6,5
53,0.88720703125,1049,699,188,89,7,6
53,0.8232421875,657,655,150,92,8,7
53,0.85009765625,940,667,132,83,13,11
53,0.70068359375,301,632,71,50,16,4
53,0.83203125,389,601,132,81,19,12
53,0.77734375,404,632,73,48,22,8
53,0.740234375,847,650,80,51,34,10
53,0.7294921875,1456,680,99,63,105,13
54,0.908203125,1320,702,208,97,3,2
54,0.8857421875,1617,702,250,106,6,5
54,0.88330078125,1059,700,189,90,7,6
54,0.83544921875,665,656,151,91,8,7
54,0.85009765625,947,668,131,83,13,11
54,0.7578125,303,633,74,50,16,4
54,0.82666015625,393,601,132,82,19,12
54,0.7734375,408,632,74,49,22,8
54,0.71240234375,857,650,89,51,34,10
54,0.76904296875,1470,681,101,65,105,13
54,0.57958984375,1441,643,94,22,114,0
55,0.89697265625,1334,704,212,97,3,2
55,0.87841796875,1637,702,254,108,6,5
55,0.89404296875,1070,701,193,90,7,6
55,0.7607421875,672,656,153,91,8,7
55,0.845703125,956,668,132,83,13,11
55,0.708984375,305,633,74,51,16,4
55,0.87060546875,395,601,133,81,19,12
55,0.7607421875,410,633,75,49,22,8
55,0.796875,862,650,87,51,34,10
55,0.806640625,1485,681,102,66,105,13
56,0.89990234375,1349,704,214,98,3,2
56,0.8662109375,1657,704,260,107,6,5
56,0.89501953125,1079,702,195,91,7,6
56,0.81396484375,679,657,156,92,8,7
56,0.8623046875,965,669,135,86,13,11
56,0.70263671875,307,633,76,52,16,4
56,0.865234375,398,601,135,81,19,12
56,0.73095703125,413,633,76,49,22,8
56,0.830078125,868,651,84,53,34,10
56,0.515625,248,625,50,32,93,0
56,0.80908203125,1503,682,110,67,105,13
56,0.5849609375,1499,644,83,28,117,1
56,0.57373046875,594,635,73,56,119,3
57,0.89990234375,1363,706,218,100,3,2
57,0.8671875,1677,708,263,106,6,5
57,0.90576171875,1091,702,197,92,7,6
57,0.810546875,685,657,160,93,8,7
57,0.85791015625,974,669,137,85,13,11
57,0.70263671875,311,633,75,52,16,4
57,0.85498046875,400,600,135,80,19,12
57,0.68408203125,416,633,78,50,22,8
57,0.79443359375,875,651,84,52,34,10
57,0.513671875,249,625,48,33,93,0
57,0.8232421875,1519,683,113,68,105,13
57,0.640625,1399,642,96,24,114,9
57,0.7265625,1485,643,83,27,117,1
57,0.537109375,597,636,76,57,119,3
58,0.892578125,1379,707,221,100,3,2
58,0.875,1698,709,269,107,6,5
58,0.90283203125,1102,703,199,93,7,6
58,0.8427734375,693,658,161,93,8,7
58,0.85498046875,983,669,138,85,13,11
58,0.73388671875,313,634,76,52,16,4
58,0.85498046875,401,601,136,81,19,12
58,0.689453125,419,633,79,51,22,8
58,0.8173828125,882,651,85,52,34,10
58,0.5234375,251,625,49,34,93,0
58,0.8173828125,1535,685,116,70,105,13
58,0.63330078125,1384,643,98,25,114,9
58,0.69921875,1470,643,85,29,117,1
58,0.5947265625,602,636,80,57,119,3
59,0.90185546875,1394,708,225,102,3,2
59,0.87744140625,1722,710,273,109,6,5
59,0.90380859375,1113,704,202,93,7,6
59,0.80322265625,701,659,161,93,8,7
59,0.85791015625,992,670,140,87,13,11
59,0.73583984375,316,633,76,51,16,4
59,0.85400390625,403,601,137,81,19,12
59,0.66015625,423,633,80,51,22,8
59,0.8154296875,889,652,86,54,34,10
59,0.56591796875,253,625,49,35,93,0
59,0.83544921875,1553,685,119,71,105,13
59,0.61865234375,1370,643,97,24,114,9
59,0.7744140625,1456,643,86,28,117,1
59,0.638671875,608,636,85,56,119,3
60,0.90869140625,1410,708,228,104,3,2
60,0.8818359375,1745,711,278,109,6,5
60,0.90966796875,1125,705,204,94,7,6
60,0.7548828125,709,660,163,95,8,7
60,0.8623046875,1001,671,141,88,13,11
60,0.763671875,318,633,77,51,16,4
60,0.830078125,404,601,137,82,19,12
60,0.6875,427,633,79,51,22,8
60,0.80810546875,896,652,87,55,34,10
60,0.56982421875,255,624,47,34,93,0
60,0.841796875,1570,686,124,73,105,13
60,0.70263671875,1355,643,98,24,114,9
60,0.70556640625,1442,642,86,28,117,1
60,0.63330078125,613,636,88,56,119,3
61,0.9013671875,1426,710,230,104,3,2
61,0.8857421875,1767,713,282,110,6,5
61,0.908203125,1136,706,206,95,7,6
61,0.8427734375,716,660,165,96,8,7
61,0.85302734375,1010,672,143,88,13,11
61,0.76611328125,321,634,75,51,16,4
61,0.79296875,406,601,135,81,19,12
61,0.55078125,430,633,82,51,22,8
61,0.8232421875,903,654,87,51,34,10
61,0.81982421875,1588,687,128,74,105,13
61,0.56005859375,1345,642,90,23,114,9
61,0.80322265625,1428,643,84,29,117,1
62,0.90576171875,1442,711,233,105,3,2
62,0.9033203125,1782,715,274,113,6,5
62,0.9091796875,1147,707,209,96,7,6
62,0.79296875,725,660,165,96,8,7
62,0.8623046875,1020,672,147,90,13,11
62,0.7734375,324,634,75,52,16,4
62,0.83984375,408,601,134,81,19,12
62,0.70068359375,433,633,83,52,22,8
62,0.82421875,910,655,89,50,34,10
62,0.7841796875,1607,688,133,74,105,13
62,0.689453125,1330,641,91,22,114,9
62,0.7705078125,1414,642,83,29,117,1
62,0.53515625,625,636,94,57,119,0
63,0.908203125,1459,712,238,106,3,2
63,0.89697265625,1793,715,253,114,6,5
63,0.9111328125,1159,708,210,98,7,6
63,0.6875,731,661,168,97,8,7
63,0.84912109375,1029,673,149,91,13,11
63,0.75634765625,327,634,75,52,16,4
63,0.84912109375,410,601,134,82,19,12
63,0.63525390625,438,633,82,53,22,8
63,0.8310546875,918,655,91,50,34,10
63,0.79833984375,1624,689,133,75,105,13
63,0.7041015625,1316,641,90,23,114,9
63,0.76220703125,1400,642,83,28,117,1
63,0.56005859375,630,637,94,59,119,0
64,0.90380859375,1477,713,242,107,3,2
64,0.9150390625,1804,717,230,114,6,5
64,0.9130859375,1171,709,213,98,7,6
64,0.85400390625,739,662,171,99,8,7
64,0.85595703125,1040,673,152,90,13,11
64,0.79296875,330,635,77,52,16,4
64,0.85693359375,412,601,135,82,19,12
64,0.57568359375,442,633,81,54,22,8
64,0.845703125,926,656,92,51,34,10
64,0.8310546875,1642,690,137,76,105,13
64,0.740234375,1302,640,91,23,114,9
64,0.7646484375,1386,642,85,28,117,1
64,0.57373046875,636,637,97,59,119,0
65,0.89990234375,1494,714,245,108,3,2
65,0.91162109375,1816,718,206,116,6,5
65,0.9130859375,1183,710,216,99,7,6
65,0.85791015625,747,662,173,100,8,7
65,0.85791015625,1049,674,153,91,13,11
65,0.78125,333,635,78,53,16,4
65,0.8447265625,415,601,136,81,19,12
65,0.546875,445,633,82,55,22,8
65,0.8291015625,934,656,93,51,34,10
65,0.513671875,267,626,49,35,93,3
65,0.84716796875,1662,692,138,77,105,13
65,0.70263671875,1289,640,93,23,114,9
65,0.77880859375,1374,641,84,28,117,1
65,0.72021484375,641,637,97,60,119,0
65,0.55810546875,1793,685,173,74,140,14
66,0.896484375,1511,715,248,110,3,2
66,0.89697265625,1827,721,184,114,6,5
66,0.91162109375,1195,711,219,101,7,6
66,0.8056640625,756,663,174,100,8,7
66,0.8642578125,1060,675,155,92,13,11
66,0.76904296875,335,635,78,53,16,4
66,0.74169921875,417,601,137,82,19,12
66,0.845703125,942,656,95,54,34,10
66,0.53125,269,626,48,35,93,3
66,0.84912109375,1682,693,145,78,105,13
66,0.6669921875,1278,640,89,23,114,9
66,0.7705078125,1361,640,84,28,117,1
66,0.74609375,647,637,100,60,119,0
66,0.60400390625,1813,688,174,79,140,14
67,0.90478515625,1529,717,253,113,3,2
67,0.896484375,1839,721,161,110,6,5
67,0.91064453125,1207,713,223,101,7,6
67,0.81982421875,764,663,176,101,8,7
67,0.880859375,1071,675,158,93,13,11
67,0.8056640625,338,635,78,53,16,4
67,0.642578125,420,606,141,93,19,12
67,0.85693359375,950,655,96,56,34,10
67,0.810546875,1701,694,149,79,105,13
67,0.69287109375,1266,640,85,22,114,9
67,0.79443359375,1347,640,84,27,117,1
67,0.78662109375,653,637,102,59,119,0
68,0.91796875,1548,719,257,114,3,2
68,0.87255859375,1850,722,138,108,6,5
68,0.9111328125,1219,713,226,102,7,6
68,0.873046875,773,664,176,102,8,7
68,0.85986328125,1081,676,161,94,13,11
68,0.8017578125,341,636,79,54,16,4
68,0.638671875,422,603,140,86,19,12
68,0.830078125,958,656,96,55,34,10
68,0.81396484375,1721,695,152,80,105,13
68,0.59619140625,1254,640,82,22,114,9
68,0.77978515625,1335,639,86,27,117,1
68,0.74609375,659,638,103,60,119,0
69,0.9189453125,1568,720,262,115,3,2
69,0.85107421875,1862,723,114,105,6,5
69,0.90185546875,1232,714,228,103,7,6
69,0.810546875,781,664,178,103,8,7
69,0.87255859375,1090,677,163,95,13,11
69,0.77880859375,343,636,80,54,16,4
69,0.5927734375,427,608,144,96,19,12
69,0.83984375,966,657,98,53,34,10
69,0.84375,1743,696,157,81,105,13
69,0.76611328125,1322,639,84,26,117,1
69,0.75341796875,664,638,102,61,119,0
69,0.638671875,1857,694,125,83,140,3
70,0.90576171875,1588,721,266,115,3,2
70,0.79931640625,1875,723,89,105,6,5
70,0.9013671875,1243,715,234,104,7,6
70,0.841796875,790,665,180,104,8,7
70,0.82568359375,1101,678,166,96,13,11
70,0.76904296875,347,636,78,54,16,4
70,0.51171875,201,631,47,34,18,8
70,0.81884765625,430,610,148,102,19,12
70,0.84912109375,975,658,100,54,34,10
70,0.8232421875,1763,697,159,83,105,13
70,0.76611328125,1310,638,83,26,117,1
70,0.70751953125,670,639,104,62,119,0
70,0.65673828125,1868,696,103,86,140,3
70,0.5,1835,648,120,34,160,9
71,0.90869140625,1607,722,272,116,3,2
71,0.75048828125,1887,728,64,101,6,5
71,0.89697265625,1258,716,235,105,7,6
71,0.82763671875,798,665,183,105,8,7
71,0.87060546875,1112,678,170,97,13,11
71,0.767578125,349,636,78,54,16,4
71,0.77734375,430,605,143,93,19,12
71,0.505859375,467,634,89,58,22,14
71,0.83447265625,983,659,101,54,34,10
71,0.85693359375,1783,699,162,84,105,13
71,0.509765625,1214,642,88,28,114,15
71,0.75341796875,1298,639,83,27,117,1
71,0.74169921875,676,639,105,63,119,0
71,0.70751953125,1880,698,79,87,140,3
71,0.67236328125,1807,650,140,39,160,9
72,0.900390625,1628,724,277,118,3,2
72,0.5390625,1898,734,42,88,6,5
72,0.90576171875,1272,718,239,107,7,6
72,0.84716796875,807,666,185,106,8,7
72,0.87744140625,1121,679,171,98,13,11
72,0.80322265625,353,636,79,55,16,4
72,0.8427734375,433,604,144,91,19,12
72,0.67919921875,471,634,88,58,22,14
72,0.85595703125,992,659,102,54,34,10
72,0.8681640625,1806,700,167,86,105,13
72,0.546875,1209,642,78,29,114,15
72,0.72509765625,1286,638,82,28,117,1
72,0.72021484375,682,639,105,63,119,0
72,0.50390625,1892,700,55,88,140,3
72,0.63525390625,1783,649,145,38,160,9
73,0.9091796875,1649,726,281,119,3,2
73,0.91162109375,1284,719,242,109,7,6
73,0.85595703125,816,667,188,106,8,7
73,0.8740234375,1132,680,172,99,13,11
73,0.80810546875,356,637,80,55,16,4
73,0.796875,435,603,145,90,19,12
73,0.525390625,475,635,88,57,22,14
73,0.84814453125,1001,660,103,54,34,10
73,0.5078125,292,625,52,38,93,8
73,0.8740234375,1827,702,168,87,105,13
73,0.62451171875,1200,643,69,33,114,15
73,0.6806640625,1273,639,85,27,117,1
73,0.5830078125,688,640,105,63,119,0
73,0.63720703125,1905,711,29,88,140,3
74,0.90478515625,1669,727,286,122,3,2
74,0.9150390625,1299,720,244,110,7,6
74,0.8447265625,825,668,189,107,8,7
74,0.8740234375,1143,680,174,100,13,11
74,0.79052734375,359,636,80,55,16,4
74,0.8310546875,437,602,145,89,19,12
74,0.6259765625,479,635,90,58,22,14
74,0.85595703125,1010,661,104,55,34,10
74,0.50390625,296,625,49,37,93,8
74,0.5,162,626,49,35,94,5
74,0.8916015625,1841,703,156,87,105,13
74,0.5869140625,1261,644,88,36,117,1
74,0.5546875,694,640,108,63,119,0
75,0.89404296875,1692,728,292,122,3,2
75,0.91845703125,1313,722,250,111,7,6
75,0.82421875,834,669,190,108,8,7
75,0.861328125,1155,680,178,102,13,11
75,0.810546875,362,636,80,56,16,4
75,0.8427734375,438,601,145,88,19,12
75,0.662109375,484,635,89,57,22,14
75,0.85693359375,1018,661,106,55,34,10
75,0.5830078125,163,626,48,34,94,5
75,0.8798828125,1852,704,135,87,105,13
75,0.67919921875,1249,645,87,40,117,1
75,0.51171875,699,640,106,63,119,0
75,0.5927734375,1721,653,141,50,160,3
76,0.91064453125,1715,731,298,122,3,2
76,0.91650390625,1327,722,252,110,7,6
76,0.85791015625,843,669,193,109,8,7
76,0.861328125,1166,680,180,103,13,11
76,0.8115234375,365,636,80,56,16,4
76,0.5078125,218,632,39,30,18,8
76,0.8115234375,441,601,147,88,19,12
76,0.638671875,488,636,88,57,22,14
76,0.85400390625,1027,662,107,54,34,10
76,0.53515625,296,628,49,33,93,9
76,0.63720703125,164,626,48,34,94,5
76,0.845703125,1863,703,112,83,105,13
76,0.62451171875,1244,645,75,40,117,1
76,0.662109375,706,641,107,64,119,0
76,0.7431640625,1701,649,140,43,160,3
77,0.908203125,1739,733,305,124,3,2
77,0.91357421875,1341,723,255,112,7,6
77,0.85302734375,853,670,195,110,8,7
77,0.8857421875,1178,680,182,103,13,11
77,0.80322265625,368,637,82,56,16,4
77,0.5849609375,219,632,38,31,18,8
77,0.83544921875,442,601,146,90,19,12
77,0.66015625,492,636,90,58,22,14
77,0.85888671875,1036,662,111,55,34,10
77,0.509765625,166,626,48,35,94,5
77,0.81640625,1875,701,88,76,105,13
77,0.60009765625,712,641,109,64,119,0
77,0.75341796875,1684,648,135,39,160,3
78,0.91259765625,1761,735,309,126,3,2
78,0.92578125,1356,724,259,112,7,6
78,0.88232421875,861,671,198,111,8,7
78,0.87841796875,1189,682,185,103,13,11
78,0.7841796875,370,637,83,57,16,4
78,0.63330078125,221,633,38,31,18,8
78,0.845703125,445,601,146,89,19,12
78,0.72021484375,498,636,88,58,22,14
78,0.861328125,1046,663,113,55,34,10
78,0.5830078125,300,630,48,32,93,1
78,0.5830078125,168,626,48,35,94,5
78,0.7216796875,1887,701,65,71,105,13
78,0.57568359375,719,641,111,65,119,0
78,0.7548828125,1667,647,133,38,160,3
79,0.91357421875,1774,737,290,128,3,2
79,0.91943359375,1372,725,263,114,7,6
79,0.85595703125,871,672,200,113,8,7
79,0.8310546875,1200,683,188,103,13,11
79,0.7890625,374,637,82,57,16,4
79,0.66015625,222,633,38,32,18,8
79,0.83544921875,447,600,146,88,19,12
79,0.62451171875,500,636,95,58,22,14
79,0.85205078125,1055,663,114,56,34,10
79,0.60205078125,303,629,47,33,93,1
79,0.5908203125,1898,696,42,62,105,13
79,0.56005859375,1125,642,69,33,114,9
79,0.77978515625,726,642,112,65,119,0
79,0.77197265625,1649,646,132,36,160,3
80,0.9130859375,1785,738,269,129,3,2
80,0.91845703125,1387,727,266,115,7,6
80,0.77197265625,882,672,201,114,8,7
80,0.88330078125,1213,684,190,104,13,11
80,0.79931640625,377,638,82,57,16,4
80,0.64404296875,223,633,39,33,18,8
80,0.81298828125,449,601,146,89,19,12
80,0.75341796875,505,637,94,59,22,14
80,0.85205078125,1066,664,117,57,34,10
80,0.58154296875,306,630,47,33,93,1
80,0.54296875,174,626,50,35,94,5
80,0.5927734375,1118,642,60,33,114,9
80,0.58154296875,732,642,113,65,119,0
80,0.767578125,1631,645,132,36,160,3
81,0.90869140625,1797,739,245,129,3,2
81,0.92578125,1403,728,270,115,7,6
81,0.75927734375,891,673,202,116,8,7
81,0.88330078125,1224,685,193,105,13,11
81,0.7919921875,380,638,83,57,16,4
81,0.6806640625,225,633,41,34,18,8
81,0.822265625,453,601,147,89,19,12
81,0.7734375,511,638,88,58,22,14
81,0.85693359375,1075,664,119,58,34,10
81,0.59619140625,307,630,50,34,93,1
81,0.5830078125,1111,643,62,33,114,9
81,0.72509765625,739,643,113,67,119,0
81,0.77587890625,1615,645,128,36,160,3
82,0.9208984375,1808,742,222,131,3,2
82,0.92578125,1419,729,275,117,7,6
82,0.87841796875,901,673,206,116,8,7
82,0.892578125,1236,686,197,105,13,11
82,0.80419921875,383,638,84,57,16,4
82,0.67578125,226,633,42,32,18,8
82,0.87744140625,455,601,147,90,19,12
82,0.73583984375,513,638,90,58,22,14
82,0.85205078125,1085,665,120,59,34,10
82,0.5908203125,309,629,52,36,93,1
82,0.57958984375,746,643,114,68,119,0
82,0.79833984375,1598,645,126,36,160,3
82,0.556640625,1861,656,113,56,180,5
83,0.9111328125,1821,743,197,131,3,2
83,0.91259765625,1436,731,279,118,7,6
83,0.87841796875,910,674,207,118,8,7
83,0.9072265625,1248,687,198,106,13,11
83,0.810546875,387,639,85,58,16,4
83,0.59619140625,226,633,46,33,18,8
83,0.87744140625,457,601,147,90,19,12
83,0.751953125,519,638,89,59,22,14
83,0.83642578125,1095,662,121,65,34,10
83,0.607421875,313,628,54,37,93,1
83,0.69091796875,1164,643,74,39,117,9
83,0.59619140625,753,644,115,68,119,0
83,0.79052734375,1583,644,125,35,160,3
83,0.67578125,1848,652,141,53,180,5
84,0.90380859375,1833,742,172,126,3,2
84,0.90283203125,1452,733,283,119,7,6
84,0.8740234375,921,675,207,119,8,7
84,0.900390625,1260,687,202,106,13,11
84,0.830078125,391,639,86,59,16,4
84,0.529296875,229,633,46,34,18,8
84,0.83544921875,459,602,147,90,19,12
84,0.72509765625,525,638,91,59,22,14
84,0.85302734375,1105,665,123,60,34,10
84,0.69580078125,316,627,56,38,93,1
84,0.7373046875,1158,643,68,39,117,9
84,0.69775390625,761,644,117,68,119,0
84,0.7744140625,1566,643,123,35,160,3
84,0.51171875,1832,648,174,47,180,5
85,0.884765625,1846,741,147,124,3,2
85,0.90966796875,1469,734,287,121,7,6
85,0.8427734375,931,676,210,121,8,7
85,0.892578125,1273,688,206,107,13,11
85,0.82568359375,394,639,86,58,16,4
85,0.505859375,231,633,45,34,18,8
85,0.83740234375,462,602,149,92,19,12
85,0.7705078125,530,638,92,60,22,14
85,0.83642578125,1114,667,123,59,34,10
85,0.69287109375,317,627,57,39,93,1
85,0.71044921875,1151,644,71,39,117,9
85,0.66357421875,769,644,120,69,119,0
85,0.505859375,267,619,51,39,142,13
85,0.76220703125,1551,643,121,35,160,3
85,0.53125,126,609,28,21,169,15
86,0.88232421875,1859,743,121,122,3,2
86,0.92236328125,1486,736,293,122,7,6
86,0.8759765625,940,677,213,122,8,7
86,0.89404296875,1287,689,211,109,13,11
86,0.79052734375,397,639,86,58,16,4
86,0.64794921875,233,632,43,33,18,8
86,0.8447265625,465,602,151,92,19,12
86,0.810546875,536,639,92,58,22,14
86,0.84814453125,1126,667,125,59,34,10
86,0.7138671875,319,627,57,40,93,1
86,0.71875,1057,650,74,50,114,5
86,0.63330078125,776,645,122,69,119,0
86,0.505859375,269,619,50,39,142,13
86,0.751953125,1536,642,118,34,160,3
87,0.8623046875,1872,745,93,122,3,2
87,0.91650390625,1504,737,296,124,7,6
87,0.888671875,950,678,215,123,8,7
87,0.90185546875,1299,690,215,110,13,11
87,0.8291015625,400,639,87,59,16,4
87,0.62451171875,234,633,43,34,18,8
87,0.830078125,468,602,151,92,19,12
87,0.71533203125,538,639,98,59,22,14
87,0.85302734375,1136,667,126,61,34,10
87,0.71875,320,627,58,41,93,1
87,0.70263671875,784,645,122,70,119,0
87,0.67578125,1521,642,118,34,160,3
87,0.80322265625,1763,645,214,43,180,9
87,0.53125,1137,632,62,19,193,15
88,0.85400390625,1886,750,66,117,3,2
88,0.9091796875,1522,738,301,126,7,6
88,0.875,960,679,220,124,8,7
88,0.89990234375,1313,691,218,110,13,11
88,0.80078125,404,639,87,60,16,4
88,0.63525390625,238,633,48,34,18,8
88,0.83984375,470,602,152,92,19,12
88,0.79833984375,544,639,95,59,22,14
88,0.86962890625,1147,668,130,61,34,10
88,0.68603515625,322,628,59,43,93,1
88,0.6259765625,791,645,124,71,119,0
88,0.64404296875,1504,641,116,35,160,3
88,0.7841796875,1732,645,211,43,180,9
89,0.7744140625,1899,756,37,106,3,2
89,0.91162109375,1541,740,307,128,7,6
89,0.880859375,971,680,222,124,8,7
89,0.9033203125,1327,693,223,112,13,11
89,0.7958984375,407,639,88,61,16,4
89,0.716796875,474,602,153,93,19,12
89,0.810546875,550,640,95,59,22,14
89,0.861328125,1157,668,132,62,34,10
89,0.7138671875,323,628,60,42,93,1
89,0.6533203125,799,646,127,72,119,0
89,0.68603515625,1491,641,115,34,160,3
89,0.63330078125,1703,644,204,43,180,9
90,0.923828125,1560,741,313,129,7,6
90,0.873046875,981,681,224,125,8,7
90,0.8916015625,1341,693,225,114,13,11
90,0.78271484375,410,640,88,62,16,4
90,0.541015625,242,634,52,37,18,5
90,0.66357421875,555,641,96,60,22,14
90,0.875,1169,669,132,63,34,10
90,0.72314453125,326,628,59,43,93,1
90,0.501953125,806,647,126,72,119,0
90,0.70751953125,1477,640,114,34,160,3
90,0.7138671875,1673,643,198,42,180,9
91,0.9150390625,1579,743,317,129,7,6
91,0.8310546875,992,682,227,128,8,7
91,0.892578125,1355,694,228,115,13,11
91,0.79931640625,414,640,89,62,16,4
91,0.7431640625,479,604,154,97,19,2
91,0.80810546875,561,641,95,61,22,14
91,0.86328125,1180,670,136,63,34,10
91,0.763671875,328,629,60,43,93,1
91,0.56005859375,1095,649,67,54,117,8
91,0.66552734375,814,647,126,72,119,0
91,0.74755859375,1464,640,111,34,160,3
91,0.7431640625,1644,642,191,41,180,9
92,0.923828125,1599,744,323,131,7,6
92,0.88720703125,1004,683,228,130,8,7
92,0.9052734375,1368,695,233,116,13,11
92,0.8427734375,417,640,91,62,16,4
92,0.541015625,247,635,51,36,18,5
92,0.8671875,480,606,158,101,19,2
92,0.8291015625,566,641,95,61,22,14
92,0.8662109375,1191,670,138,64,34,10
92,0.7607421875,331,628,59,43,93,1
92,0.513671875,822,647,129,73,119,0
92,0.66015625,1454,640,101,34,160,3
92,0.689453125,1617,642,186,40,180,9
93,0.92724609375,1619,745,329,132,7,6
93,0.8798828125,1015,684,232,132,8,7
93,0.8798828125,1382,695,236,116,13,11
93,0.8623046875,420,641,91,61,16,4
93,0.85888671875,480,607,164,102,19,2
93,0.845703125,572,641,96,61,22,14
93,0.85791015625,1202,671,138,65,34,10
93,0.78515625,334,628,59,44,93,1
93,0.556640625,198,631,58,42,94,8
93,0.505859375,830,648,129,73,119,0
93,0.64404296875,1445,640,90,36,160,3
93,0.56396484375,1593,641,184,40,180,9
94,0.93115234375,1640,748,335,134,7,6
94,0.89404296875,1026,685,236,134,8,7
94,0.8955078125,1395,696,239,117,13,11
94,0.86328125,424,641,92,61,16,4
94,0.52734375,248,643,52,52,18,5
94,0.822265625,483,607,165,103,19,2
94,0.85107421875,577,641,96,62,22,14
94,0.85693359375,1214,671,141,65,34,10
94,0.77587890625,337,628,60,44,93,1
94,0.673828125,838,648,131,73,119,0
94,0.552734375,1433,641,89,38,160,3
95,0.9287109375,1661,749,343,135,7,6
95,0.86865234375,1038,685,239,136,8,7
95,0.8984375,1410,697,244,119,13,11
95,0.84716796875,427,641,95,61,16,4
95,0.73876953125,489,606,163,102,19,2
95,0.830078125,583,642,97,63,22,14
95,0.85986328125,1225,672,142,66,34,10
95,0.7880859375,339,628,61,44,93,1
95,0.5234375,202,631,57,42,94,8
95,0.62060546875,846,649,132,74,119,0
95,0.61669921875,1540,640,172,41,180,9
95,0.57763671875,846,649,132,73,195,12
96,0.92431640625,1682,752,349,137,7,6
96,0.896484375,1050,687,242,137,8,7
96,0.88623046875,1424,698,245,119,13,11
96,0.85205078125,431,642,95,61,16,4
96,0.71044921875,493,605,162,100,19,2
96,0.78125,590,642,93,63,22,14
96,0.8662109375,1238,673,145,67,34,10
96,0.75634765625,342,629,62,45,93,1
96,0.505859375,854,649,133,74,119,0
96,0.537109375,1524,639,156,40,180,9
96,0.6533203125,854,649,133,73,195,12
97,0.921875,1704,754,354,139,7,6
97,0.88330078125,1062,688,245,139,8,7
97,0.89892578125,1439,699,250,121,13,11
97,0.84814453125,434,642,97,61,16,4
97,0.609375,493,603,168,97,19,2
97,0.7548828125,595,642,95,63,22,14
97,0.861328125,1250,674,145,67,34,10
97,0.78662109375,344,629,62,46,93,1
97,0.6298828125,862,650,134,74,119,0
98,0.9228515625,1727,757,361,140,7,6
98,0.896484375,1075,690,247,140,8,7
98,0.91845703125,1454,701,255,122,13,11
98,0.83203125,439,642,97,62,16,4
98,0.60205078125,495,604,167,99,19,2
98,0.84375,600,642,97,64,22,14
98,0.85888671875,1263,674,145,68,34,10
98,0.7431640625,348,629,62,46,93,1
98,0.60205078125,961,648,64,49,114,3
98,0.53515625,872,650,137,75,119,0
98,0.546875,872,651,137,75,195,5
98,0.80419921875,1853,620,130,100,213,8
99,0.92431640625,1743,758,353,143,7,6
99,0.90185546875,1086,691,251,141,8,7
99,0.9130859375,1469,700,259,125,13,11
99,0.85791015625,442,642,98,62,16,4
99,0.73583984375,500,605,165,101,19,2
99,0.76611328125,604,643,101,64,22,14
99,0.85205078125,1275,674,145,69,34,10
99,0.716796875,351,629,62,46,93,1
99,0.57763671875,1361,645,98,45,217,9
100,0.91552734375,1752,760,334,144,7,6
100,0.865234375,1099,692,256,144,8,7
100,0.9033203125,1485,700,263,128,13,11
100,0.8447265625,445,642,99,63,16,4
100,0.80908203125,504,603,163,99,19,2
100,0.79931640625,608,643,104,64,22,14
100,0.85302734375,1288,675,148,69,34,10
100,0.74609375,354,629,62,46,93,1
100,0.64599609375,890,652,140,76,119,0
100,0.607421875,1828,616,181,105,213,3
101,0.9150390625,1764,762,310,144,7,6
101,0.896484375,1113,694,262,146,8,7
101,0.9150390625,1500,701,267,129,13,11
101,0.82080078125,449,643,100,63,16,4
101,0.79931640625,507,603,164,98,19,2
101,0.830078125,614,643,105,65,22,14
101,0.85986328125,1301,676,150,70,34,10
101,0.73095703125,356,629,62,46,93,1
101,0.54296875,992,655,58,46,117,5
101,0.708984375,898,652,140,76,119,0
101,0.7880859375,1815,616,205,108,213,3
101,0.67236328125,1387,646,109,53,217,8
101,0.5830078125,897,652,140,76,222,9
102,0.9248046875,1775,764,289,146,7,6
102,0.9091796875,1126,696,265,148,8,7
102,0.9013671875,1516,704,272,127,13,11
102,0.83349609375,453,643,101,63,16,4
102,0.541015625,269,636,47,38,18,12
102,0.80810546875,510,604,166,100,19,2
102,0.83544921875,621,644,103,66,22,14
102,0.8623046875,1314,677,151,71,34,10
102,0.75341796875,359,630,62,46,93,1
102,0.5908203125,996,655,68,47,117,5
102,0.552734375,906,653,141,77,119,0
102,0.85009765625,1802,615,229,109,213,3
102,0.50390625,905,653,140,78,222,9
103,0.91552734375,1786,766,266,148,7,6
103,0.908203125,1140,697,269,149,8,7
103,0.91748046875,1533,706,275,127,13,11
103,0.8310546875,457,643,101,63,16,4
103,0.61328125,271,637,48,36,18,12
103,0.80810546875,514,604,166,101,19,2
103,0.85693359375,627,644,104,66,22,14
103,0.8662109375,1329,678,152,72,34,10
103,0.76904296875,362,630,63,46,93,1
103,0.529296875,915,653,143,78,119,0
103,0.79833984375,1791,615,254,107,213,3
104,0.91259765625,1798,769,242,149,7,6
104,0.9091796875,1154,699,273,151,8,7
104,0.91552734375,1549,707,281,130,13,11
104,0.85595703125,462,644,101,63,16,4
104,0.5234375,274,637,48,37,18,12
104,0.8232421875,518,606,168,104,19,2
104,0.8427734375,633,645,105,66,22,14
104,0.85595703125,1343,678,149,74,34,10
104,0.73095703125,366,632,63,43,93,1
104,0.64794921875,925,653,145,79,119,0
104,0.62060546875,1780,618,274,103,213,3
105,0.90380859375,1810,767,218,144,7,6
105,0.90966796875,1168,701,280,152,8,7
105,0.8974609375,1566,709,283,132,13,11
105,0.84814453125,466,644,101,64,16,4
105,0.6513671875,521,605,168,104,19,2
105,0.83642578125,639,645,107,66,22,14
105,0.85205078125,1359,679,148,74,34,10
105,0.7294921875,368,632,63,44,93,1
105,0.5947265625,935,654,147,79,119,0
105,0.59619140625,1312,643,108,53,180,5
105,0.8017578125,1771,618,294,101,213,3
106,0.9052734375,1823,766,193,140,7,6
106,0.9052734375,1183,702,284,155,8,7
106,0.91064453125,1582,710,287,134,13,11
106,0.83349609375,471,644,100,64,16,4
106,0.525390625,277,638,49,38,18,8
106,0.84716796875,524,606,170,104,19,2
106,0.8447265625,645,646,108,66,22,14
106,0.865234375,1375,680,147,74,34,10
106,0.7373046875,371,632,65,44,93,1
106,0.7890625,944,654,151,80,119,0
106,0.69287109375,1765,619,305,100,213,3
106,0.716796875,1032,656,75,50,233,9
107,0.8955078125,1835,767,169,137,7,6
107,0.9052734375,1198,703,290,158,8,7
107,0.92529296875,1599,711,293,136,13,11
107,0.83642578125,475,645,100,64,16,4
107,0.59814453125,279,638,52,39,18,8
107,0.8017578125,527,606,172,103,19,2
107,0.85009765625,651,646,109,67,22,14
107,0.85400390625,1388,682,149,73,34,10
107,0.7138671875,373,632,67,45,93,1
107,0.65673828125,954,655,150,81,119,0
107,0.72802734375,1040,657,72,50,233,9
108,0.8896484375,1848,769,143,137,7,6
108,0.90966796875,1213,704,295,160,8,7
108,0.90869140625,1617,712,298,137,13,11
108,0.82568359375,479,645,102,65,16,4
108,0.6806640625,282,639,50,39,18,8
108,0.81298828125,531,606,174,103,19,2
108,0.84375,657,647,108,68,22,14
108,0.85205078125,1403,683,151,73,34,10
108,0.732421875,377,631,68,47,93,1
108,0.69580078125,965,655,152,82,119,0
108,0.517578125,311,623,44,31,142,3
108,0.66552734375,1051,657,69,49,233,9
109,0.87255859375,1861,773,116,134,7,6
109,0.8984375,1229,705,301,162,8,7
109,0.9013671875,1635,713,301,139,13,11
109,0.8427734375,484,645,102,64,16,4
109,0.6826171875,283,639,51,39,18,8
109,0.80419921875,534,605,174,102,19,2
109,0.8408203125,663,647,110,68,22,14
109,0.86865234375,1417,683,154,74,34,10
109,0.72802734375,379,633,70,44,93,1
109,0.56787109375,974,656,155,83,119,0
109,0.57177734375,594,638,61,52,223,5
109,0.56591796875,1062,658,61,48,233,9
110,0.8623046875,1874,778,86,130,7,6
110,0.875,1246,707,308,165,8,7
110,0.91796875,1653,714,307,140,13,11
110,0.84912109375,488,645,102,65,16,4
110,0.73388671875,285,638,52,37,18,8
110,0.8115234375,537,607,176,106,19,2
110,0.845703125,670,647,111,69,22,14
110,0.86328125,1431,684,156,75,34,10
110,0.7705078125,383,634,70,43,93,1
110,0.86962890625,984,656,158,84,119,0
110,0.5,313,622,46,35,142,3
110,0.7548828125,1077,659,60,47,233,9
110,0.556640625,873,627,51,16,243,12
111,0.8291015625,1889,784,58,121,7,6
111,0.88330078125,1263,708,315,168,8,7
111,0.91064453125,1671,716,311,142,13,11
111,0.8427734375,492,645,103,65,16,4
111,0.73095703125,288,638,51,37,18,8
111,0.63330078125,539,608,177,107,19,2
111,0.8642578125,676,648,113,69,22,14
111,0.86083984375,1448,684,155,76,34,10
111,0.79296875,387,634,68,41,93,1
111,0.84912109375,993,657,159,85,119,0
111,0.60205078125,1711,619,415,96,213,5
111,0.5390625,605,639,66,49,223,13
111,0.73388671875,1084,659,59,47,233,9
112,0.541015625,1904,783,27,94,7,6
112,0.82666015625,1280,710,324,171,8,7
112,0.90576171875,1690,716,315,143,13,11
112,0.83544921875,497,646,105,66,16,4
112,0.72802734375,292,639,49,36,18,8
112,0.7744140625,542,607,177,107,19,2
112,0.85888671875,683,648,113,69,22,14
112,0.87841796875,1465,685,156,77,34,10
112,0.806640625,390,635,68,41,93,1
112,0.7880859375,1005,657,161,85,119,0
112,0.53515625,607,638,66,54,223,13
112,0.71875,1095,660,62,48,233,9
113,0.7294921875,1299,712,331,174,8,7
113,0.92041015625,1708,718,322,144,13,11
113,0.8173828125,501,646,104,67,16,4
113,0.74609375,293,638,51,38,18,8
113,0.841796875,546,606,177,105,19,2
113,0.85498046875,689,648,113,70,22,14
113,0.85302734375,1483,686,154,78,34,10
113,0.81982421875,393,634,67,42,93,1
113,0.68603515625,1016,658,162,86,119,0
113,0.6875,612,640,72,51,223,13
113,0.7373046875,1106,661,64,50,233,9
113,0.57958984375,850,628,53,17,243,3
113,0.501953125,926,628,59,18,247,5
113,0.517578125,1860,646,116,50,250,12
114,0.7880859375,1317,713,339,180,8,7
114,0.9228515625,1728,719,324,145,13,11
114,0.7890625,504,646,102,67,16,4
114,0.7041015625,295,638,53,38,18,8
114,0.8447265625,550,607,180,110,19,2
114,0.8623046875,696,649,114,71,22,14
114,0.841796875,1501,687,155,79,34,10
114,0.80810546875,397,635,68,42,93,1
114,0.73876953125,1026,658,164,86,119,0
114,0.61669921875,1166,637,82,42,180,6
114,0.77734375,1117,662,69,52,233,9
114,0.640625,843,628,53,16,243,3
114,0.615234375,921,629,58,18,247,5
115,0.8642578125,1335,713,350,186,8,7
115,0.91748046875,1749,721,329,145,13,11
115,0.7919921875,509,646,104,68,16,4
115,0.73583984375,296,639,53,39,18,8
115,0.8671875,555,608,183,112,19,2
115,0.861328125,703,649,115,71,22,14
115,0.8427734375,1520,688,152,78,34,10
115,0.80810546875,401,635,69,42,93,1
115,0.865234375,1037,659,165,87,119,0
115,0.73876953125,1130,662,71,52,233,9
115,0.66357421875,836,627,54,16,243,3
115,0.6513671875,916,628,59,17,247,5
116,0.89404296875,1357,717,356,186,8,7
116,0.91943359375,1760,722,318,147,13,11
116,0.8408203125,515,647,105,68,16,4
116,0.73876953125,299,639,53,40,18,8
116,0.87158203125,560,608,191,114,19,2
116,0.8759765625,710,649,116,72,22,14
116,0.85107421875,1538,689,150,79,34,10
116,0.7958984375,404,636,69,42,93,1
116,0.82666015625,1048,659,169,88,119,0
116,0.77197265625,1141,662,70,52,233,9
116,0.66552734375,829,628,54,16,243,3
116,0.67919921875,908,628,57,17,247,5
117,0.9072265625,1378,720,365,187,8,7
117,0.91650390625,1769,723,300,150,13,11
117,0.81982421875,519,647,107,69,16,4
117,0.7265625,303,639,50,40,18,8
117,0.8173828125,563,607,195,112,19,2
117,0.8447265625,717,650,116,73,22,14
117,0.83203125,1558,690,148,79,34,10
117,0.80908203125,407,636,69,43,93,1
117,0.81884765625,1059,660,171,88,119,0
117,0.615234375,629,640,74,54,223,6
117,0.70263671875,1153,663,65,54,233,9
117,0.6279296875,823,627,52,15,243,3
117,0.64599609375,901,628,59,17,247,5
118,0.916015625,1400,723,375,190,8,7
118,0.91796875,1778,724,282,151,13,11
118,0.80078125,524,647,107,70,16,4
118,0.6875,304,640,53,40,18,8
118,0.83544921875,566,606,193,109,19,2
118,0.85009765625,723,650,119,73,22,14
118,0.8232421875,1580,691,141,79,34,10
118,0.7734375,410,636,70,44,93,1
118,0.64794921875,1070,660,173,89,119,0
118,0.64599609375,634,641,73,52,223,6
118,0.533203125,1162,662,70,58,233,9
118,0.521484375,818,627,51,14,243,3
118,0.533203125,894,628,58,17,247,5
119,0.81298828125,1423,723,385,197,8,7
119,0.91552734375,1788,726,263,152,13,11
119,0.81884765625,529,647,109,72,16,4
119,0.70068359375,306,639,53,40,18,8
119,0.83447265625,571,607,196,112,19,2
119,0.85302734375,730,651,120,74,22,14
119,0.81884765625,1601,692,138,80,34,10
119,0.79296875,414,636,71,44,93,1
119,0.517578125,247,622,57,57,94,12
119,0.84716796875,1082,661,174,90,119,0
119,0.5888671875,638,641,75,53,223,6
119,0.505859375,1172,662,71,60,233,9
119,0.533203125,888,627,55,17,247,5
120,0.9033203125,1446,727,394,197,8,7
120,0.9111328125,1798,728,243,153,13,11
120,0.82080078125,533,647,110,72,16,4
120,0.74462890625,309,639,52,40,18,8
120,0.83642578125,574,605,195,109,19,2
120,0.85986328125,738,651,121,74,22,14
120,0.8173828125,1623,693,133,81,34,10
120,0.7705078125,417,636,72,44,93,1
120,0.5,250,622,58,58,94,12
120,0.85205078125,1094,661,176,92,119,0
120,0.70751953125,644,642,76,52,223,6
120,0.5947265625,1182,660,73,64,233,9
120,0.5869140625,881,627,56,17,247,5
121,0.8955078125,1470,725,407,209,8,7
121,0.91650390625,1808,729,223,155,13,11
121,0.6513671875,537,648,113,72,16,4
121,0.7607421875,313,639,52,41,18,8
121,0.865234375,582,607,204,114,19,2
121,0.87255859375,744,652,123,75,22,14
121,0.80078125,1645,695,130,82,34,10
121,0.7646484375,421,636,73,44,93,1
121,0.5947265625,251,622,58,58,94,12
121,0.810546875,1107,662,179,93,119,0
121,0.509765625,201,614,37,25,204,3
121,0.67578125,1198,664,66,59,233,9
121,0.552734375,875,627,56,17,247,5
122,0.90380859375,1496,731,421,206,8,7
122,0.896484375,1817,730,204,155,13,11
122,0.740234375,542,648,112,72,16,4
122,0.77587890625,315,639,52,40,18,8
122,0.810546875,583,606,203,112,19,2
122,0.85693359375,751,652,124,75,22,14
122,0.77880859375,1668,695,122,84,34,10
122,0.74462890625,426,637,69,43,93,1
122,0.5830078125,253,622,59,58,94,12
122,0.67919921875,1117,663,185,94,119,0
122,0.70263671875,654,642,80,54,223,6
122,0.65673828125,1211,665,61,57,233,9
122,0.544921875,869,627,54,18,247,5
123,0.89697265625,1522,734,433,211,8,7
123,0.88623046875,1827,728,184,149,13,11
123,0.73095703125,547,648,113,72,16,4
123,0.806640625,314,640,57,40,18,8
123,0.7490234375,588,607,207,113,19,2
123,0.83544921875,759,653,124,75,22,14
123,0.72021484375,1693,691,115,70,34,10
123,0.8017578125,429,637,72,45,93,1
123,0.615234375,255,623,58,59,94,12
123,0.751953125,1130,663,186,94,119,0
123,0.60009765625,659,643,83,55,223,6
124,0.89404296875,1549,737,446,215,8,7
124,0.8681640625,1841,728,157,147,13,11
124,0.81298828125,552,649,115,73,16,4
124,0.72509765625,318,640,54,41,18,8
124,0.8447265625,587,605,199,109,19,2
124,0.810546875,766,653,125,76,22,14
124,0.60595703125,1719,687,109,61,34,10
124,0.80419921875,433,637,72,46,93,1
124,0.60400390625,258,623,60,62,94,12
124,0.75927734375,1144,664,190,96,119,0
124,0.796875,665,644,83,54,223,6
124,0.53515625,1037,626,78,26,266,3
125,0.8974609375,1579,740,463,218,8,7
125,0.8818359375,1852,728,135,146,13,11
125,0.8115234375,558,649,115,73,16,4
125,0.7294921875,322,639,53,41,18,8
125,0.87255859375,587,605,196,108,19,2
125,0.82763671875,773,653,127,76,22,14
125,0.7705078125,436,637,73,46,93,1
125,0.64404296875,260,623,60,62,94,12
125,0.70556640625,1158,666,192,98,119,0
125,0.810546875,670,644,85,54,223,6
125,0.55078125,852,627,56,19,247,5
125,0.53515625,1862,648,111,43,250,9
125,0.56787109375,1030,627,88,28,266,3
126,0.9033203125,1610,743,479,222,8,7
126,0.83544921875,1861,728,115,147,13,11
126,0.83544921875,563,650,117,74,16,4
126,0.70263671875,323,640,55,41,18,8
126,0.83984375,590,606,195,110,19,2
126,0.8681640625,781,654,129,77,22,14
126,0.81640625,440,637,74,46,93,1
126,0.62451171875,262,623,59,61,94,12
126,0.73095703125,1175,666,206,98,119,0
126,0.74609375,675,643,86,57,223,6
126,0.5234375,1854,658,130,65,250,9
126,0.552734375,1020,627,76,27,266,3
127,0.8955078125,1642,743,494,232,8,7
127,0.76904296875,1874,726,91,139,13,11
127,0.81982421875,568,650,117,75,16,4
127,0.7041015625,324,640,60,42,18,8
127,0.830078125,594,605,197,109,19,2
127,0.83984375,789,654,129,77,22,14
127,0.8115234375,444,638,75,46,93,1
127,0.54296875,263,623,60,61,94,12
127,0.8671875,1187,667,204,99,119,0
127,0.509765625,207,614,37,25,204,5
127,0.8173828125,681,644,88,56,223,6
127,0.56201171875,1842,660,139,70,250,9
128,0.9033203125,1670,745,498,242,8,7
128,0.79443359375,572,650,117,75,16,4
128,0.72021484375,325,640,63,43,18,8
128,0.7734375,598,604,197,109,19,2
128,0.7958984375,796,655,131,77,22,14
128,0.81396484375,447,638,76,46,93,1
128,0.529296875,265,623,61,61,94,12
128,0.8671875,1202,668,207,100,119,0
128,0.529296875,208,614,36,25,204,5
128,0.75048828125,687,642,91,59,223,6
128,0.69287109375,1000,627,95,28,266,3
129,0.90966796875,1682,752,474,239,8,7
129,0.81884765625,578,650,118,76,16,4
129,0.732421875,327,641,63,43,18,8
129,0.86083984375,602,603,196,108,19,2
129,0.85498046875,804,655,132,78,22,14
129,0.8017578125,451,638,76,46,93,1
129,0.6513671875,267,624,62,62,94,12
129,0.8642578125,1217,668,211,101,119,0
129,0.5234375,209,615,37,25,204,5
129,0.830078125,692,644,92,58,223,6
129,0.541015625,990,628,96,29,266,3
129,0.56396484375,1071,630,65,23,282,9
130,0.8955078125,1696,753,446,249,8,7
130,0.845703125,583,651,119,77,16,4
130,0.74609375,329,641,65,42,18,8
130,0.81298828125,607,603,201,109,19,2
130,0.85009765625,812,656,134,79,22,14
130,0.82080078125,456,638,76,47,93,1
130,0.55078125,269,623,62,60,94,12
130,0.8857421875,1232,669,213,102,119,0
130,0.51953125,210,615,36,26,204,5
130,0.74462890625,697,645,91,57,223,6
130,0.53125,412,625,46,33,264,10
130,0.6669921875,1065,630,65,22,282,9
131,0.8955078125,1709,753,420,261,8,7
131,0.82421875,588,652,120,77,16,4
131,0.6875,333,641,63,43,18,8
131,0.8681640625,611,605,201,113,19,2
131,0.85302734375,819,656,135,80,22,14
131,0.81982421875,460,638,77,48,93,1
131,0.89501953125,1245,670,216,102,119,0
131,0.50390625,365,626,43,35,142,3
131,0.509765625,148,623,55,41,182,11
131,0.56982421875,211,615,36,26,204,5
131,0.8154296875,702,645,90,56,223,6
131,0.513671875,1432,635,151,43,279,13
131,0.5947265625,1057,630,66,22,282,9
132,0.861328125,1724,756,391,271,8,7
132,0.80419921875,594,653,120,76,16,4
132,0.7607421875,336,641,63,43,18,8
132,0.86083984375,614,604,205,113,19,2
132,0.79833984375,827,657,137,81,22,14
132,0.8154296875,464,638,79,49,93,1
132,0.884765625,1259,671,215,103,119,0
132,0.5,369,627,41,33,142,3
132,0.57763671875,149,623,55,42,182,11
132,0.556640625,212,615,37,25,204,5
132,0.80419921875,707,645,90,56,223,6
132,0.552734375,419,625,46,34,264,10
132,0.5,1411,635,156,42,279,13
132,0.5,1049,630,63,22,282,9
133,0.77734375,1740,754,359,266,8,7
133,0.75927734375,598,653,123,76,16,4
133,0.7958984375,337,642,65,43,18,8
133,0.88330078125,617,605,206,115,19,2
133,0.80810546875,835,657,138,82,22,14
133,0.7744140625,468,639,79,48,93,1
133,0.86865234375,1273,671,218,105,119,0
133,0.517578125,149,622,57,42,182,11
133,0.5078125,213,615,38,27,204,5
133,0.83203125,713,646,91,57,223,6
133,0.615234375,1038,630,71,22,282,9
134,0.85302734375,1756,748,327,246,8,7
134,0.7373046875,606,653,120,76,16,4
134,0.79931640625,339,643,67,42,18,8
134,0.8818359375,622,605,206,116,19,2
134,0.86328125,842,657,140,81,22,14
134,0.80322265625,472,640,80,47,93,1
134,0.552734375,283,631,58,43,94,3
134,0.86328125,1288,672,221,107,119,0
134,0.55810546875,215,616,38,27,204,5
134,0.53515625,1315,613,275,82,213,10
134,0.80908203125,719,646,92,58,223,6
134,0.533203125,425,625,50,34,264,12
134,0.5,1028,630,72,22,282,9
135,0.89013671875,1773,754,292,230,8,7
135,0.767578125,613,654,118,76,16,4
135,0.8173828125,342,643,68,42,18,8
135,0.85986328125,626,605,207,117,19,2
135,0.83544921875,850,658,142,82,22,14
135,0.80810546875,476,640,80,47,93,1
135,0.884765625,1303,673,224,109,119,0
135,0.55078125,1298,612,268,79,213,10
135,0.82666015625,724,646,93,59,223,6
135,0.5,429,626,49,34,264,12
135,0.5908203125,1019,630,71,23,282,9
135,0.75927734375,1663,644,108,42,290,11
136,0.7294921875,1791,759,256,227,8,7
136,0.7431640625,616,654,124,77,16,4
136,0.8154296875,344,643,68,43,18,8
136,0.84912109375,630,604,207,114,19,2
136,0.7138671875,859,659,142,83,22,14
136,0.79833984375,479,640,82,46,93,1
136,0.8798828125,1320,673,228,112,119,0
136,0.83447265625,729,647,93,58,223,6
136,0.53125,1014,630,67,23,282,9
136,0.5,1664,643,135,43,290,11
137,0.7548828125,620,654,128,78,16,4
137,0.80078125,347,643,68,43,18,8
137,0.85400390625,634,604,209,113,19,2
137,0.77734375,866,659,145,84,22,14
137,0.8173828125,483,641,81,47,93,1
137,0.7880859375,1336,674,231,112,119,0
137,0.5869140625,1273,611,248,69,213,3
137,0.81298828125,735,647,95,58,223,6
137,0.515625,1010,629,63,23,282,9
137,0.67724609375,1653,643,147,42,290,11
138,0.73876953125,1830,736,179,293,8,5
138,0.74169921875,625,655,131,78,16,4
138,0.8115234375,350,643,69,44,18,8
138,0.89404296875,638,604,211,114,19,2
138,0.61328125,875,659,146,85,22,14
138,0.83740234375,488,641,81,47,93,1
138,0.51953125,287,624,70,58,94,7
138,0.8232421875,1353,675,234,112,119,0
138,0.62255859375,1256,611,250,68,213,3
138,0.82763671875,741,648,95,58,223,6
138,0.529296875,436,626,53,36,264,10
138,0.66015625,1637,642,152,40,290,11
138,0.505859375,875,659,146,83,295,12
139,0.80810546875,1851,746,136,286,8,5
139,0.689453125,632,655,130,79,16,4
139,0.80322265625,352,644,70,43,18,8
139,0.88427734375,642,604,212,114,19,2
139,0.67919921875,883,659,148,85,22,14
139,0.83544921875,492,641,81,49,93,1
139,0.673828125,289,625,70,62,94,7
139,0.86328125,1370,677,239,113,119,0
139,0.82080078125,747,648,96,58,223,6
139,0.70263671875,1618,643,151,39,290,11
139,0.607421875,882,659,148,85,295,12
140,0.8447265625,1873,780,92,224,8,5
140,0.70263671875,638,655,130,79,16,4
140,0.80908203125,355,644,70,43,18,8
140,0.880859375,646,604,213,115,19,2
140,0.615234375,893,659,149,88,22,14
140,0.82763671875,496,641,81,49,93,1
140,0.66357421875,291,626,72,64,94,7
140,0.90185546875,1387,678,242,114,119,0
140,0.515625,160,624,49,39,182,3
140,0.841796875,752,648,97,59,223,6
140,0.69580078125,1261,633,131,34,279,9
140,0.546875,1599,642,148,39,290,11
140,0.5888671875,892,659,149,87,295,12
141,0.82421875,644,656,130,79,16,4
141,0.83349609375,357,644,71,43,18,8
141,0.8857421875,650,604,215,114,19,2
141,0.76220703125,901,660,150,87,22,14
141,0.8056640625,501,641,83,50,93,1
141,0.9052734375,1405,680,246,116,119,0
141,0.82080078125,758,649,98,60,223,6
141,0.552734375,444,626,54,36,264,10
141,0.69580078125,1243,632,132,34,279,9
141,0.57958984375,1580,642,145,40,290,11
141,0.60400390625,1827,657,125,26,299,13
142,0.763671875,650,656,131,79,16,4
142,0.81884765625,360,644,72,43,18,8
142,0.9189453125,655,603,217,115,19,2
142,0.81396484375,909,661,152,87,22,14
142,0.806640625,505,641,84,51,93,1
142,0.50390625,300,632,62,53,94,3
142,0.9013671875,1424,680,250,118,119,0
142,0.509765625,162,622,52,38,182,5
142,0.85986328125,764,649,99,62,223,6
142,0.70263671875,1570,641,126,40,290,11
142,0.55810546875,909,661,154,87,295,7
142,0.62060546875,1796,657,123,26,299,13
143,0.83544921875,655,657,133,80,16,4
143,0.822265625,364,645,71,44,18,8
143,0.90673828125,659,603,217,114,19,2
143,0.75634765625,918,662,155,87,22,14
143,0.841796875,509,642,82,51,93,1
143,0.87744140625,1442,682,256,119,119,0
143,0.517578125,163,622,53,38,182,5
143,0.8662109375,770,649,99,62,223,6
143,0.611328125,1212,631,130,34,279,9
143,0.521484375,1558,640,114,41,290,11
143,0.59619140625,1762,656,118,25,299,13
144,0.85205078125,662,657,134,81,16,4
144,0.8173828125,366,645,70,44,18,8
144,0.8984375,663,603,219,114,19,2
144,0.73388671875,928,662,156,88,22,14
144,0.82666015625,513,642,82,51,93,1
144,0.6669921875,304,635,63,47,94,3
144,0.90869140625,1462,683,260,120,119,0
144,0.8798828125,777,649,99,62,223,6
144,0.515625,452,627,55,35,264,7
144,0.68603515625,1195,631,129,33,279,9
144,0.5849609375,1730,654,118,25,299,13
145,0.861328125,668,657,135,81,16,4
145,0.80908203125,368,645,70,44,18,8
145,0.87890625,667,601,220,112,19,2
145,0.6689453125,936,663,158,89,22,14
145,0.80078125,516,642,82,52,93,1
145,0.56982421875,305,635,67,46,94,3
145,0.89404296875,1482,683,265,122,119,0
145,0.85400390625,783,650,101,61,223,6
145,0.505859375,455,627,58,37,264,7
145,0.63720703125,1180,631,127,33,279,9
145,0.56005859375,1701,653,108,26,299,13
146,0.69287109375,674,657,137,82,16,4
146,0.80908203125,370,645,72,46,18,8
146,0.89990234375,671,603,222,116,19,2
146,0.75927734375,946,663,160,90,22,14
146,0.76904296875,522,642,85,53,93,1
146,0.51171875,310,636,66,46,94,3
146,0.8955078125,1502,684,269,123,119,0
146,0.84912109375,789,651,101,62,223,6
146,0.546875,458,627,60,37,264,7
146,0.7294921875,1165,630,123,34,279,9
146,0.501953125,945,662,160,89,307,5
147,0.82568359375,680,658,139,83,16,4
147,0.79443359375,374,645,72,46,18,8
147,0.86328125,676,602,223,114,19,2
147,0.77197265625,956,663,162,92,22,14
147,0.6689453125,524,641,82,54,93,1
147,0.85498046875,1522,684,274,126,119,0
147,0.85302734375,796,651,100,63,223,6
147,0.515625,460,627,58,37,264,7
147,0.642578125,1151,630,124,34,279,9
148,0.845703125,686,659,140,83,16,4
148,0.7958984375,376,645,73,46,18,8
148,0.8662109375,682,597,226,105,19,2
148,0.7041015625,965,664,163,92,22,14
148,0.5947265625,530,643,83,52,93,1
148,0.83447265625,1543,686,280,127,119,0
148,0.86083984375,802,651,101,64,223,6
148,0.66015625,1137,629,119,35,279,9
148,0.60009765625,599,644,55,42,311,3
149,0.86083984375,692,659,140,84,16,4
149,0.8115234375,379,646,73,46,18,8
149,0.873046875,686,596,228,103,19,2
149,0.78271484375,975,665,167,91,22,14
149,0.69775390625,534,645,82,50,93,1
149,0.88330078125,1564,688,286,127,119,0
149,0.51953125,1116,612,213,64,213,5
149,0.85986328125,809,651,103,64,223,6
149,0.60595703125,1121,629,117,35,279,9
149,0.5849609375,603,644,55,40,311,3
149,0.7294921875,1439,637,104,36,315,7
150,0.84912109375,700,659,140,84,16,4
150,0.8115234375,382,646,73,46,18,8
150,0.85400390625,690,597,229,105,19,2
150,0.80078125,985,666,168,92,22,14
150,0.72509765625,539,645,81,52,93,1
150,0.8984375,1586,689,292,128,119,0
150,0.54296875,1107,612,212,64,213,5
150,0.86328125,815,651,103,65,223,6
150,0.66015625,608,645,54,41,311,3
150,0.529296875,1867,646,101,51,318,10
151,0.84375,707,660,143,85,16,4
151,0.8232421875,385,646,74,46,18,8
151,0.86962890625,695,594,230,100,19,2
151,0.82080078125,995,666,170,94,22,14
151,0.708984375,544,645,84,52,93,1
151,0.88818359375,1608,691,299,130,119,0
151,0.88232421875,822,652,102,66,223,6
151,0.533203125,473,628,61,38,264,7
151,0.640625,613,645,58,41,311,3
151,0.61669921875,1421,637,122,37,315,9
151,0.71044921875,1855,646,125,51,318,10
152,0.74609375,713,660,144,86,16,4
152,0.81982421875,388,647,76,46,18,8
152,0.86962890625,701,600,236,112,19,2
152,0.6318359375,1005,666,171,95,22,14
152,0.7705078125,550,645,88,53,93,1
152,0.57177734375,328,637,67,49,94,5
152,0.8896484375,1631,692,305,131,119,0
152,0.875,829,652,104,66,223,6
152,0.556640625,474,629,64,38,264,7
152,0.59619140625,1406,637,122,37,315,9
152,0.56982421875,1843,645,150,52,318,10
153,0.83349609375,720,660,147,86,16,4
153,0.83642578125,391,647,75,46,18,8
153,0.84912109375,704,599,235,110,19,2
153,0.74462890625,1015,667,173,96,22,14
153,0.81396484375,555,645,88,53,93,1
153,0.56201171875,330,637,66,49,94,5
153,0.9013671875,1654,694,311,133,119,0
153,0.8623046875,835,653,105,66,223,6
153,0.57958984375,478,629,63,39,264,7
153,0.533203125,1494,646,87,22,299,3
153,0.5908203125,625,646,57,43,311,11
153,0.521484375,1014,667,173,96,324,12
154,0.8232421875,728,661,149,87,16,4
154,0.82568359375,395,648,75,46,18,8
154,0.861328125,708,596,235,104,19,2
154,0.67236328125,1025,668,176,96,22,14
154,0.78125,560,645,89,54,93,1
154,0.8984375,1678,695,317,134,119,0
154,0.85791015625,842,653,106,67,223,6
154,0.57373046875,481,629,64,39,264,7
154,0.607421875,1473,646,96,23,299,3
154,0.65478515625,631,646,57,43,311,11
154,0.62451171875,1376,637,118,35,315,9
154,0.55078125,1024,668,176,97,324,12
155,0.85791015625,734,661,150,88,16,4
155,0.81640625,397,648,76,46,18,8
155,0.87744140625,714,594,236,100,19,2
155,0.69580078125,1036,668,179,98,22,14
155,0.83203125,565,645,89,55,93,1
155,0.91552734375,1704,697,323,136,119,0
155,0.6259765625,1054,613,198,64,213,5
155,0.87744140625,848,654,107,67,223,6
155,0.55810546875,484,629,64,39,264,7
155,0.63330078125,1446,645,102,22,299,3
155,0.7265625,637,647,58,43,311,11
155,0.56005859375,1357,636,105,34,315,9
155,0.53125,1819,643,178,56,318,10
155,0.5078125,317,621,69,59,326,13
156,0.81640625,741,662,152,88,16,4
156,0.82080078125,399,648,77,47,18,8
156,0.88330078125,718,593,239,98,19,2
156,0.78662109375,1047,668,181,101,22,14
156,0.7841796875,571,646,89,55,93,1
156,0.90966796875,1729,698,329,137,119,0
156,0.8642578125,855,654,108,66,223,6
156,0.57373046875,487,629,66,39,264,7
156,0.69775390625,1423,645,100,21,299,3
156,0.7138671875,643,647,59,43,311,11
156,0.71044921875,1340,636,98,34,315,9
156,0.52734375,321,619,65,61,326,13
157,0.822265625,749,662,153,89,16,4
157,0.83984375,403,648,77,47,18,8
157,0.86962890625,724,593,241,99,19,2
157,0.67041015625,1057,670,184,101,22,14
157,0.77880859375,576,646,91,55,93,1
157,0.5869140625,342,638,66,50,94,5
157,0.87646484375,1753,698,331,142,119,0
157,0.84912109375,862,655,111,67,223,6
157,0.69091796875,490,629,66,40,264,7
157,0.658203125,1409,644,97,21,299,3
157,0.689453125,649,647,61,43,311,11
157,0.7705078125,1325,635,91,34,315,9
158,0.8681640625,756,663,155,88,16,4
158,0.8291015625,406,648,77,47,18,8
158,0.87158203125,728,593,243,100,19,2
158,0.7373046875,1069,671,187,100,22,14
158,0.8154296875,581,647,92,55,93,1
158,0.88330078125,1765,699,309,143,119,0
158,0.873046875,869,655,111,69,223,6
158,0.6298828125,493,629,66,40,264,7
158,0.5234375,1388,644,88,20,299,3
158,0.72314453125,655,647,62,42,311,11
158,0.71533203125,1311,635,87,34,315,9
159,0.86083984375,764,663,157,89,16,4
159,0.81298828125,409,649,78,47,18,8
159,0.89306640625,733,593,246,101,19,2
159,0.7646484375,1080,672,190,101,22,14
159,0.82080078125,586,647,94,56,93,1
159,0.65478515625,347,638,65,50,94,5
159,0.91357421875,1776,701,287,141,119,0
159,0.873046875,877,655,109,70,223,6
159,0.5830078125,496,629,65,41,264,7
159,0.55078125,1365,643,89,21,299,3
159,0.751953125,660,647,63,44,311,11
159,0.72802734375,1298,634,86,33,315,9
159,0.5849609375,329,624,64,63,326,10
159,0.5947265625,1667,638,136,43,334,12
160,0.7744140625,771,663,158,92,16,4
160,0.81982421875,411,649,78,47,18,8
160,0.87890625,739,592,249,100,19,2
160,0.69091796875,1091,672,192,103,22,14
160,0.8115234375,592,647,93,55,93,1
160,0.5830078125,350,638,66,51,94,5
160,0.91259765625,1787,703,264,144,119,0
160,0.85595703125,883,656,110,69,223,6
160,0.611328125,500,629,65,41,264,7
160,0.7744140625,666,649,65,44,311,11
160,0.65673828125,1286,634,84,33,315,9
160,0.59814453125,331,624,66,63,326,10
160,0.53125,1089,672,191,103,333,13
161,0.82080078125,779,663,160,92,16,4
161,0.82666015625,415,649,78,48,18,8
161,0.8818359375,745,591,250,99,19,2
161,0.8388671875,1103,673,193,103,22,14
161,0.80810546875,596,648,94,56,93,1
161,0.7138671875,352,639,68,52,94,5
161,0.9111328125,1798,705,243,146,119,0
161,0.88232421875,891,656,111,69,223,6
161,0.67578125,502,630,64,42,264,7
161,0.57763671875,1328,642,83,21,299,3
161,0.79833984375,672,649,66,46,311,11
161,0.662109375,1274,633,83,31,315,9
161,0.529296875,333,624,65,62,326,10
161,0.796875,1647,639,189,47,334,12
162,0.87890625,787,664,162,92,16,4
162,0.8154296875,418,649,77,48,18,8
162,0.8740234375,750,592,254,99,19,2
162,0.80419921875,1114,674,196,105,22,14
162,0.7705078125,602,648,95,57,93,1
162,0.69287109375,355,639,68,51,94,5
162,0.8984375,1810,704,218,142,119,0
162,0.86962890625,900,657,109,70,223,6
162,0.67236328125,505,630,64,42,264,7
162,0.615234375,1311,642,81,20,299,3
162,0.7958984375,678,649,67,45,311,11
162,0.65673828125,1261,632,82,31,315,9
162,0.537109375,335,625,66,62,326,10
162,0.5234375,1628,639,194,48,334,12
163,0.83642578125,795,665,164,94,16,4
163,0.81982421875,422,650,78,48,18,8
163,0.8896484375,755,591,255,99,19,2
163,0.67919921875,1127,675,198,106,22,14
163,0.830078125,607,647,97,59,93,1
163,0.8955078125,1823,703,193,138,119,0
163,0.8671875,907,657,110,70,223,6
163,0.6494140625,509,630,63,42,264,7
163,0.509765625,1291,641,81,20,299,3
163,0.78662109375,684,648,68,44,311,11
163,0.5947265625,1250,632,80,31,315,9
163,0.6943359375,337,626,66,64,326,10
163,0.73583984375,1607,638,193,48,334,12
163,0.55078125,1125,675,197,106,340,13
164,0.8427734375,803,665,165,94,16,4
164,0.8232421875,425,650,79,48,18,8
164,0.88232421875,761,590,257,98,19,2
164,0.84814453125,1139,676,201,107,22,14
164,0.82666015625,613,647,97,60,93,1
164,0.541015625,363,639,68,50,94,5
164,0.8857421875,1834,703,171,137,119,0
164,0.875,915,658,112,70,223,6
164,0.62060546875,512,630,63,42,264,7
164,0.81884765625,690,648,70,44,311,11
164,0.70751953125,340,626,67,64,326,10
164,0.55078125,1584,638,190,49,334,12
165,0.59814453125,811,666,167,94,16,4
165,0.81982421875,428,650,79,49,18,8
165,0.8740234375,767,591,261,99,19,2
165,0.8759765625,1151,677,204,107,22,14
165,0.82666015625,618,648,99,59,93,1
165,0.61865234375,366,639,67,51,94,5
165,0.8291015625,1851,705,136,138,119,0
165,0.8759765625,923,658,111,71,223,6
165,0.60595703125,515,630,64,43,264,7
165,0.79052734375,697,648,72,43,311,11
165,0.69091796875,343,625,67,63,326,10
165,0.62255859375,1562,637,186,48,334,12
166,0.7265625,820,667,169,95,16,4
166,0.80908203125,432,650,80,48,18,8
166,0.87255859375,772,590,263,97,19,2
166,0.845703125,1164,678,206,107,22,14
166,0.8291015625,624,649,100,58,93,1
166,0.76220703125,1867,715,104,122,119,0
166,0.87255859375,931,659,111,72,223,6
166,0.5869140625,518,630,65,42,264,7
166,0.740234375,703,649,72,45,311,11
166,0.70556640625,346,625,69,62,326,10
167,0.77197265625,829,667,172,96,16,4
167,0.82080078125,435,650,81,49,18,8
167,0.85791015625,777,591,264,101,19,2
167,0.8017578125,1177,679,209,109,22,14
167,0.8291015625,629,650,100,59,93,1
167,0.533203125,374,640,73,53,94,3
167,0.77734375,1883,720,73,117,119,0
167,0.875,939,659,112,73,223,6
167,0.662109375,520,630,66,42,264,7
167,0.6318359375,711,650,71,46,311,11
167,0.70751953125,348,624,69,62,326,10
168,0.80078125,838,667,173,97,16,4
168,0.8154296875,437,650,82,49,18,8
168,0.8798828125,782,592,269,102,19,2
168,0.78662109375,1190,680,212,110,22,14
168,0.85693359375,635,649,101,60,93,1
168,0.548828125,375,640,74,53,94,3
168,0.880859375,947,659,110,73,223,6
168,0.60400390625,523,630,65,43,264,7
168,0.76220703125,716,651,74,46,311,11
168,0.732421875,350,624,68,61,326,10
168,0.62255859375,1842,653,130,34,356,5
169,0.7294921875,847,668,176,97,16,4
169,0.82421875,440,651,82,50,18,8
169,0.88330078125,789,591,273,102,19,2
169,0.85107421875,1203,681,215,112,22,14
169,0.85693359375,640,650,101,60,93,1
169,0.71533203125,1893,712,52,84,119,0
169,0.8896484375,955,660,111,74,223,6
169,0.60595703125,526,630,65,43,264,7
169,0.7919921875,723,651,78,46,311,11
169,0.7373046875,353,624,68,62,326,10
169,0.658203125,1479,637,165,46,334,9
169,0.6826171875,1819,653,131,34,356,5
170,0.72802734375,857,668,179,98,16,4
170,0.83984375,443,651,85,50,18,8
170,0.87255859375,793,591,276,103,19,2
170,0.7216796875,1216,681,218,114,22,14
170,0.83740234375,646,651,102,60,93,1
170,0.67236328125,1904,713,31,65,119,0
170,0.87841796875,964,660,112,75,223,6
170,0.60595703125,532,630,62,43,264,7
170,0.796875,729,651,81,46,311,11
170,0.658203125,355,624,69,63,326,10
170,0.67724609375,1462,636,166,44,334,9
170,0.74755859375,1796,652,132,32,356,5
171,0.65673828125,866,669,180,98,16,4
171,0.841796875,447,651,84,51,18,8
171,0.88427734375,799,591,275,103,19,2
171,0.607421875,1231,682,221,113,22,14
171,0.83447265625,651,651,103,60,93,1
171,0.607421875,386,641,74,52,94,3
171,0.873046875,972,661,113,76,223,6
171,0.60595703125,536,630,63,43,264,7
171,0.80078125,736,652,82,46,311,11
171,0.74609375,358,625,69,64,326,10
171,0.63330078125,1444,635,163,43,334,9
171,0.7578125,1771,651,129,32,356,5
171,0.525390625,224,632,46,32,358,12
171,0.5,1230,682,221,114,363,13
172,0.70751953125,875,670,183,100,16,4
172,0.82763671875,450,652,87,51,18,8
172,0.87890625,806,591,280,103,19,2
172,0.658203125,1245,683,226,114,22,14
172,0.8408203125,658,652,103,61,93,1
172,0.638671875,388,641,72,51,94,3
172,0.8623046875,980,661,114,76,223,6
172,0.5869140625,539,630,65,42,264,7
172,0.79296875,744,653,86,48,311,11
172,0.73583984375,360,625,69,64,326,10
172,0.74462890625,1748,650,129,32,356,5
173,0.74462890625,884,670,183,100,16,4
173,0.82763671875,454,652,87,50,18,8
173,0.900390625,813,592,284,105,19,2
173,0.7607421875,1259,684,230,115,22,14
173,0.85205078125,663,652,105,61,93,1
173,0.60595703125,389,642,71,52,94,3
173,0.873046875,990,662,112,76,223,6
173,0.6533203125,543,630,65,42,264,7
173,0.7880859375,752,653,86,48,311,11
173,0.72314453125,363,625,70,64,326,10
173,0.505859375,1400,634,116,41,334,0
173,0.7646484375,1726,649,126,32,356,5
173,0.56201171875,227,633,53,32,358,9
173,0.60400390625,1257,684,230,115,363,12
174,0.740234375,894,671,185,101,16,4
174,0.81982421875,457,652,86,50,18,8
174,0.90185546875,819,592,285,106,19,2
174,0.81884765625,1273,685,233,116,22,14
174,0.8447265625,670,652,107,62,93,1
174,0.658203125,394,642,72,52,94,3
174,0.85986328125,999,662,111,77,223,6
174,0.56396484375,546,631,66,43,264,7
174,0.7490234375,759,653,87,48,311,11
174,0.7607421875,366,625,70,64,326,10
174,0.77734375,1702,649,121,32,356,5
174,0.5390625,230,633,51,31,358,9
174,0.62255859375,892,671,186,101,365,13
175,0.56201171875,904,671,188,102,16,4
175,0.822265625,461,653,86,51,18,8
175,0.8984375,824,593,287,109,19,2
175,0.8115234375,1288,686,236,118,22,14
175,0.86328125,675,653,107,63,93,1
175,0.65673828125,396,642,72,52,94,3
175,0.8642578125,1008,663,110,77,223,6
175,0.8154296875,767,653,89,48,311,11
175,0.7734375,368,625,71,65,326,10
175,0.80419921875,1681,648,117,32,356,5
175,0.63330078125,903,671,188,101,365,13
176,0.7490234375,914,672,189,103,16,4
176,0.81884765625,464,653,86,51,18,8
176,0.8818359375,829,593,288,109,19,2
176,0.8310546875,1303,687,241,119,22,14
176,0.84814453125,681,653,107,64,93,1
176,0.71533203125,399,642,72,53,94,3
176,0.8408203125,1019,664,106,78,223,6
176,0.57958984375,555,631,64,43,264,0
176,0.57763671875,773,654,93,48,311,11
176,0.767578125,370,625,72,65,326,10
176,0.78125,1661,648,116,31,356,5
177,0.6826171875,925,673,191,104,16,4
177,0.82763671875,467,654,85,51,18,8
177,0.87841796875,836,594,290,112,19,2
177,0.8427734375,1318,688,245,122,22,14
177,0.84716796875,688,653,108,65,93,1
177,0.6513671875,404,643,75,52,94,3
177,0.85400390625,1027,664,107,78,223,6
177,0.615234375,558,632,66,44,264,0
177,0.82421875,780,655,95,49,311,11
177,0.51171875,1113,630,89,30,315,7
177,0.78271484375,373,625,72,65,326,10
177,0.75634765625,1641,647,116,30,356,5
177,0.515625,1317,688,244,121,374,9
178,0.65478515625,935,673,194,104,16,4
178,0.83984375,471,654,85,52,18,8
178,0.87890625,841,595,293,114,19,2
178,0.8681640625,1334,689,248,124,22,14
178,0.845703125,694,654,108,64,93,1
178,0.53125,409,643,78,53,94,3
178,0.84716796875,1038,665,105,78,223,6
178,0.67041015625,560,632,68,44,264,0
178,0.806640625,787,655,97,49,311,11
178,0.75048828125,376,625,74,65,326,10
178,0.75634765625,1621,647,116,31,356,5
179,0.59619140625,946,674,196,106,16,4
179,0.83642578125,475,654,87,52,18,8
179,0.8662109375,847,601,295,127,19,2
179,0.80419921875,1351,690,253,125,22,14
179,0.85009765625,700,654,108,65,93,1
179,0.5830078125,413,643,78,53,94,3
179,0.82666015625,1047,665,107,79,223,6
179,0.81884765625,793,655,97,50,311,11
179,0.77197265625,379,626,75,65,326,10
179,0.7919921875,1602,646,112,31,356,5
179,0.5,240,634,51,33,358,7
179,0.537109375,944,674,197,105,376,9
180,0.67236328125,957,675,200,106,16,4
180,0.82080078125,479,654,88,52,18,8
180,0.87890625,854,603,297,132,19,2
180,0.60205078125,1366,691,258,125,22,14
180,0.86865234375,707,654,110,65,93,1
180,0.533203125,414,643,73,54,94,3
180,0.52734375,501,628,77,51,142,0
180,0.8408203125,1057,666,105,78,223,6
180,0.537109375,576,633,52,44,264,12
180,0.80078125,799,655,97,50,311,11
180,0.7958984375,382,626,74,66,326,10
180,0.77978515625,1583,646,110,30,356,5
181,0.67236328125,968,675,203,106,16,4
181,0.8388671875,483,654,88,52,18,8
181,0.8310546875,860,603,300,134,19,2
181,0.8623046875,1383,692,261,126,22,14
181,0.84814453125,714,655,111,66,93,1
181,0.56201171875,418,643,77,54,94,3
181,0.546875,504,628,77,52,142,0
181,0.830078125,1067,666,103,80,223,6
181,0.78125,807,656,98,49,311,11
181,0.77587890625,385,626,74,67,326,10
181,0.64794921875,1266,632,98,39,334,7
181,0.751953125,1565,645,107,30,356,5
181,0.533203125,244,635,54,34,358,9
182,0.75048828125,978,676,204,107,16,4
182,0.8291015625,486,655,88,53,18,8
182,0.87841796875,866,604,303,137,19,2
182,0.85693359375,1399,694,264,127,22,14
182,0.86083984375,720,655,112,67,93,1
182,0.5927734375,422,643,78,54,94,3
182,0.79833984375,1076,667,103,80,223,6
182,0.7705078125,813,656,99,50,311,11
182,0.76220703125,388,626,78,67,326,10
182,0.57373046875,1255,632,107,38,334,7
182,0.740234375,1547,645,105,30,356,5
183,0.73876953125,990,677,208,109,16,4
183,0.83984375,490,655,89,53,18,8
183,0.8916015625,873,605,306,140,19,2
183,0.87744140625,1417,695,269,129,22,14
183,0.875,727,656,113,66,93,1
183,0.638671875,425,644,78,55,94,3
183,0.751953125,1086,668,102,80,223,6
183,0.69580078125,585,633,58,46,264,0
183,0.7744140625,820,657,96,50,311,11
183,0.77587890625,391,626,77,67,326,10
183,0.5869140625,1249,631,123,38,334,7
183,0.7578125,1534,645,96,30,356,5
184,0.541015625,1002,677,210,109,16,4
184,0.82568359375,495,656,91,53,18,8
184,0.888671875,880,607,310,142,19,2
184,0.8798828125,1434,697,273,132,22,14
184,0.875,733,657,115,67,93,1
184,0.66552734375,430,644,81,56,94,3
184,0.7880859375,1094,668,107,82,223,6
184,0.6279296875,587,633,61,45,264,0
184,0.82666015625,828,657,99,51,311,11
184,0.810546875,393,627,76,68,326,10
184,0.61669921875,1524,644,78,31,356,5
185,0.59619140625,1013,679,211,109,16,4
185,0.82666015625,499,656,90,54,18,8
185,0.8984375,885,607,315,143,19,2
185,0.865234375,1452,697,279,133,22,14
185,0.85986328125,740,658,116,66,93,1
185,0.73095703125,432,645,79,55,94,3
185,0.80908203125,1105,668,106,82,223,6
185,0.6298828125,588,633,67,46,264,0
185,0.513671875,147,624,50,40,310,7
185,0.80810546875,835,657,101,51,311,11
185,0.732421875,395,627,75,68,326,10
185,0.5078125,1012,679,210,108,393,9
186,0.74462890625,1025,680,215,109,16,4
186,0.83984375,502,656,89,54,18,8
186,0.9013671875,890,608,320,146,19,2
186,0.896484375,1471,697,285,135,22,14
186,0.87744140625,746,658,117,66,93,1
186,0.732421875,437,645,80,55,94,3
186,0.82080078125,1113,669,108,84,223,6
186,0.70556640625,591,633,70,46,264,0
186,0.810546875,842,658,102,52,311,11
186,0.69091796875,400,627,80,68,326,10
186,0.6298828125,1211,629,128,39,334,5
186,0.57568359375,704,637,58,43,390,12
187,0.8232421875,1038,680,218,110,16,4
187,0.8310546875,504,656,89,54,18,8
187,0.896484375,898,608,321,146,19,2
187,0.8896484375,1490,698,290,138,22,14
187,0.8857421875,753,659,117,67,93,1
187,0.72802734375,439,645,78,56,94,3
187,0.7880859375,1126,670,105,84,223,6
187,0.73876953125,594,633,71,47,264,0
187,0.83203125,848,658,102,52,311,11
187,0.74462890625,403,627,80,68,326,10
188,0.767578125,1050,681,220,111,16,4
188,0.80078125,506,656,86,54,18,8
188,0.89697265625,906,607,324,146,19,2
188,0.8154296875,1509,699,295,141,22,14
188,0.8623046875,761,659,117,67,93,1
188,0.77587890625,443,645,80,55,94,3
188,0.77734375,1137,670,103,84,223,6
188,0.73095703125,599,633,70,46,264,0
188,0.81884765625,857,659,105,53,311,11
188,0.7607421875,407,627,83,69,326,10
188,0.65478515625,714,636,60,44,390,5
189,0.78271484375,1063,682,223,111,16,4
189,0.7734375,510,657,88,54,18,8
189,0.89501953125,915,607,327,148,19,2
189,0.8818359375,1529,701,299,140,22,14
189,0.884765625,768,660,119,68,93,1
189,0.73876953125,447,645,81,56,94,3
189,0.673828125,1150,671,98,85,223,6
189,0.67919921875,602,633,71,46,264,0
189,0.8232421875,864,659,106,54,311,11
189,0.76611328125,409,627,83,70,326,10
189,0.6513671875,718,636,61,45,390,5
190,0.79833984375,1078,683,230,113,16,4
190,0.810546875,516,658,90,54,18,8
190,0.892578125,922,607,331,150,19,2
190,0.884765625,1549,703,307,141,22,14
190,0.89111328125,775,660,121,69,93,1
190,0.74462890625,449,645,80,56,94,3
190,0.64599609375,1160,671,98,84,223,6
190,0.68603515625,606,634,73,47,264,0
190,0.822265625,872,659,106,53,311,11
190,0.72802734375,413,628,84,71,326,10
190,0.7265625,1415,641,92,28,356,7
190,0.69580078125,722,637,61,43,390,5
191,0.78515625,1094,683,241,114,16,4
191,0.80322265625,520,659,91,54,18,8
191,0.88623046875,930,608,334,150,19,2
191,0.88232421875,1569,705,311,142,22,14
191,0.87841796875,782,660,122,70,93,1
191,0.72021484375,453,645,81,57,94,3
191,0.71533203125,611,634,72,47,264,0
191,0.8232421875,881,660,107,53,311,11
191,0.76611328125,414,628,83,71,326,10
191,0.80078125,1400,641,95,27,356,7
191,0.5869140625,270,636,51,37,358,9
191,0.69921875,727,638,62,43,390,5
192,0.544921875,1107,684,243,114,16,4
192,0.7890625,525,659,94,54,18,8
192,0.888671875,936,607,339,149,19,2
192,0.90380859375,1590,706,319,143,22,14
192,0.875,789,661,123,70,93,1
192,0.74462890625,456,646,81,58,94,3
192,0.74169921875,615,634,72,48,264,0
192,0.830078125,889,661,108,53,311,11
192,0.7734375,419,628,86,72,326,10
192,0.78271484375,1386,641,96,27,356,7
192,0.71875,732,638,62,43,390,5
193,0.716796875,1120,685,246,116,16,4
193,0.806640625,529,660,95,55,18,8
193,0.90966796875,943,608,342,151,19,2
193,0.91650390625,1611,708,324,144,22,14
193,0.89013671875,796,661,124,71,93,1
193,0.7138671875,461,646,83,59,94,3
193,0.78271484375,619,634,74,48,264,0
193,0.85107421875,895,662,110,54,311,11
193,0.80419921875,423,628,89,72,326,10
193,0.78271484375,1372,640,95,26,356,7
193,0.609375,275,637,52,36,358,6
193,0.525390625,224,624,43,29,375,9
193,0.767578125,736,638,62,45,390,5
194,0.78125,1132,686,247,118,16,4
194,0.82666015625,534,660,94,55,18,8
194,0.89404296875,952,608,348,152,19,2
194,0.9111328125,1634,710,330,146,22,14
194,0.8896484375,804,662,125,71,93,1
194,0.7265625,464,645,81,60,94,3
194,0.53125,551,631,88,57,142,12
194,0.80322265625,623,635,74,48,264,0
194,0.84716796875,904,662,109,55,311,11
194,0.7744140625,425,628,86,72,326,10
194,0.7890625,1357,639,94,27,356,7
194,0.541015625,225,624,41,28,375,9
194,0.822265625,740,639,61,45,390,5
194,0.6669921875,1888,654,59,34,403,13
195,0.767578125,1145,687,246,118,16,4
195,0.82568359375,538,660,95,57,18,8
195,0.91357421875,960,609,351,156,19,2
195,0.91357421875,1656,711,337,148,22,14
195,0.88330078125,811,662,126,70,93,1
195,0.6943359375,466,646,79,61,94,3
195,0.77197265625,627,635,74,49,264,0
195,0.8408203125,913,662,110,55,311,11
195,0.7734375,426,628,84,71,326,10
195,0.79052734375,1343,639,92,27,356,7
195,0.79931640625,745,639,63,46,390,5
195,0.67236328125,1881,654,77,35,403,13
196,0.513671875,1158,688,249,119,16,4
196,0.82666015625,542,660,95,57,18,8
196,0.90966796875,969,609,353,156,19,2
196,0.91650390625,1680,712,345,149,22,14
196,0.88330078125,818,663,128,71,93,1
196,0.7294921875,469,646,78,60,94,3
196,0.796875,631,635,76,49,264,0
196,0.845703125,921,663,109,56,311,11
196,0.79052734375,429,629,86,71,326,10
196,0.73876953125,1331,639,89,27,356,7
196,0.763671875,750,639,63,46,390,5
196,0.533203125,1873,655,93,34,403,13
197,0.6513671875,1173,689,252,122,16,4
197,0.82080078125,547,660,97,58,18,8
197,0.900390625,977,608,355,156,19,2
197,0.9130859375,1703,713,351,152,22,14
197,0.880859375,827,663,129,72,93,1
197,0.732421875,474,647,80,61,94,3
197,0.7744140625,636,635,75,49,264,0
197,0.84814453125,930,663,108,56,311,11
197,0.78515625,433,629,88,72,326,10
197,0.71875,1317,639,88,26,356,7
197,0.548828125,285,638,53,37,358,6
197,0.517578125,229,624,44,29,375,9
197,0.810546875,755,639,66,46,390,5
198,0.509765625,1187,690,253,123,16,4
198,0.82421875,551,661,96,59,18,8
198,0.9091796875,984,609,359,157,19,2
198,0.9150390625,1728,715,358,153,22,14
198,0.896484375,835,664,131,72,93,1
198,0.69091796875,478,647,81,60,94,3
198,0.80078125,640,635,76,49,264,0
198,0.84912109375,938,664,110,57,311,11
198,0.83349609375,436,630,89,73,326,10
198,0.638671875,1305,638,84,26,356,7
198,0.58154296875,288,638,52,37,358,6
198,0.7265625,760,640,66,46,390,5
198,0.5390625,1859,654,114,35,403,12
199,0.57177734375,1203,690,257,124,16,4
199,0.8115234375,555,661,97,59,18,8
199,0.9013671875,992,610,362,159,19,2
199,0.91357421875,1744,716,350,154,22,14
199,0.88330078125,842,665,132,73,93,1
199,0.73876953125,482,647,82,59,94,3
199,0.77197265625,644,635,77,49,264,0
199,0.8408203125,947,664,111,57,311,11
199,0.8115234375,439,630,89,73,326,10
199,0.55078125,1296,638,75,27,356,7
199,0.60009765625,290,638,53,36,358,6
199,0.52734375,231,625,44,30,375,9
199,0.822265625,766,640,68,46,390,5
200,0.5927734375,1217,691,261,125,16,4
200,0.83349609375,559,662,98,58,18,8
200,0.9072265625,1000,611,371,161,19,2
200,0.91357421875,1755,718,328,157,22,14
200,0.8916015625,850,665,132,73,93,1
200,0.79931640625,486,647,82,60,94,3
200,0.80078125,648,635,79,50,264,0
200,0.8427734375,955,665,111,57,311,11
200,0.83447265625,441,630,86,73,326,10
200,0.7041015625,293,638,54,36,358,6
200,0.822265625,770,641,69,47,390,5
201,0.689453125,1233,692,265,127,16,4
201,0.81884765625,564,662,98,58,18,8
201,0.90478515625,1008,611,376,163,19,2
201,0.9140625,1766,719,307,160,22,14
201,0.8916015625,858,666,133,74,93,1
201,0.78662109375,490,648,85,61,94,3
201,0.7890625,654,635,78,51,264,0
201,0.8408203125,964,665,113,58,311,11
201,0.83642578125,443,630,84,73,326,10
201,0.7041015625,295,638,55,38,358,6
201,0.80322265625,777,641,73,48,390,5
202,0.548828125,1249,692,267,128,16,4
202,0.82080078125,568,664,100,58,18,8
202,0.908203125,1017,611,380,164,19,2
202,0.9111328125,1777,720,284,164,22,14
202,0.88623046875,866,666,133,76,93,1
202,0.76904296875,492,649,83,61,94,3
202,0.75634765625,657,636,79,52,264,0
202,0.845703125,973,666,117,58,311,11
202,0.81884765625,446,630,85,73,326,10
202,0.69287109375,297,638,55,38,358,6
202,0.80810546875,783,641,75,48,390,5
203,0.60205078125,1265,694,272,131,16,4
203,0.8173828125,573,664,101,59,18,8
203,0.91259765625,1026,611,382,164,19,2
203,0.89892578125,1790,722,259,167,22,14
203,0.8955078125,874,666,134,76,93,1
203,0.75341796875,496,649,83,61,94,3
203,0.529296875,590,631,82,57,142,7
203,0.7490234375,662,636,80,53,264,0
203,0.84716796875,981,666,118,59,311,11
203,0.79443359375,449,630,85,73,326,10
203,0.6318359375,299,638,56,38,358,6
203,0.80419921875,787,642,75,48,390,5
204,0.62255859375,1282,695,275,132,16,4
204,0.83203125,578,663,102,59,18,8
204,0.90185546875,1035,611,386,166,19,2
204,0.8896484375,1802,722,235,163,22,14
204,0.88623046875,883,667,137,76,93,1
204,0.76611328125,500,650,84,60,94,3
204,0.7841796875,667,636,80,53,264,0
204,0.83447265625,991,667,118,60,311,11
204,0.8115234375,454,631,89,73,326,10
204,0.6513671875,303,639,53,38,358,6
204,0.83203125,794,642,77,48,390,5
204,0.50390625,1743,651,110,31,415,9
205,0.5078125,1299,696,278,133,16,4
205,0.83203125,582,664,103,60,18,8
205,0.916015625,1044,611,390,168,19,2
205,0.88232421875,1814,721,211,157,22,14
205,0.89501953125,891,668,138,77,93,1
205,0.7431640625,504,650,84,60,94,3
205,0.7431640625,669,637,84,52,264,0
205,0.84716796875,1000,668,119,60,311,11
205,0.8232421875,456,631,89,74,326,10
205,0.66015625,304,639,56,39,358,6
205,0.77197265625,799,642,79,48,390,5
205,0.66357421875,1732,651,117,30,415,9
206,0.708984375,1315,697,285,134,16,4
206,0.82568359375,587,665,102,60,18,8
206,0.91748046875,1053,612,395,169,19,2
206,0.89404296875,1826,722,186,155,22,14
206,0.88818359375,900,668,140,78,93,1
206,0.74755859375,508,647,84,65,94,3
206,0.552734375,602,632,81,57,142,7
206,0.80078125,676,637,81,52,264,0
206,0.8427734375,1009,668,120,60,311,11
206,0.7919921875,459,632,87,74,326,10
206,0.5390625,307,639,57,39,358,6
206,0.7734375,805,642,79,48,390,5
206,0.6298828125,1717,650,118,29,415,9
207,0.57958984375,1334,698,288,136,16,4
207,0.7841796875,592,665,102,60,18,8
207,0.9189453125,1061,613,401,171,19,2
207,0.89404296875,1840,722,159,155,22,14
207,0.88232421875,908,669,141,78,93,1
207,0.70751953125,510,648,83,65,94,3
207,0.77587890625,681,637,83,52,264,0
207,0.83984375,1018,669,122,61,311,11
207,0.83740234375,462,632,86,76,326,10
207,0.67041015625,309,639,57,40,358,6
207,0.81396484375,811,643,82,48,390,5
207,0.6826171875,1701,650,115,31,415,9
208,0.642578125,1350,699,293,136,16,4
208,0.79296875,599,665,98,61,18,8
208,0.92236328125,1071,613,407,173,19,2
208,0.884765625,1853,725,133,152,22,14
208,0.9013671875,918,669,142,78,93,1
208,0.6298828125,512,649,80,66,94,3
208,0.7041015625,686,638,81,52,264,0
208,0.86328125,1028,669,121,61,311,11
208,0.79296875,465,632,88,76,326,10
208,0.62451171875,310,639,61,40,358,6
208,0.8154296875,816,643,82,48,390,5
208,0.65478515625,1684,650,114,31,415,9
209,0.7373046875,1368,700,297,138,16,4
209,0.7919921875,602,665,103,61,18,8
209,0.9189453125,1081,613,412,175,19,2
209,0.83203125,1867,739,104,128,22,14
209,0.884765625,926,670,145,79,93,1
209,0.73583984375,519,650,84,65,94,3
209,0.796875,692,638,81,52,264,0
209,0.841796875,1038,669,122,62,311,11
209,0.7958984375,470,632,89,76,326,10
209,0.67236328125,312,640,63,41,358,6
209,0.513671875,250,626,44,28,375,7
209,0.822265625,822,643,83,48,390,5
209,0.73095703125,1669,649,114,30,415,9
210,0.6875,1387,701,302,139,16,4
210,0.8388671875,606,666,106,61,18,8
210,0.92236328125,1092,613,419,176,19,2
210,0.82763671875,1881,746,76,121,22,14
210,0.8896484375,935,671,147,79,93,1
210,0.75634765625,522,650,84,65,94,3
210,0.80078125,697,638,81,53,264,0
210,0.85498046875,1048,670,124,62,311,11
210,0.830078125,473,632,89,76,326,10
210,0.6298828125,314,640,65,41,358,6
210,0.8115234375,827,643,84,48,390,5
210,0.74755859375,1654,648,112,29,415,9
210,0.513671875,367,620,51,33,416,12
211,0.75927734375,1406,702,308,141,16,4
211,0.81884765625,610,666,108,62,18,8
211,0.923828125,1101,614,423,178,19,2
211,0.896484375,944,671,147,79,93,1
211,0.69921875,526,650,83,65,94,3
211,0.7490234375,703,639,81,53,264,0
211,0.845703125,1058,671,125,63,311,11
211,0.82568359375,477,632,89,77,326,10
211,0.62451171875,317,640,65,42,358,6
211,0.8427734375,833,643,86,49,390,5
211,0.732421875,1638,648,111,29,415,9
212,0.76904296875,1425,704,312,141,16,4
212,0.82666015625,615,667,109,61,18,8
212,0.92626953125,1110,614,428,180,19,2
212,0.548828125,1910,734,15,81,22,7
212,0.8896484375,953,671,149,80,93,1
212,0.70556640625,529,650,81,66,94,3
212,0.7373046875,706,639,84,52,264,0
212,0.8388671875,1068,671,126,63,311,11
212,0.81298828125,481,632,90,77,326,10
212,0.6806640625,320,640,65,41,358,6
212,0.83984375,839,644,87,50,390,5
212,0.68408203125,1623,647,113,29,415,9
213,0.71875,1445,704,318,144,16,4
213,0.80810546875,619,667,110,61,18,8
213,0.92431640625,1120,614,432,181,19,2
213,0.8974609375,962,672,150,81,93,1
213,0.62451171875,532,651,79,65,94,3
213,0.79443359375,711,639,84,53,264,0
213,0.85498046875,1078,672,128,63,311,11
213,0.82080078125,484,632,91,77,326,10
213,0.673828125,322,640,65,41,358,6
213,0.83203125,845,644,89,51,390,5
213,0.72802734375,1610,647,109,29,415,9
214,0.822265625,1465,705,323,147,16,4
214,0.8115234375,626,668,111,61,18,8
214,0.927734375,1130,614,438,183,19,2
214,0.8896484375,971,673,152,82,93,1
214,0.8017578125,717,639,84,53,264,0
214,0.84814453125,1087,672,131,64,311,11
214,0.80908203125,488,632,92,79,326,10
214,0.6669921875,325,640,66,41,358,6
214,0.84912109375,850,644,90,52,390,5
214,0.69775390625,1598,647,102,29,415,9
215,0.8857421875,1484,707,329,149,16,4
215,0.8388671875,631,668,111,62,18,8
215,0.92919921875,1141,614,444,184,19,2
215,0.90283203125,980,673,153,83,93,1
215,0.7890625,722,639,86,53,264,0
215,0.85986328125,1097,673,134,65,311,11
215,0.79052734375,492,633,93,79,326,10
215,0.69091796875,328,640,66,43,358,6
215,0.8427734375,856,645,90,51,390,5
215,0.53515625,1589,646,91,30,415,9
216,0.85009765625,1503,708,339,150,16,4
216,0.84814453125,636,669,112,62,18,8
216,0.927734375,1152,614,451,186,19,2
216,0.89501953125,990,674,155,83,93,1
216,0.7919921875,728,640,85,53,264,0
216,0.83203125,1107,674,135,66,311,11
216,0.82763671875,496,633,94,79,326,10
216,0.67724609375,331,639,66,43,358,6
216,0.8310546875,862,645,90,51,390,5
217,0.8857421875,1521,709,348,152,16,4
217,0.84814453125,641,669,112,63,18,8
217,0.931640625,1162,615,458,188,19,2
217,0.90185546875,1000,674,156,84,93,1
217,0.67724609375,558,652,96,68,94,3
217,0.7919921875,732,641,85,54,264,0
217,0.85595703125,1119,674,135,66,311,11
217,0.7880859375,500,633,94,80,326,10
217,0.76220703125,334,639,66,44,358,6
217,0.83349609375,868,645,90,51,390,5
218,0.689453125,1542,710,359,154,16,4
218,0.85400390625,645,669,114,64,18,8
218,0.93115234375,1174,615,463,189,19,2
218,0.900390625,1010,675,158,84,93,1
218,0.74609375,564,652,100,67,94,3
218,0.82666015625,737,641,87,54,264,0
218,0.85107421875,1129,675,135,67,311,11
218,0.79931640625,503,633,92,80,326,10
218,0.77197265625,337,640,68,43,358,6
218,0.85595703125,873,646,90,51,390,5
219,0.5390625,1563,712,367,157,16,4
219,0.8681640625,651,670,114,64,18,8
219,0.93212890625,1185,615,471,190,19,2
219,0.90185546875,1020,676,160,85,93,1
219,0.78662109375,570,653,104,68,94,3
219,0.806640625,743,641,87,55,264,0
219,0.87255859375,1140,676,135,68,311,11
219,0.796875,507,633,94,80,326,10
219,0.77978515625,339,640,69,44,358,6
219,0.81884765625,879,646,90,51,390,5
220,0.67041015625,1592,713,361,159,16,4
220,0.8447265625,657,671,115,65,18,8
220,0.9306640625,1197,615,478,194,19,2
220,0.9052734375,1030,677,161,86,93,1
220,0.822265625,573,654,101,68,94,3
220,0.82080078125,748,641,88,54,264,0
220,0.85986328125,1151,676,139,69,311,11
220,0.78125,512,633,96,81,326,10
220,0.7734375,342,640,70,44,358,6
220,0.85302734375,885,646,91,52,390,5
220,0.51171875,1592,713,356,158,433,7
221,0.85302734375,663,671,115,66,18,8
221,0.92724609375,1209,615,485,195,19,2
221,0.89697265625,1040,677,164,87,93,1
221,0.78515625,577,654,100,69,94,3
221,0.7294921875,754,641,88,55,264,0
221,0.861328125,1162,677,140,69,311,11
221,0.7607421875,516,634,98,81,326,10
221,0.77587890625,345,640,70,45,358,6
221,0.87890625,891,647,91,52,390,5
222,0.611328125,1641,716,371,163,16,4
222,0.85009765625,668,672,117,66,18,8
222,0.92919921875,1220,616,491,196,19,2
222,0.8984375,1049,678,165,87,93,1
222,0.79931640625,581,655,100,69,94,3
222,0.53515625,677,633,94,56,142,7
222,0.822265625,759,641,89,55,264,0
222,0.8740234375,1173,677,141,70,311,11
222,0.78662109375,520,634,98,82,326,10
222,0.76611328125,348,641,70,45,358,6
222,0.8818359375,897,647,92,53,390,5
222,0.70263671875,1877,653,81,37,436,9
223,0.609375,1665,718,379,164,16,4
223,0.85595703125,675,672,118,67,18,8
223,0.93359375,1232,617,497,198,19,2
223,0.89501953125,1060,678,167,88,93,1
223,0.76220703125,585,655,99,68,94,3
223,0.72802734375,1470,693,87,108,223,12
223,0.78662109375,765,642,88,56,264,0
223,0.85986328125,1185,678,143,69,311,11
223,0.79833984375,524,635,98,83,326,10
223,0.7578125,351,642,70,44,358,6
223,0.517578125,277,629,41,30,375,13
223,0.8642578125,903,647,93,54,390,5
224,0.689453125,1689,719,386,167,16,4
224,0.85009765625,681,673,119,67,18,8
224,0.93115234375,1244,616,506,200,19,2
224,0.90185546875,1070,679,170,90,93,1
224,0.79931640625,590,655,100,68,94,3
224,0.79052734375,1482,694,87,108,223,12
224,0.80908203125,770,642,90,57,264,0
224,0.88330078125,1195,679,145,70,311,11
224,0.83544921875,528,635,99,84,326,10
224,0.79443359375,354,642,70,43,358,6
224,0.8642578125,910,647,94,54,390,5
224,0.69775390625,1856,673,125,79,436,7
225,0.70751953125,1715,720,394,168,16,4
225,0.85205078125,686,673,119,67,18,8
225,0.93359375,1256,616,512,203,19,2
225,0.916015625,1080,680,171,91,93,1
225,0.53125,593,655,99,68,94,3
225,0.513671875,694,634,91,58,142,9
225,0.81884765625,1498,694,93,109,223,12
225,0.80322265625,777,642,89,58,264,0
225,0.865234375,1208,680,146,70,311,11
225,0.841796875,532,635,99,84,326,10
225,0.79296875,357,643,70,44,358,6
225,0.8623046875,916,647,95,54,390,5
225,0.57373046875,1850,667,126,68,436,7
226,0.62060546875,1730,722,378,171,16,4
226,0.85595703125,692,674,121,67,18,8
226,0.9375,1269,617,521,203,19,2
226,0.90869140625,1091,681,173,92,93,1
226,0.75048828125,607,656,83,68,94,3
226,0.80908203125,1515,695,99,110,223,12
226,0.8291015625,783,642,89,58,264,0
226,0.87841796875,1220,681,146,71,311,11
226,0.81298828125,537,635,100,84,326,10
226,0.81396484375,360,643,69,43,358,6
226,0.87060546875,922,648,96,54,390,5
227,0.56591796875,1742,724,355,173,16,4
227,0.8759765625,698,674,122,67,18,8
227,0.93701171875,1280,617,530,205,19,2
227,0.90380859375,1102,682,175,93,93,1
227,0.7880859375,609,656,94,69,94,3
227,0.81298828125,1532,696,103,111,223,12
227,0.8115234375,788,643,92,58,264,0
227,0.87060546875,1232,682,147,73,311,11
227,0.81640625,542,634,102,87,326,10
227,0.82666015625,363,643,70,44,358,6
227,0.85498046875,928,649,96,55,390,5
228,0.8623046875,704,675,123,69,18,8
228,0.9375,1293,618,536,207,19,2
228,0.91357421875,1113,683,178,93,93,1
228,0.64794921875,611,656,102,70,94,3
228,0.708984375,1552,697,112,112,223,12
228,0.796875,795,643,90,59,264,0
228,0.865234375,1244,682,149,73,311,11
228,0.78271484375,546,634,102,87,326,10
228,0.830078125,366,644,70,43,358,6
228,0.8291015625,935,649,96,55,390,5
229,0.71240234375,1765,726,308,181,16,4
229,0.85498046875,710,675,123,70,18,8
229,0.93701171875,1307,618,545,209,19,2
229,0.91357421875,1124,683,179,93,93,1
229,0.81298828125,614,656,106,71,94,3
229,0.82421875,1568,698,114,113,223,12
229,0.7744140625,799,642,92,60,264,0
229,0.8642578125,1257,683,152,74,311,11
229,0.81298828125,551,633,104,89,326,10
229,0.82666015625,369,643,71,44,358,6
229,0.53515625,290,630,46,29,375,7
229,0.85302734375,941,650,96,55,390,5
230,0.69287109375,1778,727,283,184,16,4
230,0.865234375,717,675,124,70,18,8
230,0.9365234375,1321,618,551,212,19,2
230,0.921875,1136,684,182,94,93,1
230,0.82421875,619,656,106,73,94,3
230,0.84814453125,1592,699,134,114,223,12
230,0.822265625,806,642,93,61,264,0
230,0.8798828125,1269,684,153,75,311,11
230,0.80078125,556,634,106,90,326,10
230,0.8154296875,371,644,73,44,358,6
230,0.85986328125,948,650,98,55,390,5
231,0.52734375,1790,729,259,182,16,4
231,0.87255859375,724,676,125,70,18,8
231,0.9423828125,1335,619,562,213,19,2
231,0.9072265625,1147,685,185,95,93,1
231,0.8310546875,624,657,108,74,94,3
231,0.84814453125,1614,700,145,117,223,12
231,0.7919921875,812,643,95,61,264,0
231,0.87646484375,1282,685,155,75,311,11
231,0.81884765625,561,634,106,91,326,10
231,0.80322265625,374,644,74,45,358,6
231,0.521484375,294,629,45,29,375,7
231,0.84912109375,956,650,99,56,390,5
232,0.60205078125,1802,727,235,172,16,4
232,0.86865234375,730,677,126,71,18,8
232,0.94384765625,1348,619,571,216,19,2
232,0.9111328125,1158,686,188,96,93,1
232,0.8388671875,630,658,109,75,94,3
232,0.8232421875,1636,703,159,122,223,12
232,0.7958984375,819,643,94,60,264,0
232,0.8740234375,1295,686,156,77,311,11
232,0.85595703125,564,634,107,93,326,10
232,0.80908203125,377,644,74,45,358,6
232,0.5,299,629,40,30,375,7
232,0.84375,962,650,99,57,390,5
233,0.80322265625,1816,725,207,173,16,4
233,0.87158203125,736,677,128,72,18,8
233,0.94482421875,1362,619,580,218,19,2
233,0.9140625,1169,686,189,96,93,1
233,0.841796875,635,658,110,75,94,3
233,0.85595703125,1656,705,166,126,223,12
233,0.83349609375,826,644,95,60,264,0
233,0.8759765625,1307,687,161,78,311,11
233,0.82421875,569,634,108,94,326,10
233,0.8115234375,380,644,74,46,358,6
233,0.56201171875,298,629,45,31,375,7
233,0.86328125,969,650,101,58,390,5
234,0.642578125,1829,725,180,174,16,4
234,0.87890625,743,678,129,72,18,8
234,0.9453125,1378,619,592,221,19,2
234,0.91552734375,1181,687,191,97,93,1
234,0.8447265625,640,658,109,74,94,3
234,0.8818359375,1677,707,175,129,223,12
234,0.82080078125,832,644,96,60,264,0
234,0.8642578125,1320,687,162,78,311,11
234,0.82666015625,573,635,108,93,326,10
234,0.81640625,383,644,74,46,358,6
234,0.84912109375,976,651,102,58,390,5
235,0.60595703125,1844,726,151,180,16,4
235,0.8798828125,750,679,130,72,18,8
235,0.94189453125,1392,620,601,222,19,2
235,0.91796875,1193,688,193,98,93,1
235,0.8291015625,645,658,112,74,94,3
235,0.8671875,1700,709,187,129,223,12
235,0.8056640625,838,645,95,61,264,0
235,0.8662109375,1333,688,164,79,311,11
235,0.810546875,577,635,109,92,326,10
235,0.81884765625,386,644,74,46,358,6
235,0.5078125,304,630,41,32,375,7
235,0.85400390625,983,651,103,57,390,5
236,0.7138671875,1858,731,122,173,16,4
236,0.884765625,757,679,130,73,18,8
236,0.943359375,1407,620,610,224,19,2
236,0.91357421875,1205,689,195,98,93,1
236,0.822265625,651,660,113,74,94,3
236,0.884765625,1721,710,196,130,223,12
236,0.82666015625,845,645,97,61,264,0
236,0.552734375,247,635,57,34,310,9
236,0.86865234375,1347,689,167,79,311,11
236,0.79833984375,582,636,111,92,326,10
236,0.8173828125,389,645,74,46,358,6
236,0.5908203125,306,630,43,32,375,7
236,0.87744140625,990,652,103,57,390,5
237,0.64794921875,1871,733,96,175,16,4
237,0.87060546875,763,679,132,74,18,8
237,0.9443359375,1422,621,621,226,19,2
237,0.92236328125,1217,690,197,100,93,1
237,0.84375,656,660,113,76,94,3
237,0.88427734375,1742,712,205,131,223,12
237,0.80419921875,851,646,98,61,264,0
237,0.8623046875,1360,690,172,80,311,11
237,0.67724609375,586,637,111,90,326,10
237,0.80908203125,392,645,74,46,358,6
237,0.85986328125,998,652,104,57,390,5
238,0.7138671875,1886,733,62,172,16,4
238,0.88232421875,770,680,134,74,18,8
238,0.939453125,1438,621,631,229,19,2
238,0.91650390625,1229,690,198,100,93,1
238,0.84375,662,661,114,75,94,3
238,0.5546875,763,627,94,44,142,7
238,0.88818359375,1763,713,214,132,223,12
238,0.78515625,857,646,99,61,264,0
238,0.85498046875,1374,691,173,79,311,11
238,0.74462890625,590,637,111,89,326,10
238,0.8056640625,395,645,75,47,358,6
238,0.541015625,310,630,42,32,375,9
238,0.861328125,1004,652,105,58,390,5
239,0.6494140625,1901,726,30,137,16,4
239,0.8896484375,778,681,136,76,18,8
239,0.94091796875,1456,621,645,231,19,2
239,0.9130859375,1241,691,201,101,93,1
239,0.83544921875,668,661,116,75,94,3
239,0.533203125,769,627,100,46,142,7
239,0.89697265625,1786,714,225,135,223,12
239,0.796875,864,646,99,62,264,0
239,0.544921875,256,635,60,36,310,13
239,0.85400390625,1388,691,176,80,311,11
239,0.79296875,594,638,114,89,326,10
239,0.81298828125,398,646,75,47,358,6
239,0.51171875,312,631,43,30,375,9
239,0.86083984375,1012,653,107,58,390,5
240,0.87646484375,785,681,138,77,18,8
240,0.94140625,1472,621,654,234,19,2
240,0.9033203125,1254,692,205,102,93,1
240,0.83349609375,674,661,118,75,94,3
240,0.517578125,771,627,109,45,142,7
240,0.91357421875,1805,716,229,136,223,12
240,0.81298828125,872,647,99,62,264,0
240,0.501953125,259,635,61,37,310,13
240,0.85595703125,1403,693,179,81,311,11
240,0.85595703125,597,638,118,90,326,10
240,0.81884765625,401,646,75,48,358,6
240,0.509765625,313,630,45,33,375,9
240,0.87744140625,1020,653,107,59,390,5
241,0.880859375,792,682,138,77,18,8
241,0.93603515625,1489,621,664,236,19,2
241,0.9130859375,1266,693,207,103,93,1
241,0.84716796875,679,662,118,75,94,3
241,0.9111328125,1814,717,211,138,223,12
241,0.81396484375,879,647,100,63,264,0
241,0.85498046875,1417,694,178,81,311,11
241,0.85107421875,602,638,119,91,326,10
241,0.8173828125,404,646,75,50,358,6
241,0.50390625,317,630,47,34,375,9
241,0.8671875,1027,653,107,60,390,5
242,0.880859375,800,683,140,77,18,8
242,0.93896484375,1507,622,680,239,19,2
242,0.9130859375,1279,694,209,103,93,1
242,0.8291015625,686,663,121,76,94,3
242,0.505859375,789,628,98,45,142,4
242,0.91064453125,1824,718,191,138,223,12
242,0.810546875,886,647,99,64,264,0
242,0.5234375,266,633,66,43,310,7
242,0.87255859375,1431,695,179,83,311,11
242,0.83984375,606,639,123,91,326,10
242,0.83349609375,407,646,75,48,358,6
242,0.509765625,320,629,45,33,375,9
242,0.86962890625,1035,654,108,60,390,5
242,0.501953125,367,622,55,32,443,13
243,0.87255859375,808,683,142,77,18,8
243,0.94287109375,1523,623,690,242,19,2
243,0.91162109375,1292,695,212,105,93,1
243,0.82666015625,693,663,123,77,94,3
243,0.88330078125,1834,719,171,141,223,12
243,0.81640625,893,648,101,64,264,0
243,0.86865234375,1446,695,183,84,311,11
243,0.8232421875,610,639,124,91,326,10
243,0.841796875,410,647,75,48,358,6
243,0.544921875,322,629,45,33,375,9
243,0.87646484375,1044,654,109,60,390,5
244,0.880859375,815,684,142,78,18,8
244,0.94482421875,1540,623,701,245,19,2
244,0.90966796875,1305,696,214,106,93,1
244,0.796875,699,663,124,77,94,3
244,0.87255859375,1844,718,151,136,223,12
244,0.81982421875,899,648,103,64,264,0
244,0.875,1461,697,185,83,311,11
244,0.810546875,614,640,126,92,326,10
244,0.8388671875,413,647,76,48,358,6
244,0.525390625,324,629,45,33,375,9
244,0.87060546875,1052,654,110,61,390,5
245,0.88427734375,823,685,144,79,18,8
245,0.94384765625,1558,624,713,247,19,2
245,0.91357421875,1319,697,218,107,93,1
245,0.82421875,705,664,124,78,94,3
245,0.880859375,1853,718,133,132,223,12
245,0.82666015625,907,648,104,65,264,0
245,0.86962890625,1476,697,188,84,311,11
245,0.85986328125,619,640,128,92,326,10
245,0.85107421875,416,647,77,48,358,6
245,0.544921875,325,630,44,35,375,9
245,0.87060546875,1060,655,111,62,390,5
246,0.873046875,830,685,146,80,18,8
246,0.94091796875,1566,624,707,248,19,2
246,0.91748046875,1332,698,219,109,93,1
246,0.841796875,711,664,124,79,94,3
246,0.8447265625,1862,719,114,131,223,12
246,0.77587890625,914,648,105,64,264,0
246,0.85693359375,1491,698,191,85,311,11
246,0.8017578125,626,641,123,93,326,10
246,0.84912109375,418,648,77,48,358,6
246,0.60205078125,328,631,46,36,375,9
246,0.86962890625,1067,655,111,61,390,5
247,0.87841796875,838,686,147,81,18,8
247,0.94482421875,1572,624,694,252,19,2
247,0.91650390625,1346,698,222,109,93,1
247,0.83203125,718,665,126,80,94,3
247,0.845703125,1873,720,93,132,223,12
247,0.8388671875,921,649,107,65,264,0
247,0.85888671875,1507,700,193,86,311,11
247,0.806640625,632,641,122,93,326,10
247,0.8310546875,421,648,78,48,358,6
247,0.5390625,330,631,47,36,375,9
247,0.8642578125,1076,655,113,61,390,5
248,0.87744140625,846,687,149,81,18,8
248,0.94482421875,1577,623,684,252,19,2
248,0.91357421875,1359,700,225,109,93,1
248,0.81640625,724,664,128,82,94,3
248,0.56591796875,822,633,113,50,142,4
248,0.69091796875,1884,722,70,134,223,12
248,0.83447265625,930,649,107,66,264,0
248,0.86865234375,1523,701,195,87,311,11
248,0.77880859375,635,641,127,94,326,10
248,0.8232421875,424,648,78,49,358,6
248,0.59619140625,332,632,49,36,375,9
248,0.87841796875,1085,656,114,62,390,5
249,0.87158203125,855,687,151,82,18,8
249,0.94140625,1583,624,672,255,19,2
249,0.91796875,1374,700,228,110,93,1
249,0.8447265625,731,664,127,82,94,3
249,0.611328125,828,633,116,52,142,4
249,0.5546875,1895,724,48,133,223,12
249,0.810546875,936,650,107,67,264,0
249,0.87158203125,1539,702,195,89,311,11
249,0.80322265625,643,641,124,94,326,10
249,0.83544921875,427,649,79,49,358,6
249,0.61865234375,335,633,48,35,375,9
249,0.8798828125,1093,656,114,62,390,5
250,0.87158203125,863,688,152,82,18,8
250,0.9306640625,1588,623,662,255,19,2
250,0.91064453125,1388,701,232,111,93,1
250,0.86328125,737,665,128,83,94,3
250,0.529296875,836,633,115,52,142,4
250,0.8408203125,944,650,110,67,264,0
250,0.5849609375,284,633,63,48,310,7
250,0.8857421875,1556,703,199,90,311,11
250,0.82080078125,649,641,123,94,326,10
250,0.82666015625,431,649,79,49,358,6
250,0.544921875,338,632,48,37,375,9
250,0.87744140625,1101,657,115,64,390,5
251,0.873046875,872,689,155,83,18,8
251,0.93896484375,1593,624,652,260,19,2
251,0.91943359375,1402,702,234,113,93,1
251,0.83203125,744,665,128,83,94,3
251,0.80908203125,952,650,113,67,264,0
251,0.515625,287,633,59,48,310,7
251,0.89111328125,1573,704,207,91,311,11
251,0.83544921875,654,641,121,95,326,10
251,0.8115234375,434,649,78,49,358,6
251,0.51171875,340,632,49,37,375,9
251,0.875,1110,657,116,63,390,5
252,0.8759765625,881,690,158,84,18,8
252,0.92431640625,1601,622,636,259,19,2
252,0.9208984375,1417,704,237,114,93,1
252,0.8408203125,751,666,131,83,94,3
252,0.81884765625,961,650,111,68,264,0
252,0.544921875,291,635,57,44,310,7
252,0.88330078125,1591,705,211,91,311,11
252,0.767578125,659,642,120,96,326,10
252,0.82421875,437,649,79,49,358,6
252,0.55810546875,343,633,49,34,375,9
252,0.87060546875,1119,658,119,63,390,5
253,0.87646484375,889,690,158,85,18,8
253,0.9345703125,1610,622,619,260,19,2
253,0.91552734375,1432,704,240,115,93,1
253,0.86328125,757,667,132,82,94,3
253,0.6318359375,855,635,126,56,142,4
253,0.8447265625,968,651,111,69,264,0
253,0.8916015625,1611,706,218,92,311,11
253,0.7841796875,664,642,121,96,326,10
253,0.8408203125,441,649,80,50,358,6
253,0.60400390625,346,634,49,33,375,9
253,0.8740234375,1128,658,120,64,390,5
254,0.8818359375,899,692,159,85,18,8
254,0.93603515625,1617,621,604,260,19,2
254,0.9228515625,1447,706,243,116,93,1
254,0.8759765625,764,667,133,82,94,3
254,0.8388671875,977,652,111,69,264,0
254,0.55078125,298,636,55,42,310,7
254,0.8984375,1628,707,220,93,311,11
254,0.85107421875,669,642,122,96,326,10
254,0.8427734375,444,649,80,50,358,6
254,0.62255859375,349,634,48,33,375,9
254,0.873046875,1137,659,120,65,390,5
255,0.875,908,692,161,85,18,8
255,0.935546875,1624,621,591,263,19,2
255,0.91748046875,1462,707,247,116,93,1
255,0.85693359375,771,668,135,83,94,3
255,0.83203125,986,652,111,69,264,0
255,0.5908203125,299,636,58,43,310,7
255,0.88818359375,1645,707,222,95,311,11
255,0.83642578125,673,643,122,96,326,10
255,0.85302734375,447,650,81,51,358,6
255,0.67724609375,351,634,48,33,375,9
255,0.88232421875,1147,659,120,66,390,5
255,0.6513671875,1290,637,81,27,484,4
256,0.88427734375,917,693,164,86,18,8
256,0.9375,1631,621,576,263,19,2
256,0.92431640625,1477,708,251,116,93,1
256,0.85302734375,778,668,137,85,94,3
256,0.5546875,883,634,113,53,142,12
256,0.8427734375,994,652,113,69,264,0
256,0.658203125,301,636,58,44,310,7
256,0.89892578125,1663,708,227,97,311,11
256,0.81396484375,678,644,124,98,326,10
256,0.84814453125,450,650,81,52,358,6
256,0.7216796875,354,634,48,33,375,9
256,0.8818359375,1157,659,122,67,390,5
256,0.6689453125,1285,637,86,28,484,4
257,0.8857421875,927,694,165,87,18,8
257,0.9345703125,1638,621,562,265,19,2
257,0.91259765625,1493,708,253,118,93,1
257,0.85888671875,785,669,137,85,94,3
257,0.79833984375,1002,653,114,70,264,0
257,0.505859375,306,638,52,41,310,7
257,0.89111328125,1683,710,228,97,311,11
257,0.763671875,684,644,125,98,326,10
257,0.8427734375,453,651,82,51,358,6
257,0.6279296875,356,635,50,33,375,9
257,0.87744140625,1166,660,123,67,390,5
257,0.59814453125,1273,637,85,28,484,4
258,0.8857421875,937,695,167,87,18,8
258,0.94873046875,1646,622,547,268,19,2
258,0.9130859375,1508,709,258,119,93,1
258,0.85400390625,793,669,139,85,94,3
258,0.78515625,1010,653,116,71,264,0
258,0.89111328125,1703,711,235,98,311,11
258,0.80908203125,689,644,126,99,326,10
258,0.82568359375,456,651,81,52,358,6
258,0.66552734375,358,635,52,34,375,9
258,0.87646484375,1176,660,125,69,390,5
258,0.607421875,1334,638,81,30,492,12
259,0.888671875,948,696,168,88,18,8
259,0.9404296875,1653,622,533,268,19,2
259,0.92138671875,1525,711,262,121,93,1
259,0.85400390625,800,670,141,86,94,3
259,0.556640625,900,639,126,63,142,4
259,0.8447265625,1019,654,117,71,264,0
259,0.69775390625,306,638,63,43,310,7
259,0.9033203125,1724,712,241,99,311,11
259,0.82666015625,694,644,129,99,326,10
259,0.8447265625,459,650,82,53,358,6
259,0.67919921875,361,635,51,34,375,9
259,0.85986328125,1186,661,126,67,390,5
259,0.56982421875,1252,636,69,28,484,13
259,0.7216796875,1331,638,99,30,492,12
260,0.88818359375,958,696,170,89,18,8
260,0.875,1657,622,524,268,19,2
260,0.927734375,1542,712,266,122,93,1
260,0.85791015625,809,671,143,88,94,3
260,0.58154296875,910,639,126,64,142,4
260,0.83740234375,1028,654,117,71,264,0
260,0.7548828125,307,639,66,42,310,7
260,0.9013671875,1745,713,245,100,311,11
260,0.8154296875,700,645,129,100,326,10
260,0.83984375,463,651,83,53,358,6
260,0.7216796875,364,635,50,35,375,9
260,0.865234375,1196,662,128,66,390,5
260,0.69091796875,1324,637,99,31,492,12
261,0.88427734375,968,698,173,90,18,8
261,0.888671875,1667,622,505,268,19,2
261,0.91650390625,1559,713,269,124,93,1
261,0.85400390625,817,671,145,88,94,3
261,0.63720703125,919,639,124,64,142,4
261,0.83447265625,1037,654,119,72,264,0
261,0.69580078125,310,639,65,41,310,7
261,0.89501953125,1765,715,247,100,311,11
261,0.76611328125,706,646,131,101,326,10
261,0.82080078125,466,651,83,54,358,6
261,0.70068359375,367,636,49,35,375,9
261,0.8681640625,1206,662,129,67,390,5
261,0.62060546875,1307,637,102,31,492,12
262,0.892578125,978,698,175,91,18,8
262,0.8232421875,1677,618,485,260,19,2
262,0.91162109375,1576,715,272,125,93,1
262,0.8740234375,825,672,147,90,94,3
262,0.5078125,928,640,124,66,142,4
262,0.83203125,1046,655,122,72,264,0
262,0.68603515625,313,639,65,42,310,7
262,0.8798828125,1785,717,251,102,311,11
262,0.77587890625,710,646,134,101,326,10
262,0.86962890625,469,651,83,54,358,6
262,0.7041015625,368,636,49,34,375,9
262,0.8818359375,1216,662,131,69,390,5
262,0.501953125,632,632,39,46,488,13
262,0.69921875,1295,637,94,31,492,12
263,0.89892578125,989,700,176,92,18,8
263,0.92529296875,1594,716,277,126,93,1
263,0.865234375,833,673,149,92,94,3
263,0.53515625,937,641,125,67,142,4
263,0.83203125,1055,656,123,73,264,0
263,0.638671875,316,639,65,43,310,7
263,0.8916015625,1799,718,241,105,311,11
263,0.82568359375,717,646,132,102,326,10
263,0.81884765625,472,652,84,54,358,6
263,0.71240234375,370,636,51,36,375,9
263,0.8671875,1227,662,132,70,390,5
263,0.5849609375,1284,638,83,32,492,12
263,0.56591796875,1419,643,67,23,496,14
264,0.8955078125,1000,701,179,92,18,8
264,0.9091796875,1611,717,283,126,93,1
264,0.85107421875,841,673,151,93,94,3
264,0.83447265625,1065,656,122,73,264,0
264,0.66357421875,318,639,68,43,310,7
264,0.88330078125,1807,720,225,104,311,11
264,0.85791015625,721,646,132,103,326,10
264,0.8173828125,476,652,86,54,358,6
264,0.6806640625,374,636,51,37,375,9
264,0.888671875,1237,663,132,70,390,5
264,0.51953125,1419,644,90,24,496,14
265,0.89892578125,1011,702,182,94,18,8
265,0.529296875,1703,591,433,206,19,2
265,0.92138671875,1629,718,285,129,93,1
265,0.875,850,673,152,93,94,3
265,0.52734375,952,642,128,70,142,4
265,0.873046875,1073,656,125,73,264,0
265,0.70263671875,320,640,68,43,310,7
265,0.88330078125,1816,721,207,104,311,11
265,0.822265625,728,647,133,104,326,10
265,0.81298828125,479,653,87,54,358,6
265,0.66015625,376,636,53,36,375,9
265,0.8681640625,1248,664,134,71,390,5
265,0.67919921875,1411,643,95,24,496,14
266,0.8974609375,1023,703,185,94,18,8
266,0.91845703125,1647,719,290,131,93,1
266,0.87744140625,858,674,154,94,94,3
266,0.50390625,960,643,128,71,142,4
266,0.85595703125,1083,656,126,74,264,0
266,0.71533203125,322,641,69,41,310,7
266,0.8740234375,1827,722,185,106,311,11
266,0.8232421875,734,647,133,104,326,10
266,0.83203125,482,654,86,54,358,6
266,0.63330078125,379,636,52,36,375,9
266,0.8759765625,1259,664,135,72,390,5
266,0.56982421875,650,633,45,49,488,12
266,0.70068359375,1396,643,96,24,496,14
267,0.900390625,1035,704,186,95,18,8
267,0.91845703125,1666,721,294,131,93,1
267,0.8740234375,867,675,156,93,94,3
267,0.85302734375,1093,657,127,75,264,0
267,0.708984375,324,641,68,41,310,7
267,0.85693359375,1838,724,163,106,311,11
267,0.81640625,739,648,137,106,326,10
267,0.83740234375,486,654,86,54,358,6
267,0.67041015625,382,636,53,35,375,9
267,0.8759765625,1270,665,137,71,390,5
267,0.611328125,1380,642,98,24,496,14
267,0.56201171875,1473,645,95,24,501,2
268,0.90869140625,1047,705,188,95,18,8
268,0.91552734375,1684,722,299,133,93,1
268,0.87841796875,875,676,158,94,94,3
268,0.517578125,977,645,126,73,142,4
268,0.83544921875,1103,657,128,75,264,0
268,0.70263671875,327,641,69,41,310,7
268,0.86865234375,1847,724,144,103,311,11
268,0.763671875,746,648,139,106,326,10
268,0.83984375,490,654,86,54,358,6
268,0.70068359375,386,636,52,36,375,9
268,0.8896484375,1281,666,138,71,390,5
268,0.55810546875,659,632,48,50,488,12
268,0.73876953125,1369,643,88,24,496,14
268,0.6875,1464,645,98,24,501,2
269,0.90576171875,1059,706,190,97,18,8
269,0.91943359375,1704,723,304,134,93,1
269,0.88427734375,884,677,159,95,94,3
269,0.521484375,988,646,130,75,142,4
269,0.85009765625,1112,658,133,75,264,0
269,0.716796875,329,641,70,41,310,7
269,0.83984375,1860,723,118,101,311,11
269,0.80078125,753,648,140,107,326,10
269,0.8388671875,493,655,87,55,358,6
269,0.73876953125,389,636,53,36,375,9
269,0.87255859375,1293,667,140,73,390,5
269,0.529296875,664,633,49,51,488,12
269,0.6826171875,1361,642,75,25,496,14
269,0.72509765625,1449,645,100,23,501,2
269,0.6259765625,1193,649,84,56,508,13
270,0.90576171875,1071,707,194,98,18,8
270,0.501953125,1746,590,343,201,19,15
270,0.9150390625,1723,725,310,135,93,1
270,0.87646484375,893,677,161,96,94,3
270,0.83447265625,1123,659,132,76,264,0
270,0.73876953125,331,641,71,41,310,7
270,0.796875,1870,721,99,96,311,11
270,0.8408203125,759,648,142,108,326,10
270,0.822265625,497,655,89,55,358,6
270,0.72021484375,392,636,52,38,375,9
270,0.87646484375,1305,667,142,74,390,5
270,0.515625,437,626,51,35,443,16
270,0.56005859375,1186,634,62,27,484,17
270,0.501953125,669,633,50,50,488,12
270,0.609375,1354,642,62,25,496,14
270,0.7431640625,1435,645,97,22,501,2
271,0.9111328125,1084,708,196,100,18,8
271,0.916015625,1744,726,316,136,93,1
271,0.87890625,901,677,163,97,94,3
271,0.513671875,1006,647,130,78,142,4
271,0.8740234375,1133,659,134,77,264,0
271,0.7548828125,334,641,71,41,310,7
271,0.63330078125,1880,722,78,91,311,11
271,0.83984375,764,649,143,108,326,10
271,0.82763671875,501,655,89,55,358,6
271,0.7431640625,394,636,56,38,375,9
271,0.87158203125,1317,667,143,74,390,5
271,0.708984375,1422,645,96,22,501,2
272,0.90869140625,1097,709,200,100,18,8
272,0.50390625,1766,592,302,204,19,12
272,0.91796875,1762,728,314,138,93,1
272,0.88720703125,910,678,165,98,94,3
272,0.80322265625,1144,660,135,78,264,0
272,0.76220703125,337,641,71,41,310,7
272,0.841796875,770,649,148,108,326,10
272,0.8291015625,504,655,88,56,358,6
272,0.732421875,397,636,57,39,375,9
272,0.875,1329,668,145,76,390,5
272,0.71875,1413,644,85,22,501,2
273,0.91552734375,1110,710,203,101,18,8
273,0.767578125,1775,594,285,209,19,12
273,0.92529296875,1772,730,295,140,93,1
273,0.8798828125,919,678,167,100,94,3
273,0.51953125,1024,652,131,87,142,4
273,0.88330078125,1154,660,137,79,264,0
273,0.7705078125,340,642,72,41,310,7
273,0.8056640625,777,649,148,109,326,10
273,0.83544921875,507,655,87,55,358,6
273,0.716796875,400,636,56,38,375,9
273,0.86083984375,1341,668,148,77,390,5
273,0.5234375,683,633,54,52,488,11
273,0.68603515625,1406,643,69,23,501,2
274,0.91943359375,1123,712,206,103,18,8
274,0.92041015625,1781,730,277,141,93,1
274,0.8759765625,928,679,169,100,94,3
274,0.5947265625,1034,654,134,91,142,4
274,0.87255859375,1164,660,141,80,264,0
274,0.72509765625,343,642,73,41,310,7
274,0.8291015625,784,650,149,110,326,10
274,0.82080078125,509,656,86,56,358,6
274,0.7373046875,401,637,59,37,375,9
274,0.87060546875,1353,669,150,76,390,5
275,0.9150390625,1137,713,208,103,18,8
275,0.927734375,1791,732,257,142,93,1
275,0.8671875,938,680,171,101,94,3
275,0.53515625,1042,654,137,91,142,4
275,0.83642578125,1175,661,143,79,264,0
275,0.7734375,345,642,74,41,310,7
275,0.83740234375,790,651,150,112,326,10
275,0.79052734375,511,656,82,57,358,6
275,0.7548828125,404,636,59,38,375,9
275,0.875,1367,670,151,77,390,5
275,0.57568359375,693,634,57,51,488,2
276,0.9130859375,1152,714,212,104,18,8
276,0.9091796875,1800,734,238,144,93,1
276,0.85693359375,948,681,171,102,94,3
276,0.88623046875,1186,662,146,79,264,0
276,0.78515625,348,642,74,42,310,7
276,0.85791015625,796,651,153,112,326,10
276,0.7919921875,513,657,79,57,358,6
276,0.71044921875,408,636,57,39,375,9
276,0.8857421875,1379,671,153,78,390,5
276,0.5888671875,698,634,59,52,488,2
276,0.513671875,248,630,53,34,497,11
277,0.90966796875,1165,716,215,105,18,8
277,0.9111328125,1811,735,217,146,93,1
277,0.85302734375,958,681,173,103,94,3
277,0.56982421875,1060,656,140,93,142,4
277,0.865234375,1199,663,145,81,264,0
277,0.8017578125,350,643,74,43,310,7
277,0.8154296875,803,651,154,113,326,10
277,0.70556640625,519,657,82,57,358,6
277,0.716796875,411,636,56,40,375,9
277,0.87646484375,1392,672,153,78,390,5
277,0.6806640625,703,634,61,52,488,2
278,0.9091796875,1180,717,218,106,18,8
278,0.8974609375,1820,735,198,146,93,1
278,0.86865234375,968,683,174,103,94,3
278,0.62060546875,1071,657,142,94,142,4
278,0.873046875,1211,663,146,81,264,0
278,0.7919921875,353,643,74,43,310,7
278,0.830078125,809,652,157,115,326,10
278,0.7138671875,525,658,89,58,358,6
278,0.73388671875,414,635,57,41,375,9
278,0.89111328125,1406,672,155,79,390,5
278,0.61865234375,708,635,62,52,488,2
279,0.923828125,1196,719,222,109,18,8
279,0.90185546875,1831,734,176,141,93,1
279,0.888671875,978,684,176,104,94,3
279,0.51171875,1081,657,143,94,142,4
279,0.87744140625,1222,663,148,82,264,0
279,0.81640625,356,643,74,43,310,7
279,0.84375,816,652,159,115,326,10
279,0.763671875,531,659,93,57,358,6
279,0.767578125,417,635,58,41,375,9
279,0.89013671875,1421,673,157,80,390,5
279,0.6669921875,713,635,63,52,488,2
280,0.92431640625,1211,721,227,111,18,8
280,0.8955078125,1842,734,155,138,93,1
280,0.88232421875,989,685,179,105,94,3
280,0.50390625,1092,657,144,94,142,4
280,0.87890625,1233,664,150,82,264,0
280,0.80322265625,359,643,75,44,310,7
280,0.85302734375,823,653,160,115,326,10
280,0.83447265625,535,659,94,57,358,6
280,0.75048828125,419,636,60,42,375,9
280,0.89501953125,1435,673,160,81,390,5
280,0.5888671875,718,635,64,51,488,2
281,0.92822265625,1228,722,230,112,18,8
281,0.89111328125,1853,735,132,137,93,1
281,0.89501953125,1000,686,182,105,94,3
281,0.5234375,1102,656,144,92,142,4
281,0.86083984375,1246,665,152,82,264,0
281,0.79296875,362,643,76,44,310,7
281,0.85205078125,830,653,165,116,326,10
281,0.85791015625,540,659,95,57,358,6
281,0.76220703125,422,636,62,41,375,9
281,0.89697265625,1449,674,163,81,390,5
282,0.92578125,1243,723,235,113,18,8
282,0.88720703125,1864,736,110,138,93,1
282,0.87646484375,1011,687,184,104,94,3
282,0.55810546875,1113,657,144,93,142,4
282,0.8642578125,1257,664,155,80,264,0
282,0.79931640625,365,644,77,43,310,7
282,0.8310546875,836,654,165,118,326,10
282,0.78515625,544,660,95,57,358,6
282,0.732421875,425,636,63,41,375,9
282,0.892578125,1463,675,164,81,390,5
282,0.64794921875,729,635,67,52,488,2
283,0.92041015625,1260,724,239,114,18,8
283,0.8623046875,1877,738,85,136,93,1
283,0.88232421875,1023,687,186,106,94,3
283,0.6875,1123,654,142,88,142,4
283,0.87255859375,1270,662,156,75,264,0
283,0.79931640625,367,644,77,43,310,7
283,0.87060546875,843,654,166,118,326,10
283,0.84912109375,548,660,97,58,358,6
283,0.75048828125,428,637,61,42,375,9
283,0.8984375,1477,676,167,82,390,5
284,0.9189453125,1277,726,242,116,18,8
284,0.8115234375,1888,743,61,133,93,1
284,0.87890625,1034,688,188,107,94,3
284,0.6513671875,1133,653,145,85,142,4
284,0.83740234375,1283,662,158,75,264,0
284,0.7744140625,370,645,77,43,310,7
284,0.8798828125,850,655,167,118,326,10
284,0.83544921875,552,660,98,59,358,6
284,0.7607421875,431,637,62,43,375,9
284,0.8984375,1493,677,170,83,390,5
284,0.57177734375,739,636,69,52,488,2
284,0.525390625,661,622,38,14,528,11
285,0.9130859375,1294,727,247,117,18,8
285,0.75634765625,1901,749,36,124,93,1
285,0.841796875,1045,689,191,108,94,3
285,0.5908203125,1145,653,147,85,142,4
285,0.8681640625,1296,660,159,72,264,0
285,0.78515625,373,645,77,44,310,7
285,0.87744140625,858,655,169,119,326,10
285,0.83740234375,557,661,100,58,358,6
285,0.6669921875,435,637,62,42,375,9
285,0.90185546875,1508,677,172,84,390,5
286,0.92626953125,1313,729,251,118,18,8
286,0.84375,1056,690,192,109,94,3
286,0.5849609375,1157,654,149,86,142,4
286,0.85302734375,1309,660,163,72,264,0
286,0.7890625,376,645,77,44,310,7
286,0.8681640625,865,656,170,120,326,10
286,0.83740234375,561,662,100,58,358,6
286,0.69775390625,438,638,61,42,375,9
286,0.8955078125,1524,678,174,85,390,5
286,0.640625,750,637,73,52,488,2
287,0.92138671875,1331,731,256,119,18,8
287,0.90380859375,1068,691,194,110,94,3
287,0.59619140625,1167,655,150,88,142,4
287,0.8115234375,1322,660,167,73,264,0
287,0.79931640625,379,645,77,46,310,7
287,0.88427734375,871,656,172,121,326,10
287,0.8427734375,566,662,101,59,358,6
287,0.7890625,441,638,62,42,375,9
287,0.8984375,1539,679,176,86,390,5
287,0.7216796875,756,637,75,53,488,2
287,0.56787109375,646,621,36,13,528,1
288,0.90576171875,1349,733,260,121,18,8
288,0.87890625,1080,692,197,112,94,3
288,0.64794921875,1179,656,154,91,142,4
288,0.8173828125,1334,656,170,63,264,0
288,0.80322265625,382,645,78,45,310,7
288,0.861328125,878,656,174,122,326,10
288,0.86083984375,571,662,101,60,358,6
288,0.7744140625,444,637,64,43,375,9
288,0.89990234375,1555,679,179,86,390,5
288,0.6806640625,761,637,77,53,488,2
288,0.537109375,641,621,37,13,528,1
289,0.8916015625,1369,734,267,123,18,8
289,0.85205078125,1092,693,200,114,94,3
289,0.6318359375,1189,659,159,98,142,4
289,0.85009765625,1348,656,172,61,264,0
289,0.810546875,385,645,79,45,310,7
289,0.84814453125,885,657,176,123,326,10
289,0.85107421875,575,663,102,60,358,6
289,0.751953125,447,638,64,43,375,9
289,0.89990234375,1572,681,181,88,390,5
289,0.509765625,492,627,53,37,443,11
289,0.7431640625,767,637,78,53,488,2
289,0.57373046875,1003,657,80,51,540,12
290,0.9033203125,1389,736,271,124,18,8
290,0.85009765625,1105,693,204,116,94,3
290,0.5869140625,1200,661,161,101,142,4
290,0.8623046875,1361,658,174,65,264,0
290,0.8291015625,388,645,79,45,310,7
290,0.85888671875,892,657,179,123,326,10
290,0.861328125,580,663,104,61,358,6
290,0.77587890625,450,638,65,43,375,9
290,0.90380859375,1589,681,184,89,390,5
290,0.548828125,495,628,55,37,443,11
290,0.6494140625,772,638,79,54,488,2
290,0.5234375,291,633,61,35,497,1
290,0.5234375,1011,658,80,50,540,12
291,0.9033203125,1409,738,276,126,18,8
291,0.8759765625,1117,695,206,115,94,3
291,0.5947265625,1212,662,164,104,142,4
291,0.85693359375,1377,661,173,70,264,0
291,0.83544921875,390,645,81,46,310,7
291,0.83984375,900,657,182,124,326,10
291,0.85888671875,584,664,105,62,358,6
291,0.76904296875,453,638,66,44,375,9
291,0.89990234375,1606,682,186,90,390,5
291,0.56591796875,498,628,56,38,443,11
291,0.642578125,778,638,82,55,488,2
291,0.57568359375,295,634,57,35,497,1
291,0.6826171875,1025,659,90,51,540,12
291,0.658203125,1886,653,67,39,547,13
292,0.90283203125,1430,739,282,128,18,8
292,0.8857421875,1131,696,209,116,94,3
292,0.513671875,1223,663,165,106,142,4
292,0.87890625,1392,663,175,75,264,0
292,0.85498046875,393,646,81,46,310,7
292,0.86083984375,908,658,183,126,326,10
292,0.86083984375,588,665,104,62,358,6
292,0.79833984375,456,638,66,44,375,9
292,0.896484375,1624,683,190,91,390,5
292,0.552734375,502,628,56,39,443,11
292,0.57958984375,784,638,82,55,488,2
292,0.62451171875,299,634,53,36,497,1
292,0.72021484375,1028,659,81,52,540,12
292,0.7607421875,1878,653,82,38,547,13
293,0.896484375,1452,741,287,130,18,8
293,0.86328125,1144,696,210,118,94,3
293,0.5927734375,1235,663,166,109,142,4
293,0.86328125,1406,665,178,77,264,0
293,0.86083984375,396,646,80,47,310,7
293,0.86865234375,915,659,183,127,326,10
293,0.84375,594,665,104,62,358,6
293,0.80322265625,460,639,65,44,375,9
293,0.9150390625,1641,684,194,91,390,5
293,0.62060546875,790,638,84,55,488,2
293,0.69287109375,302,634,54,36,497,1
293,0.74609375,1035,660,77,54,540,12
293,0.767578125,1868,654,103,38,547,13
293,0.5234375,366,616,55,51,553,14
294,0.9248046875,1474,743,293,132,18,8
294,0.87744140625,1158,698,215,119,94,3
294,0.6875,1244,664,176,109,142,4
294,0.87841796875,1421,666,180,80,264,0
294,0.865234375,399,646,79,47,310,7
294,0.89111328125,923,659,185,128,326,10
294,0.84814453125,600,665,105,63,358,6
294,0.80419921875,464,640,65,45,375,9
294,0.91064453125,1660,685,197,92,390,5
294,0.53125,796,638,86,56,488,2
294,0.67578125,304,635,57,36,497,1
294,0.72021484375,1046,660,80,54,540,12
294,0.71875,1857,653,122,37,547,13
294,0.57568359375,369,616,56,51,553,14
295,0.92822265625,1497,745,299,135,18,8
295,0.88720703125,1173,699,218,120,94,3
295,0.6494140625,1259,665,171,111,142,4
295,0.89306640625,1435,668,184,84,264,0
295,0.85595703125,401,647,80,48,310,7
295,0.875,930,660,188,130,326,10
295,0.85302734375,605,666,103,63,358,6
295,0.8115234375,467,639,67,46,375,9
295,0.89501953125,1678,686,198,94,390,5
295,0.67919921875,801,639,88,56,488,2
295,0.70751953125,1055,661,83,56,540,12
295,0.75048828125,1845,653,136,37,547,13
296,0.9228515625,1537,749,311,137,18,8
296,0.87646484375,1197,701,223,122,94,3
296,0.7880859375,1280,666,174,112,142,4
296,0.8916015625,1462,671,189,89,264,0
296,0.84375,407,647,80,48,310,7
296,0.83740234375,943,661,191,131,326,10
296,0.85693359375,613,667,105,64,358,6
296,0.75341796875,472,639,68,46,375,9
296,0.90185546875,1710,687,202,95,390,5
296,0.7041015625,812,639,90,57,488,2
296,0.75927734375,1072,662,86,56,540,12
296,0.69775390625,1824,652,123,38,547,13
296,0.55810546875,373,617,61,53,553,1
