Frame,ID,Class,Confidence,X,Y,Width,Height
0,1,truck,0.90673828125,1836,691,168,117
0,2,car,0.8896484375,1105,683,171,96
0,3,car,0.88427734375,828,685,148,83
0,4,car,0.8232421875,589,663,105,68
0,5,car,0.822265625,918,656,93,48
0,6,car,0.81884765625,495,656,84,54
0,7,car,0.7919921875,788,652,102,65
0,8,car,0.73095703125,429,650,67,45
0,9,truck,0.68408203125,1023,666,109,75
0,10,car,0.673828125,1248,671,67,78
0,11,car,0.640625,723,646,57,46
0,12,car,0.552734375,1350,678,219,112
0,13,truck,0.5390625,1350,678,220,112
0,14,car,0.5078125,1201,667,57,55
0,15,truck,0.501953125,483,615,78,43
0,16,car,0.394287109375,364,628,42,27
0,17,car,0.355712890625,325,630,43,32
0,18,car,0.33642578125,209,639,61,43
0,19,car,0.310791015625,283,639,63,45
0,20,truck,0.2568359375,471,616,99,49
1,1,truck,0.892578125,1843,692,149,115
1,2,car,0.89404296875,1115,683,170,94
1,3,car,0.87255859375,835,686,151,79
1,4,car,0.83203125,593,663,104,66
1,5,car,0.8017578125,923,656,91,47
1,6,car,0.8291015625,499,656,86,55
1,7,car,0.72802734375,790,653,103,65
1,8,car,0.76220703125,431,650,67,46
1,9,truck,0.74609375,1026,665,114,74
1,10,car,0.62060546875,1255,670,66,77
1,11,car,0.51171875,727,646,55,47
1,12,car,0.494140625,1358,679,221,113
1,13,truck,0.607421875,1359,678,221,113
1,14,car,0.525390625,1209,668,60,56
1,15,truck,0.537109375,486,613,75,43
1,16,car,0.418701171875,363,628,47,27
1,17,car,0.315673828125,325,630,41,31
1,18,car,0.2568359375,212,640,64,43
1,19,car,0.322509765625,284,640,61,40
1,20,truck,0.153076171875,472,614,103,45
2,1,truck,0.87158203125,1852,692,134,115
2,2,car,0.900390625,1124,684,173,95
2,3,car,0.87744140625,842,687,151,80
2,4,car,0.8154296875,598,663,104,67
2,5,car,0.78271484375,930,656,92,46
2,6,car,0.81982421875,502,657,86,53
2,7,car,0.74169921875,796,653,102,64
2,8,car,0.7607421875,435,650,67,45
2,9,truck,0.65673828125,1035,665,109,76
2,10,car,0.71875,1266,670,63,77
2,11,car,0.6513671875,735,647,59,46
2,12,car,0.546875,1367,679,226,114
2,13,truck,0.466796875,1367,679,226,114
2,14,car,0.60009765625,1215,669,60,55
2,15,truck,0.64599609375,487,614,78,44
2,16,car,0.42431640625,366,628,44,27
2,17,car,0.363037109375,329,630,39,32
2,18,car,0.43212890625,216,641,68,43
2,19,car,0.4921875,288,638,59,47
3,1,truck,0.85498046875,1854,693,125,114
3,2,car,0.892578125,1135,685,175,95
3,3,car,0.8662109375,851,688,153,79
3,4,car,0.8408203125,603,664,107,68
3,5,car,0.79443359375,936,657,92,48
3,6,car,0.81396484375,505,658,86,54
3,7,car,0.77197265625,801,652,104,64
3,8,car,0.75927734375,438,650,68,45
3,9,truck,0.73095703125,1043,665,109,76
3,10,car,0.658203125,1276,670,66,79
3,11,car,0.67724609375,737,647,61,46
3,12,truck,0.69921875,1377,680,227,115
3,13,car,0.4921875,1376,680,228,115
3,14,car,0.55078125,1223,669,60,55
3,15,truck,0.609375,488,614,77,45
3,16,car,0.352294921875,369,628,43,28
3,17,car,0.332763671875,330,630,38,32
3,18,car,0.470703125,217,640,71,44
3,19,car,0.494140625,290,636,60,50
4,1,truck,0.7958984375,1869,694,98,114
4,2,car,0.89013671875,1147,685,174,96
4,3,car,0.87744140625,861,689,154,79
4,4,car,0.83203125,605,664,114,68
4,5,car,0.71533203125,942,657,93,48
4,6,car,0.7919921875,507,657,84,55
4,7,car,0.7431640625,805,652,105,64
4,8,car,0.75634765625,441,650,69,46
4,9,truck,0.71044921875,1049,666,111,78
4,10,car,0.447509765625,1287,671,63,80
4,11,car,0.59814453125,739,647,59,47
4,12,truck,0.6826171875,1386,680,232,116
4,13,car,0.478515625,1386,680,231,116
4,14,car,0.498046875,1236,669,61,54
4,15,truck,0.56396484375,491,614,77,45
4,16,car,0.359375,371,627,40,27
4,17,car,0.27197265625,334,631,39,30
4,18,car,0.53125,220,641,73,45
4,19,car,0.455078125,292,636,62,51
5,1,truck,0.7490234375,1880,703,76,98
5,2,car,0.89013671875,1158,686,176,97
5,3,car,0.875,869,690,155,80
5,4,car,0.8310546875,609,664,116,70
5,5,car,0.77587890625,949,657,95,50
5,6,car,0.73583984375,509,658,84,55
5,7,car,0.77734375,809,653,107,65
5,8,car,0.67919921875,444,650,68,48
5,9,truck,0.76904296875,1054,667,115,79
5,10,car,0.46484375,1295,671,62,80
5,11,car,0.5546875,743,647,57,47
5,12,truck,0.67236328125,1394,681,238,118
5,14,car,0.5908203125,1245,670,61,55
5,15,truck,0.51953125,493,614,78,46
5,16,car,0.4111328125,371,628,41,28
5,17,car,0.262939453125,334,631,40,30
5,18,car,0.401611328125,224,641,69,44
5,19,car,0.4072265625,293,637,62,50
5,25,car,0.60205078125,1814,654,135,37
6,1,truck,0.60009765625,1892,707,52,94
6,2,car,0.892578125,1169,687,178,98
6,3,car,0.86083984375,878,691,158,81
6,4,car,0.822265625,616,665,114,69
6,5,car,0.7548828125,955,657,93,52
6,6,car,0.68603515625,513,658,83,55
6,7,car,0.796875,814,653,108,66
6,8,car,0.716796875,448,650,65,49
6,9,truck,0.77197265625,1061,667,115,79
6,10,car,0.1441650390625,1305,668,62,70
6,11,car,0.505859375,746,647,54,48
6,12,truck,0.7294921875,1401,681,245,118
6,14,car,0.556640625,1256,670,64,57
6,15,truck,0.43408203125,496,614,76,45
6,16,car,0.443603515625,373,628,40,28
6,17,car,0.310791015625,335,632,42,29
6,18,car,0.203125,229,642,68,41
6,19,car,0.42822265625,295,638,62,48
6,25,car,0.67919921875,1791,654,135,37
6,28,truck,0.42626953125,714,640,80,53
7,1,car,0.322509765625,1900,707,35,91
7,2,car,0.8974609375,1181,688,180,100
7,3,car,0.8671875,887,691,159,83
7,4,car,0.83203125,622,665,112,69
7,5,car,0.77880859375,961,656,94,53
7,6,car,0.7216796875,518,659,88,55
7,7,car,0.81982421875,818,654,108,67
7,8,car,0.73876953125,452,650,68,49
7,9,truck,0.7578125,1069,667,116,81
7,10,car,0.2147216796875,1315,669,61,72
7,11,car,0.486328125,750,648,59,48
7,12,truck,0.73095703125,1412,682,248,118
7,14,car,0.6513671875,1267,671,62,56
7,15,truck,0.494140625,498,614,78,45
7,16,car,0.38671875,375,628,41,28
7,17,car,0.2393798828125,338,631,38,30
7,18,car,0.45703125,229,643,70,44
7,19,car,0.42431640625,296,641,63,42
7,25,car,0.60205078125,1766,654,132,37
7,28,truck,0.474609375,718,640,80,53
8,2,car,0.90283203125,1192,688,182,100
8,3,car,0.8916015625,896,692,160,84
8,4,car,0.83740234375,627,666,113,70
8,5,car,0.70263671875,972,658,87,50
8,6,car,0.63720703125,519,658,83,56
8,7,car,0.7548828125,823,654,109,68
8,8,car,0.740234375,456,650,69,47
8,9,truck,0.8408203125,1075,668,121,82
8,10,car,0.22265625,1326,668,60,71
8,11,car,0.51171875,757,648,60,49
8,12,truck,0.689453125,1423,683,250,118
8,14,car,0.529296875,1278,671,63,57
8,15,truck,0.441650390625,501,614,77,44
8,16,car,0.470703125,377,629,41,28
8,17,car,0.299072265625,340,631,38,31
8,18,car,0.381103515625,233,643,63,44
8,19,car,0.39794921875,299,638,64,50
8,25,car,0.77880859375,1742,653,127,37
8,28,truck,0.494140625,722,640,81,52
9,2,car,0.88427734375,1204,689,186,101
9,3,car,0.8759765625,906,692,162,85
9,4,car,0.8408203125,633,666,113,70
9,5,car,0.74462890625,978,659,92,48
9,6,car,0.56591796875,522,658,83,58
9,7,car,0.7744140625,827,654,110,67
9,8,car,0.7705078125,459,650,69,46
9,9,truck,0.79296875,1082,668,120,81
9,11,car,0.552734375,760,648,55,49
9,12,truck,0.7490234375,1433,683,253,119
9,14,car,0.6259765625,1288,672,61,56
9,15,truck,0.422607421875,504,614,78,45
9,16,car,0.42431640625,378,629,42,28
9,17,car,0.25537109375,341,631,38,32
9,18,car,0.265869140625,236,642,67,45
9,19,car,0.332763671875,302,642,63,43
9,25,car,0.76904296875,1720,653,125,36
9,28,truck,0.56201171875,725,640,82,53
9,33,car,0.34326171875,133,627,58,37
10,2,car,0.8955078125,1216,690,186,101
10,3,car,0.8759765625,915,693,164,86
10,4,car,0.8408203125,638,667,114,71
10,5,car,0.7490234375,983,659,92,49
10,6,car,0.6943359375,525,658,84,59
10,7,car,0.822265625,832,655,112,67
10,8,car,0.7890625,464,651,71,46
10,9,truck,0.77197265625,1090,668,121,82
10,11,car,0.453369140625,761,648,60,50
10,12,truck,0.7705078125,1444,684,253,119
10,14,car,0.32080078125,1300,672,64,55
10,15,truck,0.486328125,512,615,67,43
10,16,car,0.38671875,380,629,41,29
10,17,car,0.30908203125,342,631,40,32
10,18,car,0.30078125,240,643,67,46
10,19,car,0.385009765625,304,643,58,41
10,25,car,0.80810546875,1698,652,125,36
10,28,truck,0.6298828125,729,640,81,53
10,33,car,0.307373046875,133,626,59,36
11,2,car,0.89013671875,1228,691,188,104
11,3,car,0.87646484375,924,695,165,85
11,4,car,0.83349609375,643,667,115,71
11,5,car,0.751953125,988,660,95,49
11,6,car,0.611328125,530,659,86,59
11,7,car,0.77587890625,836,655,111,67
11,8,car,0.63720703125,466,651,72,47
11,9,truck,0.77978515625,1098,669,120,84
11,11,car,0.552734375,768,649,56,51
11,12,truck,0.79052734375,1457,684,249,120
11,14,car,0.5,1313,673,64,57
11,15,truck,0.57568359375,511,615,74,45
11,16,car,0.38671875,382,629,41,29
11,17,car,0.282958984375,343,631,41,34
11,18,car,0.282958984375,242,644,68,47
11,19,car,0.303955078125,305,644,56,40
11,25,car,0.7041015625,1676,651,123,35
11,28,truck,0.52734375,733,641,83,54
11,33,car,0.25244140625,134,626,58,37
12,2,car,0.9033203125,1240,691,190,104
12,3,car,0.8896484375,935,695,169,86
12,4,car,0.841796875,648,667,115,71
12,5,car,0.7734375,995,660,98,50
12,6,car,0.658203125,536,659,92,59
12,7,car,0.830078125,841,655,113,67
12,8,car,0.43212890625,472,651,71,49
12,9,truck,0.80908203125,1102,670,130,86
12,11,car,0.439697265625,772,649,51,51
12,12,truck,0.7734375,1468,685,251,120
12,14,car,0.273681640625,1325,670,63,50
12,15,truck,0.63525390625,512,616,77,47
12,16,car,0.38671875,383,629,42,29
12,17,car,0.236572265625,341,631,47,36
12,18,car,0.46875,244,645,75,48
12,19,car,0.390380859375,307,643,55,42
12,25,car,0.7216796875,1656,650,120,35
12,28,truck,0.441650390625,737,642,86,54
12,33,car,0.1744384765625,135,627,55,35
13,2,car,0.89111328125,1253,693,193,106
13,3,car,0.89697265625,945,696,171,86
13,4,car,0.86083984375,654,668,116,72
13,5,car,0.7744140625,1002,660,100,50
13,6,car,0.658203125,540,659,95,59
13,7,car,0.810546875,846,655,112,68
13,8,car,0.5234375,477,652,70,48
13,9,truck,0.81884765625,1108,670,136,86
13,11,car,0.525390625,778,649,49,51
13,12,truck,0.83984375,1481,686,252,121
13,14,car,0.312255859375,1337,669,63,49
13,15,truck,0.62060546875,514,616,77,46
13,16,car,0.36474609375,385,629,42,30
13,17,car,0.3173828125,342,631,48,36
13,18,car,0.525390625,248,645,77,48
13,19,car,0.5078125,309,643,56,43
13,25,car,0.67919921875,1634,650,121,36
13,28,truck,0.63330078125,741,640,84,54
13,33,car,0.2081298828125,135,627,53,34
14,2,car,0.896484375,1266,693,194,106
14,3,car,0.89013671875,956,697,173,87
14,4,car,0.85498046875,659,668,117,73
14,5,car,0.7958984375,1008,660,101,50
14,6,car,0.7373046875,544,659,95,61
14,7,car,0.806640625,850,656,111,68
14,8,car,0.63720703125,479,652,71,47
14,9,truck,0.80419921875,1118,670,134,86
14,11,car,0.5078125,783,650,53,51
14,12,truck,0.75634765625,1491,686,257,122
14,14,car,0.435791015625,1346,667,57,41
14,15,truck,0.62451171875,517,615,77,46
14,16,car,0.33642578125,386,629,42,30
14,17,car,0.24658203125,343,631,46,37
14,18,car,0.42822265625,252,645,77,48
14,19,car,0.451416015625,310,642,56,44
14,25,car,0.55810546875,1621,651,103,37
14,28,truck,0.42626953125,746,641,85,54
14,33,car,0.2509765625,132,627,50,32
15,2,car,0.89892578125,1278,694,197,108
15,3,car,0.8798828125,966,697,175,89
15,4,car,0.85302734375,665,669,117,74
15,5,car,0.732421875,1015,660,102,49
15,6,car,0.71875,549,661,96,60
15,7,car,0.79296875,856,656,113,69
15,8,car,0.66357421875,482,652,72,46
15,9,truck,0.810546875,1127,671,135,84
15,11,car,0.498046875,787,650,50,52
15,12,truck,0.7490234375,1503,687,257,123
15,14,car,0.388671875,1359,666,58,42
15,15,truck,0.662109375,519,614,78,44
15,16,car,0.36669921875,388,630,41,30
15,17,car,0.195556640625,346,632,40,37
15,18,car,0.50390625,256,645,77,48
15,19,car,0.441650390625,311,641,59,46
15,25,car,0.57177734375,1610,650,79,35
15,28,truck,0.435791015625,751,640,85,55
15,33,car,0.25390625,134,627,53,32
16,2,car,0.9033203125,1292,695,200,109
16,3,car,0.89404296875,976,698,177,90
16,4,car,0.85791015625,671,669,119,74
16,5,car,0.7294921875,1021,660,100,49
16,6,car,0.74169921875,553,662,97,58
16,7,car,0.8017578125,860,656,114,70
16,8,car,0.640625,484,652,74,48
16,9,truck,0.82568359375,1133,672,144,86
16,11,car,0.552734375,791,650,54,51
16,12,truck,0.57763671875,1516,687,258,124
16,14,car,0.529296875,1371,666,59,40
16,15,truck,0.6259765625,521,615,78,46
16,16,car,0.37939453125,390,629,43,30
16,18,car,0.6318359375,260,646,74,47
16,19,car,0.525390625,313,641,59,45
16,25,car,0.2120361328125,1601,648,62,32
16,28,truck,0.67578125,754,640,86,54
16,33,car,0.2294921875,137,625,55,36
17,2,car,0.90380859375,1305,696,203,109
17,3,car,0.884765625,987,699,179,89
17,4,car,0.8671875,676,669,120,74
17,5,car,0.716796875,1028,661,102,50
17,6,car,0.83642578125,557,664,98,55
17,7,car,0.76904296875,865,657,118,69
17,8,car,0.62255859375,487,651,74,49
17,9,truck,0.81884765625,1145,673,145,85
17,11,car,0.447509765625,795,650,54,51
17,12,car,0.6318359375,1528,688,260,125
17,14,car,0.462890625,1383,667,59,41
17,15,truck,0.58154296875,524,615,80,47
17,16,car,0.373779296875,393,629,43,31
17,18,car,0.484375,264,647,75,46
17,19,car,0.4609375,314,642,59,44
17,28,truck,0.449462890625,760,641,85,55
17,33,car,0.3056640625,138,624,56,39
17,37,truck,0.529296875,1527,688,260,124
18,2,car,0.89697265625,1320,697,208,111
18,3,car,0.884765625,998,700,182,90
18,4,car,0.8642578125,682,669,121,75
18,5,car,0.763671875,1034,662,103,50
18,6,car,0.796875,561,664,99,56
18,7,car,0.81884765625,870,657,117,70
18,8,car,0.63330078125,491,651,72,48
18,9,truck,0.77978515625,1155,673,147,86
18,11,car,0.59619140625,802,650,54,51
18,12,truck,0.72314453125,1542,689,263,126
18,14,car,0.435791015625,1396,666,60,39
18,15,truck,0.56201171875,527,615,82,47
18,16,car,0.350341796875,394,628,43,32
18,18,car,0.62255859375,268,648,76,48
18,19,car,0.529296875,316,642,60,46
18,28,truck,0.3310546875,766,641,83,54
18,33,car,0.2239990234375,139,625,56,39
18,37,car,0.449462890625,1539,689,262,125
19,2,car,0.89892578125,1333,698,212,111
19,3,car,0.8740234375,1009,701,184,91
19,4,car,0.86962890625,688,670,121,75
19,5,car,0.68408203125,1041,662,102,51
19,6,car,0.83642578125,565,664,101,56
19,7,car,0.82666015625,874,657,121,71
19,8,car,0.68603515625,496,652,73,48
19,9,truck,0.85693359375,1163,673,153,87
19,11,car,0.57958984375,806,650,54,52
19,12,truck,0.58154296875,1554,689,264,126
19,14,car,0.4072265625,1409,666,61,37
19,15,truck,0.62060546875,531,617,84,51
19,16,car,0.363037109375,396,628,43,32
19,18,car,0.57568359375,271,649,76,50
19,19,car,0.5546875,319,643,60,45
19,28,truck,0.315673828125,771,640,81,52
19,33,car,0.1571044921875,140,623,56,36
19,37,car,0.478515625,1551,689,263,127
19,44,car,0.3310546875,626,642,43,32
20,2,car,0.90869140625,1348,699,215,112
20,3,car,0.8916015625,1020,702,186,93
20,4,car,0.8818359375,694,670,122,76
20,5,car,0.63525390625,1049,663,107,52
20,6,car,0.83544921875,569,664,101,57
20,7,car,0.8427734375,880,658,119,71
20,8,car,0.69287109375,501,653,74,49
20,9,truck,0.8427734375,1173,673,158,87
20,11,car,0.5869140625,811,650,55,52
20,12,truck,0.83984375,1567,689,264,127
20,14,car,0.267333984375,1421,665,62,34
20,15,truck,0.57177734375,533,616,83,49
20,16,car,0.443603515625,397,628,43,33
20,18,car,0.662109375,275,650,76,50
20,19,car,0.537109375,321,644,60,43
20,28,car,0.236572265625,777,641,78,54
20,33,car,0.1744384765625,140,622,56,35
20,44,car,0.329345703125,629,642,42,32
21,2,car,0.9052734375,1363,699,215,112
21,3,car,0.87841796875,1031,703,188,93
21,4,car,0.8681640625,700,671,124,76
21,5,car,0.53515625,1054,662,107,49
21,6,car,0.810546875,574,665,103,57
21,7,car,0.83349609375,883,658,124,72
21,8,car,0.67919921875,504,653,75,49
21,9,truck,0.865234375,1182,674,165,88
21,11,car,0.56396484375,814,651,54,52
21,12,truck,0.6318359375,1580,690,268,128
21,14,car,0.172119140625,1433,664,57,32
21,15,truck,0.56005859375,537,615,83,48
21,16,car,0.3720703125,398,628,44,33
21,18,car,0.7138671875,278,650,76,50
21,19,car,0.48046875,323,645,59,43
21,28,car,0.325927734375,783,641,73,55
21,33,car,0.1800537109375,141,623,57,36
21,44,car,0.33642578125,631,643,45,34
22,2,car,0.8984375,1380,700,220,115
22,3,car,0.8818359375,1043,704,192,94
22,4,car,0.86865234375,706,671,124,76
22,5,car,0.56005859375,1061,662,105,48
22,6,car,0.82568359375,578,665,101,59
22,7,car,0.83740234375,888,658,124,72
22,8,car,0.6494140625,509,653,75,50
22,9,truck,0.8681640625,1191,675,171,89
22,11,car,0.43017578125,817,650,48,53
22,12,truck,0.6533203125,1594,690,268,129
22,15,truck,0.43212890625,539,614,81,45
22,16,car,0.35400390625,399,628,46,33
22,18,car,0.7138671875,281,650,77,49
22,19,car,0.45703125,323,644,63,43
22,28,car,0.3173828125,789,641,71,56
22,33,car,0.1871337890625,142,624,58,37
22,44,car,0.33984375,635,643,46,34
22,47,car,0.537109375,1592,690,265,128
22,10,car,0.350341796875,1456,654,71,48
23,2,car,0.90478515625,1395,701,226,116
23,3,car,0.8818359375,1055,705,193,94
23,4,car,0.875,712,671,126,77
23,5,car,0.52734375,1067,661,105,47
23,6,car,0.8232421875,582,666,102,59
23,7,car,0.8115234375,891,658,127,73
23,8,car,0.642578125,512,654,73,49
23,9,truck,0.865234375,1199,675,178,91
23,11,car,0.405517578125,823,651,48,53
23,12,car,0.501953125,1607,691,270,130
23,15,truck,0.37939453125,541,615,79,46
23,16,car,0.381103515625,400,629,48,33
23,18,car,0.69775390625,285,649,78,50
23,19,car,0.363037109375,324,642,66,46
23,28,car,0.352294921875,796,642,70,56
23,33,car,0.2147216796875,142,624,57,37
23,44,car,0.302490234375,640,643,45,34
23,47,truck,0.4921875,1603,691,271,131
23,10,car,0.5947265625,1462,654,78,48
24,2,car,0.90478515625,1410,703,226,117
24,3,car,0.88427734375,1067,706,197,96
24,4,car,0.8740234375,719,672,128,77
24,5,car,0.32763671875,1077,662,109,50
24,6,car,0.806640625,586,667,104,59
24,7,car,0.85400390625,897,659,127,73
24,8,car,0.48046875,514,654,72,50
24,9,truck,0.83984375,1209,675,180,91
24,11,car,0.48046875,828,651,49,54
24,12,truck,0.8154296875,1621,693,270,132
24,15,truck,0.2108154296875,543,616,80,49
24,16,car,0.322509765625,401,628,49,32
24,18,car,0.74169921875,289,650,79,51
24,19,car,0.43408203125,328,642,65,46
24,28,car,0.25244140625,798,641,71,55
24,33,car,0.182373046875,142,623,56,35
24,44,car,0.39794921875,646,642,45,33
24,10,car,0.2005615234375,1457,653,85,50
24,17,car,0.33642578125,361,635,51,41
25,2,car,0.90283203125,1425,704,228,118
25,3,car,0.88720703125,1079,706,199,97
25,4,car,0.873046875,725,673,129,78
25,5,car,0.515625,1083,659,106,42
25,6,car,0.806640625,591,667,105,59
25,7,car,0.8447265625,902,659,126,73
25,8,car,0.219970703125,517,654,70,50
25,9,truck,0.82568359375,1218,676,182,91
25,11,car,0.46484375,835,651,51,53
25,12,truck,0.7919921875,1633,694,274,133
25,15,truck,0.525390625,539,629,99,74
25,16,car,0.341552734375,405,629,46,31
25,18,car,0.72314453125,293,649,80,52
25,19,car,0.449462890625,334,644,57,42
25,28,car,0.307373046875,804,642,67,56
25,33,car,0.172119140625,144,622,54,33
25,44,car,0.486328125,650,643,48,34
25,10,truck,0.2213134765625,1454,654,105,51
25,56,truck,0.338134765625,72,598,40,39
25,17,car,0.33642578125,362,635,52,43
26,2,car,0.91162109375,1441,705,232,119
26,3,car,0.88623046875,1092,708,202,98
26,4,car,0.8740234375,731,673,130,79
26,5,car,0.394287109375,1089,655,105,35
26,6,car,0.81298828125,597,666,104,61
26,7,car,0.85400390625,908,659,126,73
26,8,car,0.1375732421875,517,653,61,53
26,9,truck,0.83447265625,1227,676,184,94
26,11,car,0.548828125,837,652,49,53
26,12,truck,0.7294921875,1645,695,280,134
26,15,truck,0.53515625,541,633,103,83
26,16,car,0.4072265625,408,629,43,31
26,18,car,0.6826171875,297,649,82,53
26,19,car,0.46875,335,643,58,44
26,28,car,0.329345703125,808,641,66,55
26,33,car,0.1859130859375,145,623,55,35
26,44,car,0.513671875,653,643,50,35
26,56,truck,0.265869140625,72,599,40,41
26,17,car,0.363037109375,365,635,51,43
27,2,car,0.90966796875,1458,705,236,119
27,3,car,0.89306640625,1105,708,204,100
27,4,car,0.880859375,738,674,131,79
27,5,car,0.525390625,1094,652,100,30
27,6,car,0.81982421875,601,666,108,60
27,7,car,0.87158203125,912,659,127,74
27,8,car,0.541015625,525,654,70,51
27,9,truck,0.806640625,1236,677,184,93
27,11,car,0.517578125,841,651,44,53
27,12,truck,0.708984375,1660,695,278,135
27,16,car,0.441650390625,409,629,44,30
27,18,car,0.673828125,303,650,78,53
27,19,car,0.43408203125,338,644,58,43
27,28,car,0.352294921875,813,642,63,57
27,33,car,0.172119140625,151,624,44,35
27,44,car,0.505859375,657,643,54,35
27,56,truck,0.2147216796875,73,602,40,47
27,17,car,0.357666015625,364,635,51,44
27,63,car,0.319091796875,226,625,59,41
27,25,car,0.51171875,1393,643,95,30
28,2,car,0.91259765625,1475,706,240,119
28,3,car,0.9033203125,1118,710,206,101
28,4,car,0.8857421875,745,674,131,80
28,5,car,0.638671875,1102,652,99,30
28,6,car,0.80078125,607,667,105,60
28,7,car,0.84912109375,917,660,128,75
28,8,car,0.66357421875,531,655,73,50
28,9,truck,0.74462890625,1246,677,183,94
28,11,car,0.5927734375,846,652,43,54
28,12,truck,0.76904296875,1670,696,291,136
28,16,car,0.505859375,411,629,44,30
28,18,car,0.75341796875,307,650,79,53
28,19,car,0.43212890625,342,646,56,44
28,28,car,0.482421875,817,642,60,57
28,33,car,0.169921875,150,624,49,35
28,44,car,0.505859375,659,644,54,35
28,56,truck,0.2451171875,72,602,42,47
28,17,car,0.4072265625,367,635,49,46
28,63,car,0.281494140625,228,625,58,41
28,66,car,0.453369140625,495,635,46,40
28,25,car,0.106689453125,1376,644,97,32
28,15,truck,0.73388671875,554,619,91,56
29,2,car,0.90380859375,1491,708,244,122
29,3,car,0.89404296875,1131,711,209,103
29,4,car,0.884765625,752,675,133,80
29,5,car,0.6279296875,1108,652,99,30
29,6,car,0.79296875,611,668,108,61
29,7,car,0.85888671875,922,660,129,75
29,8,car,0.6806640625,535,654,72,50
29,9,truck,0.638671875,1253,677,188,94
29,11,car,0.544921875,850,652,41,55
29,12,truck,0.53515625,1696,696,270,136
29,16,car,0.47265625,412,629,45,29
29,18,car,0.673828125,309,650,81,54
29,19,car,0.363037109375,346,646,54,44
29,28,car,0.37744140625,824,643,63,58
29,33,car,0.1602783203125,152,623,46,35
29,44,car,0.462890625,664,644,53,36
29,56,truck,0.276611328125,73,601,41,44
29,17,car,0.359375,367,635,53,47
29,63,car,0.32080078125,229,625,58,42
29,66,car,0.385009765625,496,634,47,39
29,25,car,0.56787109375,1361,657,99,58
29,15,truck,0.662109375,558,615,87,47
30,2,car,0.91552734375,1510,709,248,124
30,3,car,0.8955078125,1144,712,212,104
30,4,car,0.888671875,758,675,134,81
30,5,car,0.67919921875,1117,653,100,31
30,6,car,0.82666015625,617,668,107,60
30,7,car,0.86962890625,928,660,128,74
30,8,car,0.319091796875,540,655,74,50
30,9,car,0.420654296875,1263,678,187,95
30,11,car,0.43408203125,856,653,42,55
30,12,car,0.445556640625,1714,697,266,138
30,16,car,0.45703125,415,629,44,29
30,18,car,0.68603515625,314,651,83,53
30,19,car,0.22265625,350,646,48,45
30,28,car,0.36669921875,829,642,64,57
30,33,car,0.1871337890625,151,623,48,34
30,44,car,0.505859375,667,645,53,36
30,56,truck,0.226806640625,74,600,41,42
30,17,car,0.332763671875,369,636,54,48
30,63,car,0.31396484375,229,625,59,41
30,66,car,0.385009765625,498,634,48,39
30,15,truck,0.56787109375,562,614,84,47
31,2,car,0.91943359375,1528,711,251,126
31,3,car,0.8984375,1159,713,215,105
31,4,car,0.884765625,765,675,136,82
31,5,car,0.70556640625,1124,655,101,33
31,6,car,0.8291015625,621,669,110,61
31,7,car,0.8818359375,933,660,129,74
31,8,car,0.56201171875,542,655,71,49
31,9,truck,0.53515625,1271,678,189,96
31,11,car,0.466796875,862,653,45,55
31,12,car,0.60205078125,1731,697,260,139
31,16,car,0.47265625,418,629,42,28
31,18,car,0.70263671875,317,651,83,54
31,19,car,0.169921875,356,646,40,44
31,28,car,0.31396484375,833,640,63,55
31,33,car,0.1778564453125,149,624,52,35
31,44,car,0.513671875,671,644,53,36
31,56,truck,0.155029296875,74,600,42,43
31,17,car,0.39599609375,371,636,57,48
31,63,car,0.31396484375,230,626,59,39
31,66,car,0.462890625,501,635,48,39
31,15,truck,0.55810546875,565,614,84,48
31,72,car,0.59814453125,1349,642,73,28
31,75,car,0.3720703125,1269,678,189,96
32,2,car,0.92138671875,1547,713,256,128
32,3,car,0.89697265625,1173,714,220,106
32,4,car,0.89013671875,773,675,136,82
32,5,car,0.74462890625,1133,657,103,36
32,6,car,0.83447265625,626,669,111,61
32,7,car,0.80078125,937,660,131,75
32,8,car,0.2337646484375,560,655,84,52
32,9,truck,0.63330078125,1279,679,190,96
32,11,car,0.390380859375,867,654,43,55
32,12,car,0.68408203125,1747,698,264,140
32,16,car,0.51171875,420,629,42,29
32,18,car,0.6943359375,323,651,86,55
32,19,car,0.167724609375,362,643,48,46
32,28,car,0.4921875,836,639,63,51
32,33,car,0.2005615234375,149,625,54,36
32,44,car,0.6318359375,674,644,53,36
32,56,truck,0.203125,74,601,41,45
32,17,car,0.470703125,374,636,57,48
32,63,car,0.3701171875,231,627,58,40
32,66,car,0.474609375,504,634,49,39
32,15,truck,0.517578125,568,612,84,45
33,2,car,0.91064453125,1565,714,260,129
33,3,car,0.89697265625,1187,715,224,107
33,4,car,0.892578125,780,676,137,83
33,5,car,0.7294921875,1141,660,106,42
33,6,car,0.85009765625,631,670,112,61
33,7,car,0.830078125,944,661,130,76
33,8,car,0.59619140625,560,656,83,53
33,9,truck,0.6279296875,1287,680,194,96
33,11,car,0.43017578125,872,654,43,55
33,12,car,0.73583984375,1763,699,264,141
33,16,car,0.529296875,422,630,42,30
33,18,car,0.7646484375,327,651,86,55
33,19,car,0.12939453125,369,641,55,49
33,28,car,0.439697265625,841,638,61,48
33,33,car,0.23095703125,150,625,53,35
33,44,car,0.64794921875,677,644,54,36
33,56,truck,0.1943359375,74,603,40,48
33,17,car,0.49609375,377,636,58,49
33,63,car,0.29736328125,233,626,55,40
33,66,car,0.486328125,506,635,51,41
33,15,truck,0.642578125,570,612,85,43
33,81,car,0.525390625,1870,692,95,90
34,2,car,0.9091796875,1585,715,266,129
34,3,car,0.91064453125,1201,717,227,109
34,4,car,0.86962890625,788,677,140,83
34,5,car,0.7734375,1149,662,107,45
34,6,car,0.8388671875,636,671,112,62
34,7,car,0.822265625,949,662,129,76
34,8,car,0.36669921875,571,656,76,53
34,9,truck,0.46484375,1297,680,193,97
34,11,car,0.2705078125,880,653,44,56
34,12,truck,0.501953125,1780,700,266,143
34,16,car,0.455078125,424,630,42,30
34,18,car,0.7841796875,334,652,93,56
34,19,car,0.11279296875,372,639,62,48
34,28,car,0.4921875,846,641,66,54
34,33,car,0.23095703125,150,624,52,35
34,44,car,0.5908203125,681,644,55,37
34,56,truck,0.2081298828125,74,602,41,46
34,17,car,0.482421875,379,635,59,48
34,63,car,0.275146484375,232,625,57,40
34,66,car,0.4921875,508,635,51,41
34,15,truck,0.310791015625,572,612,86,45
35,2,car,0.90966796875,1605,716,271,130
35,3,car,0.9033203125,1216,719,230,110
35,4,car,0.8740234375,795,677,141,83
35,5,car,0.77734375,1157,664,110,48
35,6,car,0.822265625,642,670,113,63
35,7,car,0.8671875,955,662,131,76
35,8,car,0.43212890625,575,656,77,54
35,9,car,0.509765625,1311,679,185,99
35,11,car,0.458984375,883,654,50,57
35,12,truck,0.5390625,1792,701,255,145
35,16,car,0.414794921875,426,630,42,30
35,18,car,0.8115234375,339,651,95,57
35,19,car,0.106689453125,375,639,53,46
35,28,car,0.42626953125,851,639,63,51
35,33,car,0.2281494140625,151,624,50,34
35,44,car,0.61328125,684,645,55,37
35,56,truck,0.1710205078125,74,602,41,46
35,17,car,0.478515625,382,635,60,49
35,63,car,0.26123046875,233,626,61,40
35,66,car,0.405517578125,512,635,51,41
35,15,truck,0.32080078125,576,613,87,50
35,86,truck,0.416748046875,575,635,92,94
36,2,car,0.92578125,1625,718,275,133
36,3,car,0.9013671875,1231,720,233,112
36,4,car,0.884765625,802,678,141,84
36,5,car,0.7548828125,1165,665,108,51
36,6,car,0.83447265625,647,671,114,64
36,7,car,0.86962890625,961,662,130,76
36,8,car,0.6875,575,657,83,54
36,9,car,0.71533203125,1332,681,163,98
36,11,car,0.439697265625,889,654,45,57
36,12,car,0.8291015625,1799,701,240,145
36,16,car,0.43212890625,428,630,41,30
36,18,car,0.81884765625,343,651,95,57
36,28,car,0.4072265625,856,640,64,51
36,33,car,0.18359375,152,624,51,34
36,44,car,0.552734375,688,645,55,37
36,56,truck,0.107421875,75,600,41,43
36,17,car,0.548828125,385,636,61,50
36,63,car,0.302490234375,237,626,55,39
36,66,car,0.447509765625,515,635,51,42
36,15,truck,0.49609375,579,615,88,53
36,86,truck,0.35400390625,578,631,90,84
36,90,car,0.3701171875,279,631,35,21
37,2,car,0.916015625,1646,719,279,134
37,3,car,0.90673828125,1247,721,237,114
37,4,car,0.87744140625,810,679,143,84
37,5,car,0.7734375,1174,667,108,54
37,6,car,0.83544921875,652,671,116,64
37,7,car,0.85595703125,965,662,133,77
37,8,car,0.5546875,581,657,92,54
37,9,car,0.63525390625,1346,681,155,98
37,11,car,0.4921875,894,654,45,56
37,12,car,0.70068359375,1809,702,221,146
37,16,car,0.43017578125,430,630,42,30
37,18,car,0.8232421875,346,651,93,58
37,28,car,0.51171875,861,639,63,51
37,33,car,0.1591796875,154,624,48,34
37,44,car,0.59619140625,691,645,54,37
37,56,truck,0.1357421875,75,601,42,45
37,17,car,0.517578125,387,636,63,49
37,63,car,0.36669921875,241,626,49,39
37,66,car,0.48828125,517,635,51,42
37,86,truck,0.55810546875,581,635,94,91
37,90,car,0.361083984375,280,629,35,22
37,92,car,0.361083984375,643,629,44,25
37,93,car,0.5078125,1256,644,79,35
38,2,car,0.91845703125,1668,720,286,137
38,3,car,0.9091796875,1263,722,242,115
38,4,car,0.8798828125,817,679,145,84
38,5,car,0.78271484375,1181,668,108,55
38,6,car,0.83740234375,658,672,118,64
38,7,car,0.8427734375,971,662,132,77
38,8,car,0.62060546875,582,657,91,54
38,9,car,0.7744140625,1358,682,153,99
38,11,car,0.35400390625,901,654,45,56
38,12,car,0.78662109375,1813,702,213,147
38,16,car,0.4921875,433,630,41,31
38,18,car,0.8232421875,350,651,91,58
38,28,car,0.392333984375,866,638,64,48
38,33,car,0.1422119140625,156,623,47,35
38,44,car,0.64794921875,694,645,53,37
38,56,truck,0.1591796875,76,602,43,48
38,17,car,0.525390625,390,636,64,49
38,63,car,0.368408203125,239,625,56,40
38,66,car,0.498046875,519,635,51,42
38,86,truck,0.53125,584,635,93,91
38,90,car,0.32763671875,282,630,35,22
38,92,car,0.375732421875,646,629,43,26
38,93,car,0.62451171875,1253,645,75,37
39,2,car,0.92041015625,1689,722,288,139
39,3,car,0.89892578125,1279,723,247,115
39,4,car,0.8798828125,825,680,146,86
39,5,car,0.78125,1191,668,110,55
39,6,car,0.8447265625,664,672,118,65
39,7,car,0.85205078125,976,663,132,77
39,8,car,0.69921875,587,657,89,53
39,9,car,0.74169921875,1369,682,153,100
39,11,car,0.37744140625,908,653,47,55
39,12,car,0.78271484375,1824,703,191,147
39,16,car,0.39599609375,436,631,39,31
39,18,car,0.845703125,353,652,90,58
39,28,car,0.375732421875,871,637,65,46
39,33,car,0.20556640625,153,625,51,38
39,44,car,0.67578125,698,646,54,36
39,56,truck,0.1602783203125,76,602,43,47
39,17,car,0.5234375,392,636,66,49
39,63,car,0.359375,238,625,59,41
39,66,car,0.56591796875,523,635,53,42
39,90,car,0.299072265625,282,630,36,22
39,92,car,0.350341796875,649,630,45,27
39,93,car,0.451416015625,1247,644,72,36
39,15,truck,0.56005859375,588,620,89,62
40,2,car,0.90966796875,1713,722,295,143
40,3,car,0.89990234375,1295,725,247,117
40,4,car,0.87646484375,833,680,147,87
40,5,car,0.7880859375,1200,669,110,57
40,6,car,0.8388671875,669,672,118,66
40,7,car,0.85986328125,982,663,134,78
40,8,car,0.6513671875,597,657,77,54
40,9,truck,0.4609375,1378,683,155,101
40,11,car,0.34521484375,915,652,48,52
40,12,car,0.73388671875,1832,703,174,146
40,16,car,0.34521484375,438,631,38,31
40,18,car,0.810546875,358,652,90,59
40,28,car,0.381103515625,876,635,65,43
40,33,car,0.1871337890625,151,627,51,39
40,44,car,0.6279296875,701,646,56,36
40,56,truck,0.19189453125,76,601,43,44
40,17,car,0.50390625,397,636,64,49
40,63,car,0.332763671875,242,626,49,40
40,66,car,0.42431640625,525,635,50,43
40,90,car,0.2239990234375,284,630,35,22
40,92,car,0.322509765625,652,629,46,27
40,93,car,0.56396484375,1233,643,68,34
40,86,truck,0.5888671875,591,634,91,87
41,2,car,0.91259765625,1736,721,301,150
41,3,car,0.92041015625,1312,726,253,119
41,4,car,0.8818359375,841,681,148,88
41,5,car,0.74755859375,1209,670,111,58
41,6,car,0.85205078125,674,673,120,65
41,7,car,0.85009765625,987,663,135,79
41,8,car,0.61669921875,601,657,78,55
41,9,car,0.43408203125,1387,683,159,103
41,11,car,0.32763671875,920,652,44,51
41,12,car,0.6318359375,1840,704,159,148
41,16,car,0.437744140625,440,631,37,30
41,18,car,0.82080078125,362,652,90,59
41,28,car,0.310791015625,881,636,65,45
41,33,car,0.1800537109375,150,629,50,36
41,44,car,0.55078125,704,646,57,36
41,56,truck,0.24072265625,76,602,42,46
41,17,car,0.52734375,400,636,63,49
41,63,car,0.33984375,245,625,46,41
41,66,car,0.38671875,527,635,51,43
41,90,car,0.216064453125,285,631,38,22
41,92,car,0.264404296875,656,630,45,27
41,93,car,0.235107421875,1221,642,72,33
41,15,truck,0.521484375,594,625,90,68
42,2,car,0.9072265625,1759,724,308,146
42,3,car,0.91650390625,1330,727,259,120
42,4,car,0.875,850,682,151,89
42,5,car,0.810546875,1219,671,113,59
42,6,car,0.85107421875,681,674,121,66
42,7,car,0.83544921875,989,663,142,79
42,8,car,0.615234375,605,657,82,54
42,9,car,0.43017578125,1398,683,157,101
42,11,car,0.115966796875,925,651,41,49
42,12,car,0.60009765625,1848,694,142,127
42,16,car,0.385009765625,445,631,36,31
42,18,car,0.8388671875,366,653,90,58
42,28,car,0.33447265625,886,637,65,45
42,33,car,0.134765625,152,628,52,38
42,44,car,0.37744140625,708,645,58,36
42,56,truck,0.12939453125,77,598,39,40
42,17,car,0.34326171875,403,636,63,50
42,66,car,0.32080078125,529,635,51,43
42,90,car,0.281494140625,287,631,37,23
42,92,car,0.267333984375,661,630,44,27
42,93,car,0.36669921875,1203,640,75,30
42,95,truck,0.39794921875,1395,683,159,101
42,86,truck,0.5546875,598,635,95,89
43,2,car,0.921875,1773,727,292,146
43,3,car,0.90185546875,1348,728,264,121
43,4,car,0.88720703125,858,682,155,89
43,5,car,0.796875,1228,671,114,59
43,6,car,0.84375,686,674,122,66
43,7,car,0.8681640625,991,664,151,79
43,8,car,0.73876953125,607,658,88,55
43,9,car,0.50390625,1408,682,158,98
43,12,car,0.716796875,1856,678,127,95
43,16,car,0.36669921875,446,631,36,31
43,18,car,0.82763671875,371,654,91,58
43,28,car,0.32421875,893,636,65,43
43,33,car,0.1217041015625,152,628,52,39
43,44,car,0.17333984375,713,645,59,34
43,56,truck,0.1490478515625,77,598,38,39
43,17,car,0.48828125,407,636,61,50
43,66,car,0.478515625,531,635,51,42
43,90,car,0.33447265625,288,630,37,24
43,92,car,0.32421875,665,630,46,27
43,93,car,0.36474609375,1188,639,72,27
43,95,truck,0.414794921875,1405,682,159,97
43,63,car,0.319091796875,247,626,49,41
43,15,truck,0.58154296875,601,624,93,63
44,2,car,0.92236328125,1784,729,270,147
44,3,car,0.8896484375,1366,730,269,123
44,4,car,0.888671875,866,683,154,91
44,5,car,0.85302734375,1237,672,114,60
44,6,car,0.85693359375,692,674,123,67
44,7,car,0.81884765625,998,665,149,79
44,8,car,0.611328125,611,658,91,55
44,9,truck,0.501953125,1419,680,160,91
44,12,car,0.71533203125,1863,670,109,79
44,16,car,0.37939453125,448,630,35,31
44,18,car,0.81982421875,375,654,90,58
44,28,car,0.4130859375,897,636,67,43
44,33,car,0.20556640625,143,629,66,38
44,44,car,0.1710205078125,717,643,61,35
44,56,truck,0.2120361328125,78,601,39,45
44,17,car,0.4765625,411,637,60,50
44,66,car,0.46875,533,635,50,42
44,90,car,0.34326171875,290,631,38,24
44,92,car,0.259765625,668,631,45,28
44,93,car,0.56201171875,1177,638,74,26
44,95,truck,0.10015869140625,1389,679,217,90
44,63,car,0.30908203125,247,625,49,41
44,15,truck,0.18359375,604,624,96,58
44,86,truck,0.533203125,604,637,98,87
45,2,car,0.90283203125,1795,731,248,148
45,3,car,0.90380859375,1384,732,273,124
45,4,car,0.8740234375,875,683,155,91
45,5,car,0.8310546875,1247,673,116,61
45,6,car,0.85888671875,699,674,124,68
45,7,car,0.84716796875,1002,665,154,80
45,8,car,0.75341796875,614,658,92,54
45,12,car,0.56005859375,1872,664,93,64
45,16,car,0.310791015625,451,630,35,32
45,18,car,0.8310546875,380,654,92,58
45,28,car,0.36669921875,902,635,69,41
45,33,car,0.1470947265625,138,630,74,37
45,44,car,0.273681640625,721,643,56,36
45,56,truck,0.264404296875,78,601,39,47
45,17,car,0.441650390625,415,637,61,50
45,66,car,0.453369140625,535,635,49,42
45,90,car,0.30908203125,291,631,38,23
45,92,car,0.2254638671875,670,631,45,28
45,93,car,0.5234375,1166,638,76,26
45,95,truck,0.71875,1398,677,222,82
45,63,car,0.33984375,248,626,51,40
45,15,truck,0.60595703125,606,625,96,62
45,99,car,0.352294921875,344,628,49,41
46,2,car,0.8974609375,1807,732,224,148
46,3,car,0.8974609375,1404,734,278,124
46,4,car,0.8798828125,884,684,158,92
46,5,car,0.8388671875,1255,673,116,61
46,6,car,0.86328125,705,675,125,69
46,7,car,0.86083984375,1008,665,154,79
46,8,car,0.7919921875,619,658,93,54
46,12,car,0.42626953125,1881,656,76,44
46,16,car,0.1778564453125,452,630,37,31
46,18,car,0.8154296875,385,655,93,58
46,28,car,0.294189453125,908,633,67,37
46,33,car,0.138427734375,137,629,80,39
46,44,car,0.2081298828125,725,642,57,35
46,56,truck,0.289306640625,78,603,41,50
46,17,car,0.25537109375,417,637,65,50
46,66,car,0.341552734375,541,636,54,43
46,90,car,0.312255859375,291,631,38,23
46,92,car,0.264404296875,674,631,46,28
46,93,car,0.5830078125,1155,638,77,27
46,95,truck,0.6298828125,1410,676,222,83
46,15,truck,0.68603515625,610,625,93,62
46,99,car,0.32421875,347,629,52,41
47,2,car,0.8916015625,1819,733,200,150
47,3,car,0.89892578125,1423,736,284,126
47,4,car,0.884765625,893,684,159,93
47,5,car,0.84912109375,1264,674,116,62
47,6,car,0.85400390625,711,675,126,70
47,7,car,0.85498046875,1014,665,156,80
47,8,car,0.73388671875,623,658,94,55
47,12,car,0.462890625,1889,650,60,31
47,16,car,0.20556640625,455,631,34,29
47,18,car,0.81884765625,390,655,94,59
47,28,car,0.3486328125,913,632,67,35
47,33,car,0.1268310546875,137,630,83,39
47,44,car,0.19677734375,727,641,59,35
47,56,truck,0.248046875,79,603,42,51
47,17,car,0.307373046875,420,637,65,50
47,66,car,0.470703125,545,636,56,43
47,90,car,0.3486328125,292,631,39,23
47,92,car,0.27978515625,677,631,48,29
47,93,car,0.56591796875,1145,638,77,26
47,95,truck,0.76611328125,1422,675,224,82
47,15,truck,0.67236328125,614,627,92,66
47,99,car,0.312255859375,349,629,52,40
47,63,car,0.281494140625,251,625,47,41
48,2,car,0.88330078125,1832,733,175,145
48,3,car,0.91552734375,1443,737,288,126
48,4,car,0.8857421875,901,685,160,93
48,5,car,0.85009765625,1273,674,117,63
48,6,car,0.84814453125,718,675,127,71
48,7,car,0.84375,1021,665,152,80
48,8,car,0.732421875,627,659,93,56
48,16,car,0.2509765625,457,631,35,29
48,18,car,0.8154296875,394,655,95,60
48,28,car,0.267333984375,919,631,69,32
48,33,car,0.11126708984375,128,629,64,38
48,44,car,0.1744384765625,728,641,62,34
48,56,truck,0.1634521484375,79,601,42,47
48,17,car,0.37939453125,423,637,64,50
48,66,car,0.357666015625,547,636,56,42
48,90,car,0.338134765625,294,632,39,22
48,92,car,0.1859130859375,681,632,46,31
48,93,car,0.59619140625,1135,638,76,26
48,95,truck,0.75048828125,1431,674,226,81
48,15,truck,0.7216796875,617,629,93,67
48,99,car,0.2294921875,351,629,52,39
48,63,car,0.281494140625,251,625,50,42
49,2,car,0.8642578125,1844,732,151,144
49,3,car,0.90576171875,1464,739,294,128
49,4,car,0.89111328125,911,686,162,95
49,5,car,0.84814453125,1283,675,117,64
49,6,car,0.8388671875,724,677,128,68
49,7,car,0.84912109375,1026,666,155,81
49,8,car,0.78125,632,660,91,55
49,16,car,0.2337646484375,460,632,32,29
49,18,car,0.82666015625,399,655,98,61
49,28,car,0.2958984375,924,630,70,30
49,33,car,0.1268310546875,132,631,70,34
49,44,car,0.158203125,731,641,64,31
49,56,truck,0.2451171875,79,602,43,48
49,17,car,0.359375,427,638,62,51
49,66,car,0.2861328125,549,636,56,43
49,90,car,0.420654296875,295,632,39,23
49,92,car,0.138427734375,685,632,44,31
49,93,car,0.55810546875,1124,638,77,25
49,95,truck,0.7294921875,1442,672,229,75
49,15,truck,0.75634765625,621,631,97,72
49,99,car,0.2705078125,354,629,53,41
49,63,car,0.27978515625,250,625,52,43
49,9,car,0.32421875,1447,675,223,81
50,2,car,0.83740234375,1857,733,125,144
50,3,car,0.91259765625,1485,741,299,132
50,4,car,0.8857421875,920,686,163,95
50,5,car,0.7841796875,1295,675,122,64
50,6,car,0.83642578125,730,678,128,69
50,7,car,0.865234375,1032,666,156,81
50,8,car,0.76904296875,637,660,93,56
50,16,car,0.1285400390625,463,632,30,28
50,18,car,0.80908203125,403,656,101,61
50,28,car,0.403564453125,929,630,71,30
50,33,car,0.2081298828125,127,633,60,30
50,44,car,0.1461181640625,728,640,71,27
50,56,truck,0.1895751953125,80,600,43,44
50,17,car,0.275146484375,429,638,64,49
50,66,car,0.2069091796875,550,636,55,43
50,90,car,0.37744140625,297,631,38,24
50,92,car,0.19189453125,689,632,46,31
50,93,car,0.505859375,1118,637,67,25
50,95,truck,0.64794921875,1454,670,228,68
50,15,truck,0.76904296875,623,632,99,77
50,99,car,0.20556640625,356,629,56,40
50,63,car,0.25244140625,254,625,51,43
50,9,car,0.22265625,1456,671,227,72
51,2,car,0.84716796875,1871,734,97,144
51,3,car,0.92138671875,1506,743,307,134
51,4,car,0.88818359375,929,687,164,96
51,5,car,0.56591796875,1314,675,141,65
51,6,car,0.83642578125,738,678,130,70
51,7,car,0.85498046875,1039,666,156,82
51,8,car,0.767578125,643,660,93,56
51,16,car,0.2069091796875,464,632,32,29
51,18,car,0.80078125,408,656,103,62
51,28,car,0.4609375,935,630,71,29
51,33,car,0.203125,125,633,53,29
51,44,car,0.103759765625,727,640,82,26
51,56,truck,0.21728515625,80,601,44,45
51,17,car,0.307373046875,432,636,67,47
51,66,car,0.355712890625,553,636,53,43
51,90,car,0.443603515625,298,632,39,24
51,92,car,0.25830078125,692,632,46,31
51,93,car,0.57568359375,1112,637,57,25
51,15,truck,0.71875,625,632,99,79
51,99,car,0.2705078125,359,629,58,41
51,63,car,0.27978515625,255,625,50,43
51,9,truck,0.607421875,1468,670,226,71
52,2,car,0.796875,1884,737,68,146
52,3,car,0.91162109375,1529,744,311,136
52,4,car,0.888671875,939,688,167,97
52,5,car,0.84912109375,1317,676,129,65
52,6,car,0.83642578125,744,678,131,71
52,7,car,0.85986328125,1047,666,156,82
52,8,car,0.77197265625,647,660,95,57
52,16,car,0.140380859375,471,631,30,31
52,18,car,0.80322265625,415,656,101,63
52,28,car,0.1175537109375,941,631,72,30
52,33,car,0.1993408203125,127,634,55,28
52,44,car,0.12939453125,736,641,75,26
52,56,truck,0.273681640625,80,604,45,51
52,17,car,0.138427734375,433,631,60,38
52,66,car,0.458984375,556,636,54,44
52,90,car,0.4765625,299,632,39,24
52,92,car,0.27978515625,695,633,46,33
52,93,car,0.1441650390625,1106,638,49,24
52,15,truck,0.73583984375,628,632,98,79
52,99,car,0.2451171875,360,629,55,41
52,63,car,0.30908203125,252,625,56,43
52,9,truck,0.83349609375,1478,671,229,73
53,2,car,0.67236328125,1898,742,39,138
53,3,car,0.9189453125,1551,746,320,137
53,4,car,0.88818359375,949,689,170,97
53,5,car,0.85107421875,1325,677,125,65
53,6,car,0.85693359375,752,679,132,72
53,7,car,0.84814453125,1054,667,154,82
53,8,car,0.77734375,653,661,93,56
53,16,car,0.1441650390625,472,631,30,32
53,18,car,0.79443359375,421,657,98,62
53,28,car,0.1431884765625,947,630,73,27
53,33,car,0.24365234375,125,634,53,27
53,44,car,0.1778564453125,743,640,68,24
53,56,truck,0.2783203125,81,603,45,49
53,17,car,0.1329345703125,437,630,58,37
53,66,car,0.513671875,560,636,58,44
53,90,car,0.501953125,300,632,40,25
53,92,car,0.29248046875,699,633,46,33
53,15,truck,0.8056640625,633,633,97,78
53,99,car,0.312255859375,361,629,54,41
53,63,car,0.27197265625,250,625,59,44
53,9,truck,0.70751953125,1483,673,222,75
53,108,fire hydrant,0.363037109375,259,666,19,41
53,81,car,0.6318359375,1877,709,84,81
54,3,car,0.9130859375,1575,748,324,140
54,4,car,0.89697265625,959,689,173,98
54,5,car,0.8759765625,1333,678,122,64
54,6,car,0.873046875,758,680,134,73
54,7,car,0.8671875,1061,667,153,83
54,8,car,0.7734375,658,661,95,57
54,18,car,0.7919921875,427,657,98,61
54,28,car,0.235107421875,952,630,74,27
54,33,car,0.20947265625,125,633,52,30
54,44,car,0.140380859375,748,640,63,23
54,56,truck,0.25244140625,81,600,45,44
54,17,car,0.1666259765625,441,629,62,34
54,66,car,0.552734375,565,637,61,45
54,90,car,0.54296875,301,631,41,26
54,92,car,0.3056640625,704,635,49,35
54,15,truck,0.7705078125,638,634,97,79
54,99,car,0.46875,362,629,55,41
54,63,truck,0.24365234375,250,625,62,44
54,9,truck,0.70068359375,1496,682,227,92
54,108,fire hydrant,0.416748046875,259,665,19,41
54,81,truck,0.319091796875,1884,714,66,85
55,3,car,0.91650390625,1599,749,331,144
55,4,car,0.89404296875,969,690,174,100
55,5,car,0.85693359375,1344,679,122,65
55,6,car,0.861328125,765,680,136,74
55,7,car,0.86865234375,1068,667,153,85
55,8,car,0.83544921875,662,661,97,57
55,18,car,0.796875,431,658,100,62
55,28,car,0.30908203125,959,630,76,27
55,33,car,0.2239990234375,127,633,52,31
55,44,car,0.10894775390625,751,640,64,23
55,56,truck,0.2108154296875,81,601,45,45
55,17,car,0.12420654296875,442,627,59,33
55,66,car,0.39990234375,568,637,63,46
55,90,car,0.541015625,302,630,42,27
55,92,car,0.281494140625,708,635,48,36
55,15,truck,0.7841796875,641,633,96,78
55,99,car,0.441650390625,363,629,53,41
55,63,car,0.3701171875,251,625,63,45
55,9,truck,0.77978515625,1503,686,222,99
55,108,fire hydrant,0.470703125,259,664,20,45
55,81,car,0.4111328125,1893,714,47,81
55,111,car,0.455078125,385,648,43,47
56,3,car,0.921875,1624,753,338,143
56,4,car,0.8955078125,980,691,176,100
56,5,car,0.8447265625,1354,679,123,66
56,6,car,0.87744140625,772,681,136,73
56,7,car,0.8740234375,1076,667,151,85
56,8,car,0.8388671875,668,662,96,58
56,18,car,0.81298828125,436,658,102,63
56,28,car,0.361083984375,965,630,77,28
56,33,car,0.1510009765625,127,631,50,35
56,44,car,0.25244140625,755,640,61,24
56,56,truck,0.2239990234375,82,602,45,48
56,66,car,0.57958984375,571,637,64,46
56,90,car,0.4921875,303,630,43,28
56,92,car,0.273681640625,711,635,49,37
56,15,truck,0.80322265625,644,632,95,80
56,99,car,0.470703125,365,629,54,42
56,63,car,0.276611328125,251,626,63,46
56,9,truck,0.86865234375,1514,688,225,102
56,108,fire hydrant,0.46875,259,664,19,45
56,111,car,0.443603515625,385,649,38,50
57,3,car,0.92431640625,1650,756,345,145
57,4,car,0.900390625,989,691,176,102
57,5,car,0.8232421875,1366,679,127,67
57,6,car,0.87841796875,779,682,139,73
57,7,car,0.86962890625,1082,667,150,86
57,8,car,0.81982421875,675,662,97,59
57,18,car,0.83984375,442,658,102,64
57,28,car,0.161376953125,972,631,77,28
57,33,car,0.1800537109375,128,632,51,33
57,44,car,0.33447265625,759,640,56,23
57,56,truck,0.2705078125,82,604,45,51
57,66,car,0.46484375,573,637,64,45
57,90,car,0.42626953125,305,630,45,29
57,92,car,0.25537109375,715,635,49,36
57,15,truck,0.77880859375,648,633,94,79
57,99,car,0.51171875,366,630,52,42
57,63,truck,0.2017822265625,251,626,66,45
57,9,truck,0.861328125,1528,690,230,103
57,108,fire hydrant,0.416748046875,259,664,19,42
57,111,car,0.53515625,388,650,39,50
58,3,car,0.9228515625,1675,758,355,146
58,4,car,0.89306640625,1000,692,179,102
58,5,car,0.822265625,1377,680,130,67
58,6,car,0.8759765625,786,682,139,74
58,7,car,0.8623046875,1089,667,151,88
58,8,car,0.78662109375,681,662,100,58
58,18,car,0.83349609375,448,659,102,64
58,28,car,0.2239990234375,978,631,77,30
58,33,car,0.216064453125,130,630,51,38
58,44,car,0.236572265625,763,640,55,24
58,56,truck,0.3173828125,83,606,45,55
58,66,car,0.291015625,576,638,64,47
58,90,car,0.441650390625,306,629,45,29
58,92,car,0.19677734375,719,635,49,36
58,15,truck,0.716796875,652,634,95,78
58,99,car,0.5390625,367,630,51,43
58,63,car,0.303955078125,256,626,59,44
58,9,truck,0.87890625,1543,690,237,104
58,108,fire hydrant,0.443603515625,258,664,19,42
58,111,car,0.53125,395,649,48,52
59,3,car,0.9267578125,1702,761,362,148
59,4,car,0.9072265625,1010,693,182,103
59,5,car,0.8388671875,1389,681,131,67
59,6,car,0.8759765625,794,683,139,73
59,7,car,0.85888671875,1096,668,152,86
59,8,car,0.8056640625,688,663,103,59
59,18,car,0.822265625,453,660,103,63
59,28,car,0.1217041015625,984,632,79,31
59,33,car,0.219970703125,131,629,51,39
59,44,car,0.2239990234375,769,640,54,25
59,56,truck,0.422607421875,83,607,46,58
59,66,car,0.33984375,580,638,63,46
59,90,car,0.332763671875,309,629,45,30
59,92,car,0.2958984375,724,637,52,37
59,15,truck,0.75634765625,655,634,96,78
59,99,car,0.541015625,369,630,50,43
59,63,car,0.287841796875,259,626,59,43
59,9,truck,0.88720703125,1557,691,242,104
59,108,fire hydrant,0.375732421875,258,664,20,43
59,111,car,0.58154296875,400,649,53,52
60,3,car,0.9228515625,1728,763,370,150
60,4,car,0.89501953125,1021,694,184,103
60,5,car,0.85595703125,1400,681,132,67
60,6,car,0.8798828125,801,684,141,73
60,7,car,0.85400390625,1103,668,152,87
60,8,car,0.81982421875,694,663,105,60
60,18,car,0.8173828125,459,660,103,64
60,33,car,0.216064453125,133,628,51,38
60,44,car,0.2958984375,774,642,52,24
60,56,truck,0.35400390625,83,608,47,60
60,66,car,0.422607421875,583,638,63,47
60,90,car,0.422607421875,310,629,45,30
60,92,car,0.357666015625,728,638,54,39
60,15,truck,0.8310546875,658,633,96,81
60,99,car,0.38671875,371,630,52,43
60,63,car,0.3056640625,260,626,61,43
60,9,truck,0.875,1570,692,246,106
60,108,fire hydrant,0.325927734375,258,664,19,42
60,111,car,0.6533203125,405,649,58,53
60,119,truck,0.57763671875,970,648,119,65
61,3,car,0.92236328125,1744,765,351,152
61,4,car,0.8955078125,1032,694,186,105
61,5,car,0.861328125,1412,682,132,68
61,6,car,0.87255859375,808,684,144,74
61,7,car,0.861328125,1111,668,152,87
61,8,car,0.830078125,701,663,107,61
61,18,car,0.806640625,466,661,104,64
61,33,car,0.24365234375,133,631,50,34
61,44,car,0.33984375,779,642,52,24
61,66,car,0.46484375,587,638,61,46
61,90,car,0.414794921875,312,629,45,30
61,92,car,0.1561279296875,732,637,51,38
61,15,truck,0.82666015625,661,632,97,83
61,99,car,0.505859375,373,630,52,43
61,63,car,0.346923828125,261,626,62,43
61,9,truck,0.89306640625,1582,693,249,107
61,108,fire hydrant,0.3056640625,259,664,20,41
61,111,car,0.6513671875,408,648,58,56
61,119,truck,0.521484375,975,648,121,66
61,72,car,0.63720703125,1345,646,80,20
62,3,car,0.9189453125,1756,768,326,155
62,4,car,0.900390625,1043,695,188,107
62,5,car,0.875,1423,683,132,69
62,6,car,0.8798828125,816,685,145,73
62,7,car,0.85986328125,1117,669,152,87
62,8,car,0.80419921875,706,664,107,61
62,18,car,0.8173828125,471,661,104,64
62,33,car,0.2861328125,133,632,52,31
62,44,car,0.2493896484375,782,642,53,24
62,66,car,0.43017578125,590,638,63,46
62,90,car,0.39794921875,312,629,47,31
62,92,car,0.1744384765625,735,634,48,32
62,15,truck,0.81396484375,666,632,101,83
62,99,car,0.50390625,375,630,53,43
62,63,car,0.390380859375,261,626,61,44
62,9,truck,0.880859375,1595,694,251,108
62,108,fire hydrant,0.42822265625,259,664,20,41
62,111,car,0.6259765625,412,648,59,58
62,119,truck,0.346923828125,980,649,122,67
62,123,car,0.350341796875,173,626,48,38
62,72,car,0.609375,1338,646,85,19
62,56,truck,0.265869140625,84,605,46,54
63,3,car,0.923828125,1769,771,300,158
63,4,car,0.88427734375,1055,696,191,107
63,5,car,0.8681640625,1436,683,136,69
63,6,car,0.884765625,824,686,146,75
63,7,car,0.83984375,1125,670,153,88
63,8,car,0.8408203125,711,665,108,61
63,18,car,0.82666015625,477,662,105,65
63,33,car,0.281494140625,134,632,53,30
63,44,car,0.307373046875,785,644,53,26
63,66,car,0.515625,592,638,66,46
63,90,car,0.462890625,313,629,48,31
63,92,car,0.203125,736,631,46,26
63,15,truck,0.8173828125,670,632,99,84
63,99,car,0.5234375,378,630,55,43
63,63,car,0.329345703125,263,626,59,44
63,9,truck,0.88427734375,1609,696,256,110
63,108,fire hydrant,0.332763671875,259,664,20,40
63,111,car,0.63525390625,414,648,58,59
63,119,truck,0.71240234375,987,650,125,68
63,123,car,0.310791015625,174,626,49,37
63,72,car,0.62255859375,1326,646,83,20
63,56,truck,0.2239990234375,84,604,45,53
64,3,car,0.927734375,1783,774,273,160
64,4,car,0.8974609375,1065,697,196,109
64,5,car,0.884765625,1447,684,137,69
64,6,car,0.888671875,832,687,149,76
64,7,car,0.84716796875,1132,670,152,88
64,8,car,0.8115234375,716,665,109,61
64,18,car,0.85302734375,483,662,107,66
64,44,car,0.22265625,790,645,55,26
64,66,car,0.46875,598,639,63,46
64,90,car,0.4609375,315,628,48,31
64,92,car,0.184814453125,739,629,42,20
64,15,truck,0.7890625,674,633,101,84
64,99,car,0.56591796875,379,630,55,43
64,63,car,0.34326171875,261,627,66,44
64,9,truck,0.888671875,1623,698,260,113
64,108,fire hydrant,0.346923828125,259,665,21,41
64,111,car,0.6826171875,418,649,60,58
64,119,truck,0.732421875,995,650,128,68
64,123,car,0.33642578125,176,626,46,37
64,72,car,0.6494140625,1314,646,85,21
64,56,truck,0.289306640625,85,605,44,55
65,3,car,0.91845703125,1797,777,245,163
65,4,car,0.900390625,1077,698,198,108
65,5,car,0.8740234375,1460,685,140,70
65,6,car,0.888671875,840,687,150,77
65,7,car,0.85498046875,1140,670,152,90
65,8,car,0.83447265625,723,665,109,61
65,18,car,0.85595703125,489,663,108,67
65,44,car,0.325927734375,794,646,58,28
65,66,car,0.451416015625,602,639,61,47
65,90,car,0.46875,316,629,47,31
65,92,car,0.1859130859375,744,628,40,18
65,15,truck,0.8115234375,679,633,103,84
65,99,car,0.61669921875,382,630,58,43
65,63,car,0.3310546875,260,627,69,46
65,9,truck,0.88427734375,1635,699,264,114
65,108,fire hydrant,0.36669921875,259,665,21,40
65,111,car,0.66552734375,423,649,62,59
65,119,truck,0.763671875,1002,650,130,68
65,123,car,0.315673828125,177,626,44,36
65,72,car,0.66552734375,1300,645,82,21
65,56,truck,0.265869140625,85,606,43,56
66,3,car,0.89892578125,1811,777,216,160
66,4,car,0.90185546875,1090,699,199,109
66,5,car,0.8662109375,1473,685,143,71
66,6,car,0.880859375,848,688,151,77
66,7,car,0.8408203125,1148,670,152,90
66,8,car,0.85595703125,729,666,108,61
66,18,car,0.84375,495,662,108,67
66,44,car,0.355712890625,799,648,59,31
66,66,car,0.5927734375,604,639,65,46
66,90,car,0.416748046875,317,629,49,30
66,92,car,0.18359375,747,629,42,19
66,15,truck,0.8388671875,681,633,100,84
66,99,car,0.58154296875,383,630,57,43
66,63,car,0.34521484375,261,627,68,44
66,9,truck,0.8798828125,1651,701,268,116
66,108,fire hydrant,0.368408203125,260,665,21,40
66,111,car,0.689453125,427,650,65,58
66,119,truck,0.76611328125,1007,650,130,69
66,123,car,0.273681640625,177,625,44,35
66,72,car,0.51953125,1287,645,81,21
66,56,truck,0.329345703125,86,606,43,56
67,3,car,0.89501953125,1826,776,187,151
67,4,car,0.8984375,1102,701,201,109
67,5,car,0.8759765625,1485,686,144,71
67,6,car,0.8759765625,856,689,152,77
67,7,car,0.80419921875,1155,671,153,90
67,8,car,0.85205078125,737,666,112,61
67,18,car,0.85009765625,500,663,107,68
67,44,car,0.474609375,802,649,65,33
67,66,car,0.48046875,607,639,67,46
67,90,car,0.422607421875,320,629,46,30
67,92,car,0.1859130859375,752,629,38,19
67,15,truck,0.8232421875,685,634,101,83
67,99,car,0.60595703125,385,631,59,44
67,63,car,0.445556640625,262,627,68,44
67,9,truck,0.8857421875,1665,701,272,118
67,108,fire hydrant,0.350341796875,260,665,21,39
67,111,car,0.751953125,431,650,68,58
67,119,truck,0.59619140625,1010,650,137,68
67,123,car,0.325927734375,177,626,45,36
67,72,car,0.42626953125,1274,645,81,20
67,56,truck,0.332763671875,86,607,44,58
68,3,car,0.90185546875,1841,776,156,148
68,4,car,0.8974609375,1115,702,203,109
68,5,car,0.888671875,1497,687,144,71
68,6,car,0.892578125,864,690,154,78
68,7,car,0.81884765625,1163,671,153,91
68,8,car,0.82666015625,743,666,114,62
68,18,car,0.81298828125,506,664,107,69
68,44,car,0.443603515625,808,649,63,33
68,66,car,0.64404296875,609,639,69,47
68,90,car,0.451416015625,322,629,44,30
68,92,car,0.1859130859375,757,628,39,18
68,15,truck,0.8115234375,689,634,105,83
68,99,car,0.609375,388,631,62,44
68,63,car,0.383056640625,265,627,64,45
68,9,truck,0.89501953125,1680,702,278,120
68,108,fire hydrant,0.458984375,260,665,21,40
68,111,car,0.7734375,434,651,70,57
68,119,truck,0.62255859375,1010,651,154,68
68,123,car,0.291015625,178,626,44,35
68,72,car,0.385009765625,1261,644,79,19
68,56,truck,0.37744140625,87,608,44,61
69,3,car,0.8818359375,1857,779,124,146
69,4,car,0.9052734375,1127,703,205,110
69,5,car,0.865234375,1510,687,146,72
69,6,car,0.88330078125,873,690,155,79
69,7,car,0.78515625,1171,671,153,90
69,8,car,0.79296875,750,667,116,62
69,18,car,0.80810546875,512,665,109,69
69,44,car,0.43017578125,812,649,69,34
69,66,car,0.546875,612,639,72,48
69,90,car,0.4072265625,324,629,44,30
69,92,car,0.19189453125,759,628,40,18
69,15,truck,0.8232421875,692,634,103,85
69,99,car,0.51171875,391,631,64,44
69,63,car,0.437744140625,265,627,67,46
69,9,truck,0.87890625,1694,702,282,122
69,108,fire hydrant,0.414794921875,260,665,21,41
69,111,car,0.74609375,438,651,72,56
69,119,truck,0.60009765625,1011,652,169,70
69,123,car,0.25830078125,178,626,44,35
69,72,car,0.392333984375,1253,644,68,19
69,56,truck,0.325927734375,88,608,45,62
69,128,car,0.68408203125,1846,681,146,91
70,3,car,0.84814453125,1873,783,92,143
70,4,car,0.91357421875,1140,704,209,113
70,5,car,0.8662109375,1523,688,149,72
70,6,car,0.87646484375,881,691,158,80
70,7,car,0.79443359375,1178,671,154,88
70,8,car,0.8310546875,755,668,116,61
70,18,car,0.81884765625,519,665,111,69
70,44,car,0.478515625,817,650,72,36
70,66,car,0.541015625,616,639,73,48
70,90,car,0.34521484375,325,629,45,30
70,92,car,0.172119140625,762,628,39,18
70,15,truck,0.80078125,696,633,104,86
70,99,car,0.49609375,392,631,64,44
70,63,car,0.32763671875,265,627,69,46
70,9,truck,0.9013671875,1708,703,283,125
70,108,fire hydrant,0.1143798828125,260,665,21,41
70,111,car,0.689453125,442,652,73,56
70,119,truck,0.73095703125,1027,652,148,70
70,123,car,0.29248046875,180,626,46,37
70,72,car,0.1981201171875,1242,643,62,20
70,56,truck,0.32421875,88,608,46,62
70,128,car,0.6318359375,1848,685,142,98
71,3,car,0.8115234375,1890,791,58,135
71,4,car,0.89306640625,1153,705,212,114
71,5,car,0.85205078125,1535,689,149,72
71,6,car,0.8798828125,890,691,159,82
71,7,car,0.75048828125,1185,669,156,84
71,8,car,0.8154296875,761,668,116,61
71,18,car,0.85009765625,526,665,113,69
71,44,car,0.505859375,821,650,72,37
71,66,car,0.54296875,619,639,72,48
71,90,car,0.484375,326,629,44,31
71,92,car,0.265869140625,766,629,38,17
71,15,truck,0.78271484375,701,634,105,85
71,99,car,0.52734375,392,631,61,44
71,63,car,0.32763671875,265,627,69,45
71,9,truck,0.9111328125,1725,705,287,126
71,108,fire hydrant,0.16455078125,261,664,20,40
71,111,car,0.7373046875,446,652,75,58
71,119,truck,0.7216796875,1039,652,138,71
71,123,car,0.3173828125,181,626,47,37
71,72,car,0.1510009765625,1236,643,52,22
71,56,truck,0.34326171875,88,609,48,61
71,128,car,0.2239990234375,1848,686,138,102
72,3,car,0.51171875,1907,793,21,104
72,4,car,0.9091796875,1167,707,215,114
72,5,car,0.8671875,1549,690,150,73
72,6,car,0.88623046875,900,692,161,81
72,7,car,0.71533203125,1192,665,158,76
72,8,car,0.841796875,768,669,119,61
72,18,car,0.841796875,532,665,114,70
72,44,car,0.5947265625,826,651,70,39
72,66,car,0.6318359375,622,639,71,47
72,90,car,0.505859375,328,629,45,30
72,92,car,0.34521484375,770,629,39,17
72,15,truck,0.845703125,703,633,103,86
72,99,car,0.55078125,392,631,58,44
72,63,car,0.373779296875,268,628,72,44
72,9,truck,0.892578125,1739,707,289,127
72,108,fire hydrant,0.1800537109375,261,664,21,41
72,111,car,0.796875,450,652,77,58
72,119,truck,0.78662109375,1047,652,134,72
72,123,car,0.216064453125,182,626,48,36
72,56,truck,0.2281494140625,86,606,49,57
73,4,car,0.90869140625,1180,708,216,114
73,5,car,0.8623046875,1562,690,152,73
73,6,car,0.88427734375,908,693,162,82
73,7,car,0.79052734375,1199,662,160,70
73,8,car,0.85888671875,776,669,121,62
73,18,car,0.85400390625,539,666,115,70
73,44,car,0.60205078125,830,652,69,40
73,66,car,0.64404296875,625,639,72,47
73,90,car,0.509765625,330,629,46,32
73,15,truck,0.85595703125,708,633,104,86
73,99,car,0.437744140625,392,631,56,45
73,63,car,0.37939453125,268,628,71,45
73,9,truck,0.89892578125,1754,707,293,128
73,108,fire hydrant,0.1634521484375,260,665,20,39
73,111,car,0.80419921875,454,652,80,60
73,119,truck,0.806640625,1054,653,136,73
73,123,car,0.28466796875,183,626,47,37
73,56,truck,0.312255859375,85,608,51,60
74,4,car,0.90673828125,1194,709,220,116
74,5,car,0.8642578125,1577,691,154,74
74,6,car,0.8974609375,918,694,163,82
74,7,car,0.79931640625,1207,661,163,66
74,8,car,0.865234375,782,670,121,62
74,18,car,0.85302734375,546,666,114,71
74,44,car,0.6669921875,835,652,71,40
74,66,car,0.7294921875,627,639,74,47
74,90,car,0.494140625,332,629,46,31
74,15,truck,0.85400390625,711,633,105,86
74,99,car,0.544921875,395,632,57,45
74,63,car,0.341552734375,269,627,71,46
74,9,truck,0.87744140625,1769,708,295,131
74,108,fire hydrant,0.27978515625,260,665,20,39
74,111,car,0.81298828125,458,652,82,59
74,119,truck,0.83349609375,1060,653,134,74
74,123,car,0.368408203125,184,626,47,38
74,56,truck,0.42431640625,88,609,48,61
74,93,car,0.43408203125,917,632,53,18
74,92,car,0.34521484375,779,629,41,17
75,4,car,0.896484375,1209,710,222,117
75,5,car,0.85205078125,1590,691,156,76
75,6,car,0.880859375,927,695,165,83
75,7,car,0.71875,1214,660,164,63
75,8,car,0.85595703125,789,671,121,63
75,18,car,0.85205078125,552,666,115,72
75,44,car,0.64794921875,841,653,69,41
75,66,car,0.658203125,631,639,74,47
75,90,car,0.56982421875,334,630,44,32
75,15,truck,0.85595703125,716,634,107,87
75,99,car,0.4921875,396,632,58,45
75,63,car,0.39599609375,270,628,71,45
75,9,truck,0.8974609375,1777,709,285,130
75,108,fire hydrant,0.3701171875,260,664,20,41
75,111,car,0.796875,463,653,84,59
75,119,truck,0.83447265625,1068,654,135,73
75,123,car,0.2213134765625,184,626,50,37
75,56,truck,0.38671875,90,609,46,61
75,93,car,0.1943359375,909,632,58,18
75,92,car,0.2254638671875,783,629,41,18
76,4,car,0.90673828125,1224,711,224,118
76,5,car,0.85888671875,1604,692,156,76
76,6,car,0.89892578125,936,696,167,84
76,7,car,0.3720703125,1222,658,165,61
76,8,car,0.85107421875,796,671,124,64
76,18,car,0.830078125,559,667,118,73
76,44,car,0.6259765625,846,653,69,42
76,66,car,0.63720703125,634,640,71,47
76,90,car,0.5849609375,335,630,44,32
76,15,truck,0.84375,721,634,110,88
76,99,car,0.418701171875,399,633,59,44
76,63,car,0.422607421875,271,628,71,45
76,9,truck,0.87744140625,1784,710,270,130
76,108,fire hydrant,0.2281494140625,261,662,21,44
76,111,car,0.76220703125,466,653,84,59
76,119,truck,0.845703125,1075,654,135,74
76,123,car,0.236572265625,187,625,48,37
76,56,truck,0.3056640625,90,609,48,61
76,92,car,0.37744140625,788,629,42,18
76,138,car,0.4609375,1699,656,122,47
77,4,car,0.90185546875,1239,713,227,120
77,5,car,0.86083984375,1618,693,156,77
77,6,car,0.90185546875,947,696,169,85
77,7,car,0.383056640625,1230,659,166,62
77,8,car,0.8623046875,803,671,126,64
77,18,car,0.83349609375,565,667,118,73
77,44,car,0.658203125,850,653,69,42
77,66,car,0.56787109375,637,640,70,47
77,90,car,0.56396484375,337,630,45,32
77,15,truck,0.8291015625,724,635,110,88
77,99,car,0.611328125,401,632,60,44
77,63,car,0.439697265625,272,628,71,45
77,9,truck,0.8857421875,1790,711,258,130
77,108,fire hydrant,0.262939453125,260,663,21,42
77,111,car,0.79052734375,470,653,85,60
77,119,truck,0.8427734375,1083,654,138,76
77,123,car,0.2861328125,188,625,46,37
77,56,truck,0.287841796875,90,608,48,61
77,92,car,0.390380859375,793,630,44,18
77,138,car,0.462890625,1678,655,125,46
78,4,car,0.9013671875,1253,715,232,121
78,5,car,0.85791015625,1633,694,158,77
78,6,car,0.89697265625,956,697,170,86
78,7,car,0.55810546875,1226,652,154,49
78,8,car,0.87158203125,810,672,126,64
78,18,car,0.8427734375,573,668,119,74
78,44,car,0.6494140625,855,653,71,42
78,66,car,0.5830078125,641,640,73,48
78,90,car,0.611328125,337,630,46,32
78,15,truck,0.84716796875,728,634,109,90
78,99,car,0.6533203125,404,632,63,45
78,63,car,0.57763671875,272,627,71,46
78,9,truck,0.9130859375,1798,711,242,131
78,108,fire hydrant,0.486328125,260,664,21,41
78,111,car,0.77978515625,474,654,88,59
78,119,truck,0.80419921875,1089,652,139,81
78,123,car,0.21728515625,186,625,51,38
78,56,truck,0.33984375,91,609,50,62
78,138,car,0.5078125,1646,651,135,40
79,4,car,0.90478515625,1268,715,236,123
79,5,car,0.8662109375,1648,695,161,79
79,6,car,0.89013671875,966,698,173,87
79,7,car,0.39794921875,1230,647,147,37
79,8,car,0.85986328125,817,672,127,64
79,18,car,0.85009765625,579,668,122,75
79,44,car,0.66015625,859,653,71,43
79,66,car,0.552734375,645,641,74,48
79,90,car,0.478515625,339,631,47,31
79,15,truck,0.80078125,731,634,109,91
79,99,car,0.66015625,405,632,64,46
79,63,car,0.5078125,274,628,72,45
79,9,truck,0.90869140625,1805,713,228,131
79,108,fire hydrant,0.4091796875,260,663,21,44
79,111,car,0.77587890625,478,654,89,59
79,119,truck,0.8173828125,1097,653,138,80
79,123,car,0.259765625,188,625,49,36
79,56,truck,0.2958984375,91,609,51,63
79,138,car,0.64404296875,1617,647,138,35
80,4,car,0.90869140625,1284,716,239,125
80,5,car,0.85205078125,1663,695,162,79
80,6,car,0.892578125,977,698,174,87
80,7,car,0.7138671875,1234,656,140,56
80,8,car,0.85888671875,824,672,128,65
80,18,car,0.845703125,587,669,123,76
80,44,car,0.57958984375,865,654,72,44
80,66,car,0.51171875,648,640,71,48
80,90,car,0.548828125,340,631,47,31
80,15,truck,0.85205078125,736,634,111,91
80,99,car,0.71240234375,407,632,66,46
80,63,car,0.5234375,274,628,72,45
80,9,truck,0.90869140625,1813,714,213,131
80,108,fire hydrant,0.453369140625,260,662,21,47
80,111,car,0.80810546875,483,654,91,61
80,119,truck,0.81982421875,1104,655,139,79
80,123,car,0.24658203125,189,624,49,35
80,56,truck,0.3486328125,91,609,51,63
80,138,car,0.72314453125,1590,647,139,36
80,92,car,0.33642578125,806,630,42,19
81,4,car,0.9052734375,1299,717,244,126
81,5,car,0.84716796875,1680,696,166,80
81,6,car,0.884765625,986,699,176,88
81,7,car,0.67578125,1243,663,144,69
81,8,car,0.86083984375,831,672,129,66
81,18,car,0.8408203125,594,668,122,78
81,44,car,0.39599609375,869,653,72,45
81,66,car,0.50390625,651,641,74,49
81,90,car,0.56787109375,343,631,48,31
81,15,truck,0.84716796875,740,634,114,92
81,99,car,0.5390625,409,632,66,46
81,63,car,0.37744140625,275,627,71,45
81,9,truck,0.89404296875,1821,714,197,130
81,108,fire hydrant,0.36474609375,260,662,21,47
81,111,car,0.822265625,487,655,92,61
81,119,truck,0.8154296875,1110,655,139,77
81,123,car,0.307373046875,193,623,44,34
81,56,truck,0.4609375,87,609,60,64
81,138,car,0.662109375,1567,647,137,37
81,92,car,0.276611328125,810,630,42,20
82,4,car,0.89990234375,1314,718,252,129
82,5,car,0.87255859375,1695,697,168,80
82,6,car,0.89404296875,996,699,179,87
82,7,car,0.689453125,1250,668,146,78
82,8,car,0.85888671875,839,673,129,67
82,18,car,0.8388671875,602,669,122,78
82,44,car,0.56201171875,874,652,70,45
82,66,car,0.537109375,655,640,74,48
82,90,car,0.60400390625,344,631,48,32
82,15,truck,0.85888671875,746,634,115,92
82,99,car,0.6689453125,409,632,64,46
82,63,car,0.25390625,277,627,70,45
82,9,truck,0.8974609375,1827,713,184,128
82,108,fire hydrant,0.373779296875,260,664,21,42
82,111,car,0.8154296875,490,655,93,61
82,119,truck,0.79833984375,1119,656,140,79
82,123,car,0.18359375,194,622,43,32
82,56,truck,0.521484375,85,610,64,64
82,138,car,0.453369140625,1539,646,140,35
82,92,car,0.25537109375,815,630,41,20
83,4,car,0.92041015625,1332,719,254,130
83,5,car,0.8623046875,1711,698,168,79
83,6,car,0.89306640625,1007,700,181,88
83,7,car,0.74609375,1258,673,148,88
83,8,car,0.87646484375,845,673,131,67
83,18,car,0.8115234375,610,669,123,78
83,44,car,0.56982421875,878,651,75,46
83,66,car,0.5869140625,658,640,73,48
83,90,car,0.60009765625,346,631,48,32
83,15,truck,0.78515625,749,636,115,90
83,99,car,0.56396484375,413,632,70,46
83,63,car,0.2213134765625,278,628,70,44
83,9,truck,0.9150390625,1835,713,168,127
83,108,fire hydrant,0.42822265625,260,664,22,43
83,111,car,0.83203125,495,655,96,60
83,119,truck,0.8291015625,1127,656,141,78
83,123,car,0.2239990234375,195,622,44,32
83,56,truck,0.482421875,84,609,65,64
83,138,car,0.490234375,1519,645,135,35
83,92,car,0.203125,820,631,43,21
83,148,car,0.49609375,542,638,64,49
84,4,car,0.9052734375,1349,720,257,131
84,5,car,0.84912109375,1727,699,172,81
84,6,car,0.89306640625,1017,701,183,89
84,7,car,0.830078125,1268,675,151,92
84,8,car,0.88330078125,853,673,132,69
84,18,car,0.84716796875,617,670,125,79
84,44,car,0.42626953125,882,653,77,44
84,66,car,0.498046875,663,640,75,47
84,90,car,0.6259765625,347,631,48,33
84,15,truck,0.81884765625,755,636,116,91
84,99,car,0.662109375,411,633,64,46
84,63,car,0.32421875,286,628,57,44
84,9,truck,0.86328125,1844,713,151,126
84,108,fire hydrant,0.361083984375,259,664,22,42
84,111,car,0.82568359375,498,656,94,61
84,119,truck,0.77734375,1134,657,141,79
84,123,car,0.281494140625,196,621,43,30
84,56,truck,0.38671875,87,609,59,64
84,138,car,0.66015625,1499,646,130,36
84,148,car,0.34521484375,545,638,66,49
85,4,car,0.91064453125,1366,722,261,133
85,5,car,0.845703125,1745,700,176,82
85,6,car,0.8955078125,1029,702,185,91
85,7,car,0.830078125,1277,677,152,94
85,8,car,0.85888671875,860,674,134,69
85,18,car,0.85693359375,624,671,127,79
85,44,car,0.2281494140625,882,652,85,39
85,66,car,0.46484375,667,639,77,46
85,90,car,0.59619140625,349,631,47,33
85,15,truck,0.85107421875,760,635,118,93
85,99,car,0.60400390625,415,633,68,46
85,63,car,0.33642578125,290,628,54,45
85,9,truck,0.861328125,1851,714,136,126
85,108,fire hydrant,0.178955078125,259,663,22,45
85,111,car,0.82080078125,502,656,94,62
85,119,truck,0.7958984375,1137,657,154,79
85,123,car,0.262939453125,198,621,42,29
85,56,truck,0.484375,91,610,56,64
85,138,car,0.57568359375,1477,645,127,35
85,148,car,0.363037109375,549,642,74,57
86,4,car,0.908203125,1384,723,266,135
86,5,car,0.86083984375,1761,701,177,83
86,6,car,0.9091796875,1040,703,187,91
86,7,car,0.841796875,1286,677,154,95
86,8,car,0.87060546875,868,675,134,69
86,18,car,0.85595703125,631,672,129,80
86,66,car,0.466796875,670,640,76,47
86,90,car,0.56396484375,351,631,47,33
86,15,truck,0.8408203125,764,637,119,91
86,99,car,0.52734375,417,633,70,46
86,63,car,0.39794921875,291,628,54,46
86,9,truck,0.873046875,1859,715,120,124
86,108,fire hydrant,0.388671875,259,661,23,47
86,111,car,0.81396484375,507,657,95,62
86,119,truck,0.70751953125,1135,658,173,80
86,123,car,0.25244140625,197,621,44,30
86,56,truck,0.515625,87,610,63,65
86,138,car,0.443603515625,1458,645,126,35
86,148,car,0.494140625,553,643,76,59
87,4,car,0.90673828125,1403,724,271,136
87,5,car,0.83642578125,1778,702,179,85
87,6,car,0.896484375,1052,705,191,92
87,7,car,0.85791015625,1295,678,154,96
87,8,car,0.84912109375,875,675,135,70
87,18,car,0.8642578125,639,672,130,79
87,66,car,0.57177734375,673,642,77,50
87,90,car,0.52734375,352,631,48,33
87,15,truck,0.80908203125,769,637,122,91
87,99,car,0.56982421875,415,634,66,46
87,63,car,0.414794921875,291,629,55,45
87,9,truck,0.72509765625,1868,723,102,109
87,108,fire hydrant,0.34326171875,259,662,22,46
87,111,car,0.81982421875,510,657,94,62
87,119,truck,0.732421875,1152,658,156,81
87,123,car,0.1710205078125,198,624,45,35
87,56,truck,0.484375,91,610,52,64
87,138,car,0.505859375,1439,644,124,35
87,148,car,0.513671875,557,645,80,62
87,155,car,0.35400390625,475,637,60,40
88,4,car,0.92041015625,1421,726,275,137
88,5,car,0.822265625,1798,703,184,85
88,6,car,0.90185546875,1063,706,194,93
88,7,car,0.85595703125,1303,678,154,97
88,8,car,0.8447265625,883,674,136,72
88,18,car,0.8623046875,647,672,130,80
88,66,car,0.5390625,677,640,78,48
88,90,car,0.60400390625,354,631,50,33
88,15,truck,0.75634765625,775,639,122,89
88,99,car,0.515625,417,634,64,46
88,63,car,0.39599609375,292,629,54,46
88,9,truck,0.61328125,1875,730,85,97
88,108,fire hydrant,0.1981201171875,260,661,22,47
88,111,car,0.82763671875,514,657,96,62
88,119,truck,0.77880859375,1165,659,148,80
88,123,car,0.19677734375,198,626,46,39
88,56,truck,0.556640625,93,610,52,64
88,138,car,0.607421875,1424,644,113,36
88,148,car,0.505859375,562,646,82,63
88,155,car,0.43408203125,477,638,61,41
89,4,car,0.9013671875,1440,727,279,138
89,5,car,0.81396484375,1818,704,190,84
89,6,car,0.90380859375,1074,706,196,94
89,7,car,0.83984375,1312,679,157,98
89,8,car,0.85107421875,891,675,137,73
89,18,car,0.8818359375,655,673,132,82
89,66,car,0.509765625,681,638,79,44
89,90,car,0.5927734375,357,632,50,33
89,15,truck,0.80078125,779,639,122,89
89,99,car,0.57958984375,418,634,64,46
89,63,car,0.56787109375,291,629,56,46
89,9,car,0.1943359375,1882,733,71,94
89,108,fire hydrant,0.3720703125,260,659,23,50
89,111,car,0.79443359375,517,657,95,62
89,119,truck,0.74462890625,1175,658,145,82
89,123,car,0.315673828125,202,628,54,43
89,56,truck,0.544921875,95,609,50,64
89,138,car,0.546875,1410,643,100,34
89,148,car,0.5908203125,567,645,89,62
89,155,car,0.36669921875,480,638,59,42
90,4,car,0.908203125,1460,729,285,141
90,5,car,0.8642578125,1829,705,180,85
90,6,car,0.90869140625,1086,707,198,94
90,7,car,0.82666015625,1323,679,160,98
90,8,car,0.86865234375,899,675,140,76
90,18,car,0.87841796875,663,674,133,81
90,66,car,0.501953125,683,637,83,41
90,90,car,0.5927734375,358,632,51,33
90,15,truck,0.83349609375,784,638,122,92
90,99,car,0.38671875,423,634,71,47
90,63,car,0.368408203125,288,629,63,47
90,9,car,0.115966796875,1894,729,49,78
90,108,fire hydrant,0.31396484375,260,659,22,50
90,111,car,0.79443359375,522,658,96,63
90,119,truck,0.8173828125,1183,658,146,84
90,123,car,0.28466796875,203,629,53,44
90,56,truck,0.541015625,95,609,51,64
90,138,car,0.4130859375,1397,642,83,34
90,148,car,0.5927734375,570,645,91,62
90,155,car,0.3486328125,485,638,55,42
91,4,car,0.9111328125,1478,730,292,144
91,5,car,0.880859375,1838,706,162,87
91,6,car,0.90185546875,1098,708,200,94
91,7,car,0.84814453125,1332,680,161,99
91,8,car,0.85791015625,907,675,141,76
91,18,car,0.87158203125,671,675,134,81
91,66,car,0.525390625,687,637,83,41
91,90,car,0.59619140625,359,632,49,32
91,15,truck,0.8408203125,788,638,123,92
91,99,car,0.56201171875,420,634,65,47
91,63,car,0.474609375,293,629,57,47
91,108,fire hydrant,0.193115234375,260,660,21,48
91,111,car,0.8154296875,526,659,97,64
91,119,truck,0.845703125,1192,659,147,84
91,123,car,0.2337646484375,204,630,51,46
91,56,truck,0.529296875,93,609,54,64
91,148,car,0.56982421875,574,645,96,62
91,155,car,0.275146484375,489,637,56,40
92,4,car,0.9189453125,1499,731,296,146
92,5,car,0.88720703125,1847,707,144,87
92,6,car,0.90869140625,1111,709,203,95
92,7,car,0.845703125,1343,680,166,101
92,8,car,0.86083984375,915,675,141,77
92,18,car,0.86865234375,679,675,135,82
92,66,car,0.484375,692,636,83,40
92,90,car,0.48828125,361,635,50,28
92,15,truck,0.80322265625,793,638,125,93
92,99,car,0.55810546875,420,634,62,47
92,63,car,0.484375,294,629,57,46
92,108,fire hydrant,0.2017822265625,260,661,20,48
92,111,car,0.77734375,530,659,99,64
92,119,truck,0.708984375,1201,660,148,82
92,123,car,0.235107421875,204,630,53,46
92,56,truck,0.494140625,94,609,54,64
92,148,car,0.416748046875,584,645,89,61
92,155,car,0.385009765625,490,638,54,40
93,4,car,0.91650390625,1521,733,300,147
93,5,car,0.87158203125,1856,707,126,86
93,6,car,0.91064453125,1124,710,205,97
93,7,car,0.85400390625,1352,681,163,104
93,8,car,0.8740234375,924,676,142,78
93,18,car,0.884765625,688,676,137,83
93,66,car,0.455078125,695,635,81,36
93,90,car,0.505859375,363,636,50,28
93,15,truck,0.822265625,798,637,124,96
93,99,car,0.607421875,421,634,60,47
93,63,car,0.33984375,297,629,55,46
93,108,fire hydrant,0.203125,259,663,20,44
93,111,car,0.81298828125,535,660,100,64
93,119,truck,0.486328125,1221,660,125,82
93,123,car,0.2281494140625,204,630,52,46
93,56,truck,0.482421875,95,609,54,65
93,148,car,0.5078125,585,645,98,61
93,155,car,0.325927734375,491,638,55,41
94,4,car,0.91796875,1542,735,305,148
94,5,car,0.845703125,1866,708,107,85
94,6,car,0.9091796875,1136,711,209,98
94,7,car,0.8818359375,1363,683,167,105
94,8,car,0.88330078125,932,676,143,79
94,18,car,0.88330078125,697,676,139,84
94,66,car,0.453369140625,698,631,80,29
94,90,car,0.611328125,365,634,52,33
94,15,truck,0.79052734375,803,638,127,95
94,99,car,0.689453125,422,635,60,48
94,63,car,0.54296875,299,630,55,45
94,108,fire hydrant,0.59619140625,260,660,21,47
94,111,car,0.8115234375,539,660,100,65
94,119,truck,0.299072265625,1231,660,125,82
94,123,car,0.30908203125,207,630,49,46
94,56,truck,0.537109375,96,609,51,64
94,148,car,0.68408203125,596,646,87,62
94,155,car,0.42822265625,495,638,54,42
95,4,car,0.91552734375,1563,737,311,151
95,5,car,0.83203125,1875,708,89,84
95,6,car,0.9072265625,1149,712,212,100
95,7,car,0.87255859375,1376,684,174,105
95,8,car,0.87890625,941,677,146,77
95,18,car,0.8818359375,705,677,141,85
95,66,car,0.48046875,700,629,80,26
95,90,car,0.5908203125,367,633,51,35
95,15,truck,0.83447265625,808,638,128,96
95,99,car,0.59814453125,423,635,59,47
95,63,car,0.5,299,630,57,46
95,108,fire hydrant,0.42431640625,260,660,21,49
95,111,car,0.83544921875,543,661,101,65
95,119,truck,0.6318359375,1232,661,143,83
95,123,car,0.34326171875,208,631,48,46
95,56,truck,0.56005859375,97,609,49,64
95,148,car,0.69287109375,602,646,87,63
95,155,car,0.422607421875,497,639,55,44
95,162,car,0.401611328125,879,644,45,43
96,4,car,0.91748046875,1586,739,317,152
96,5,car,0.7880859375,1885,710,69,82
96,6,car,0.9140625,1162,714,215,100
96,7,car,0.8896484375,1387,685,180,106
96,8,car,0.87060546875,949,679,148,75
96,18,car,0.87646484375,714,678,143,85
96,66,car,0.388671875,704,629,85,26
96,90,car,0.53515625,369,632,50,35
96,15,truck,0.861328125,812,638,130,98
96,99,car,0.689453125,424,635,59,48
96,63,car,0.544921875,300,630,57,47
96,108,fire hydrant,0.541015625,260,660,21,49
96,111,car,0.8232421875,547,661,102,65
96,119,truck,0.546875,1238,661,150,84
96,123,car,0.33984375,209,631,50,46
96,56,truck,0.55078125,97,609,49,63
96,148,car,0.7041015625,609,647,85,64
96,155,car,0.51953125,501,639,58,44
96,162,car,0.42822265625,886,645,47,46
97,4,car,0.9228515625,1609,741,325,154
97,5,car,0.76611328125,1895,714,48,78
97,6,car,0.9208984375,1176,714,218,101
97,7,car,0.88623046875,1399,686,186,106
97,8,car,0.86328125,958,680,147,75
97,18,car,0.88427734375,724,679,145,85
97,66,car,0.350341796875,705,631,80,27
97,90,car,0.609375,370,632,50,36
97,15,truck,0.83642578125,817,639,132,97
97,99,car,0.74609375,425,635,60,49
97,63,car,0.5927734375,300,630,58,47
97,108,fire hydrant,0.548828125,259,661,22,47
97,111,car,0.83349609375,552,661,101,65
97,119,truck,0.48828125,1246,662,154,83
97,123,car,0.2861328125,211,630,50,46
97,56,truck,0.53125,92,609,61,64
97,148,car,0.6279296875,613,647,88,66
97,155,car,0.46875,505,639,62,45
97,162,car,0.4765625,891,648,49,51
98,4,car,0.92236328125,1633,743,332,158
98,5,car,0.70751953125,1905,717,28,67
98,6,car,0.90283203125,1189,715,221,102
98,7,car,0.9013671875,1412,686,191,106
98,8,car,0.86962890625,966,681,149,74
98,18,car,0.89111328125,733,679,146,86
98,66,car,0.422607421875,709,633,79,32
98,90,car,0.64599609375,372,631,50,36
98,15,truck,0.8154296875,820,639,136,98
98,99,car,0.72021484375,426,635,60,48
98,63,car,0.49609375,303,629,58,48
98,108,fire hydrant,0.42431640625,260,662,22,45
98,111,car,0.80322265625,556,660,103,69
98,119,car,0.329345703125,1271,661,125,82
98,123,car,0.29248046875,212,630,49,45
98,56,truck,0.533203125,90,609,67,64
98,148,car,0.70263671875,618,647,89,67
98,155,car,0.65673828125,507,639,61,45
98,162,car,0.533203125,895,649,48,52
98,167,car,0.4765625,461,632,41,36
99,4,car,0.9208984375,1657,745,338,160
99,6,car,0.9052734375,1204,717,223,104
99,7,car,0.90966796875,1425,687,198,106
99,8,car,0.88720703125,975,682,151,74
99,18,car,0.87841796875,742,680,147,88
99,66,car,0.443603515625,713,635,78,36
99,90,car,0.529296875,374,633,49,35
99,15,truck,0.79833984375,823,640,139,97
99,99,car,0.71044921875,428,635,61,49
99,63,car,0.418701171875,303,629,60,48
99,108,fire hydrant,0.548828125,259,663,21,44
99,111,car,0.7841796875,560,661,102,69
99,119,car,0.4091796875,1288,661,108,82
99,123,car,0.24072265625,212,625,46,37
99,56,truck,0.52734375,94,609,62,64
99,148,car,0.68408203125,623,648,90,68
99,155,car,0.5947265625,510,639,61,45
99,162,car,0.62255859375,901,650,50,55
99,167,car,0.513671875,463,632,37,35
100,4,car,0.9189453125,1683,747,345,161
100,6,car,0.92041015625,1219,718,229,106
100,7,car,0.9013671875,1441,687,208,107
100,8,car,0.89697265625,984,683,150,75
100,18,car,0.8916015625,751,680,148,89
100,66,car,0.289306640625,717,637,81,41
100,90,car,0.45703125,376,632,50,34
100,15,truck,0.82568359375,830,640,135,98
100,99,car,0.7548828125,429,635,60,49
100,63,car,0.392333984375,302,629,65,48
100,108,fire hydrant,0.46875,258,663,21,43
100,111,car,0.83447265625,565,661,102,70
100,119,car,0.17333984375,1302,661,100,80
100,123,car,0.226806640625,214,628,48,43
100,56,truck,0.59619140625,98,609,54,64
100,148,car,0.72021484375,629,648,89,67
100,155,car,0.5927734375,513,639,61,45
100,162,car,0.60595703125,908,651,51,56
100,167,car,0.544921875,465,633,38,38
101,4,car,0.92138671875,1708,748,353,162
101,6,car,0.91064453125,1233,720,231,107
101,7,car,0.8974609375,1455,687,218,109
101,8,car,0.88427734375,994,684,152,75
101,18,car,0.8857421875,760,681,150,91
101,66,car,0.449462890625,722,639,79,42
101,90,car,0.50390625,377,634,50,32
101,15,truck,0.8154296875,836,640,133,99
101,99,car,0.7490234375,431,635,63,49
101,63,car,0.31396484375,305,629,59,49
101,108,fire hydrant,0.48046875,258,664,20,41
101,111,car,0.8388671875,569,662,103,69
101,119,car,0.5078125,1313,661,99,80
101,123,car,0.2958984375,216,630,49,47
101,56,truck,0.537109375,98,609,55,65
101,148,car,0.71533203125,634,648,90,68
101,155,car,0.56982421875,515,639,63,45
101,162,car,0.60205078125,915,652,54,57
101,167,car,0.416748046875,468,634,37,40
102,4,car,0.923828125,1734,751,359,163
102,6,car,0.91357421875,1250,721,236,109
102,7,car,0.896484375,1470,689,228,111
102,8,car,0.88427734375,1003,684,155,76
102,18,car,0.892578125,770,681,151,92
102,66,car,0.61669921875,726,642,81,48
102,90,car,0.505859375,379,634,49,33
102,15,truck,0.806640625,841,641,134,98
102,99,car,0.49609375,431,636,62,49
102,63,car,0.455078125,304,629,64,49
102,108,fire hydrant,0.60595703125,258,663,23,42
102,111,car,0.84716796875,574,662,103,69
102,119,car,0.25537109375,1323,660,101,77
102,123,car,0.373779296875,215,631,54,49
102,56,truck,0.435791015625,96,609,62,64
102,148,car,0.740234375,639,648,93,69
102,155,car,0.5869140625,518,639,63,46
102,162,car,0.6513671875,922,651,56,55
102,167,car,0.29736328125,470,635,39,41
103,4,car,0.9228515625,1749,753,341,167
103,6,car,0.91943359375,1265,722,238,109
103,7,car,0.861328125,1482,690,231,113
103,8,car,0.88623046875,1012,684,157,77
103,18,car,0.8955078125,779,682,153,92
103,66,car,0.61865234375,730,643,79,50
103,90,car,0.59619140625,381,633,49,34
103,15,truck,0.8427734375,847,640,135,99
103,99,car,0.71044921875,433,636,62,50
103,63,car,0.338134765625,309,629,59,49
103,108,fire hydrant,0.37939453125,258,665,22,40
103,111,car,0.841796875,579,662,104,70
103,119,truck,0.501953125,1315,660,139,78
103,123,car,0.276611328125,217,632,53,48
103,56,truck,0.462890625,96,609,64,65
103,148,car,0.72314453125,644,649,93,70
103,155,car,0.658203125,520,639,60,46
103,162,car,0.72314453125,927,653,57,59
103,167,car,0.43017578125,472,635,40,42
103,138,car,0.43212890625,1178,638,95,30
104,4,car,0.92138671875,1760,755,318,169
104,6,car,0.91357421875,1280,723,242,110
104,7,car,0.87841796875,1492,691,234,114
104,8,car,0.89306640625,1022,685,158,78
104,18,car,0.8916015625,789,683,155,92
104,66,car,0.69287109375,733,643,77,50
104,90,car,0.57373046875,382,633,48,34
104,15,truck,0.8427734375,851,640,135,99
104,99,car,0.66357421875,434,636,61,49
104,63,car,0.43408203125,305,630,69,49
104,108,fire hydrant,0.43212890625,259,666,22,38
104,111,car,0.861328125,583,662,105,72
104,119,truck,0.38671875,1317,660,156,78
104,123,car,0.42626953125,220,635,55,41
104,56,truck,0.4765625,100,609,56,64
104,148,car,0.74169921875,649,650,93,70
104,155,car,0.642578125,522,639,60,46
104,162,car,0.67578125,932,654,59,61
104,167,car,0.2705078125,474,635,40,42
104,138,car,0.51953125,1161,637,98,29
105,4,car,0.923828125,1773,757,293,171
105,6,car,0.91650390625,1295,725,245,112
105,7,car,0.87890625,1509,691,244,115
105,8,car,0.89501953125,1031,686,159,80
105,18,car,0.900390625,800,684,157,94
105,66,car,0.69775390625,736,644,78,51
105,90,car,0.5830078125,384,634,47,34
105,15,truck,0.8388671875,856,640,135,102
105,99,car,0.68603515625,437,636,63,51
105,63,car,0.441650390625,305,630,72,50
105,108,fire hydrant,0.31396484375,258,665,23,40
105,111,car,0.85009765625,589,663,106,72
105,119,truck,0.43212890625,1324,660,163,77
105,123,car,0.42431640625,221,633,55,45
105,56,truck,0.43408203125,95,609,66,65
105,148,car,0.7607421875,655,650,94,69
105,155,car,0.5830078125,523,640,58,46
105,162,car,0.6533203125,938,654,59,61
105,167,car,0.359375,477,635,38,41
105,138,car,0.541015625,1148,636,93,29
106,4,car,0.92236328125,1785,760,269,174
106,6,car,0.927734375,1312,726,250,112
106,7,car,0.87841796875,1516,692,239,115
106,8,car,0.88330078125,1041,687,161,81
106,18,car,0.89501953125,809,685,159,93
106,66,car,0.60205078125,741,644,80,51
106,90,car,0.525390625,385,633,48,34
106,15,truck,0.85107421875,861,641,138,102
106,99,car,0.62060546875,438,637,63,51
106,63,truck,0.193115234375,308,630,69,49
106,108,fire hydrant,0.3173828125,259,663,23,42
106,111,car,0.79443359375,594,664,106,71
106,119,truck,0.455078125,1334,660,166,76
106,123,car,0.303955078125,223,635,54,42
106,56,truck,0.405517578125,101,608,57,63
106,148,car,0.673828125,660,650,93,69
106,155,car,0.49609375,524,640,57,46
106,162,car,0.5830078125,943,654,60,60
106,167,car,0.262939453125,478,633,39,38
106,138,car,0.449462890625,1138,636,87,31
107,4,car,0.91357421875,1798,763,242,178
107,6,car,0.91845703125,1328,727,254,114
107,7,car,0.87744140625,1526,692,236,116
107,8,car,0.8857421875,1051,687,163,82
107,18,car,0.89404296875,819,686,161,94
107,66,car,0.62060546875,745,645,80,53
107,90,car,0.544921875,387,633,48,35
107,15,truck,0.82666015625,866,641,138,101
107,99,car,0.662109375,440,637,64,52
107,63,car,0.39794921875,309,630,68,49
107,108,fire hydrant,0.2421875,259,663,23,42
107,111,car,0.7880859375,598,664,107,72
107,119,truck,0.62451171875,1345,661,169,78
107,123,car,0.37939453125,223,636,55,40
107,56,truck,0.43017578125,104,608,54,63
107,148,car,0.6826171875,665,650,93,69
107,155,car,0.546875,526,640,56,46
107,162,car,0.59814453125,948,655,58,61
107,167,car,0.299072265625,482,635,42,39
107,138,car,0.4111328125,1126,636,84,30
107,180,car,0.70751953125,1614,690,105,92
108,4,car,0.88818359375,1812,762,215,173
108,6,car,0.9052734375,1345,728,257,114
108,7,car,0.8857421875,1537,693,234,116
108,8,car,0.8740234375,1062,688,165,81
108,18,car,0.8857421875,831,687,162,94
108,66,car,0.6279296875,750,646,81,54
108,90,car,0.521484375,389,633,47,34
108,15,truck,0.83544921875,871,641,138,100
108,99,car,0.71875,442,637,65,52
108,63,truck,0.289306640625,312,629,68,50
108,108,fire hydrant,0.219970703125,260,664,23,40
108,111,car,0.7958984375,603,664,109,73
108,119,truck,0.662109375,1355,661,172,79
108,123,car,0.299072265625,225,638,55,36
108,56,truck,0.33984375,101,608,63,64
108,148,car,0.67578125,670,651,97,70
108,155,car,0.57568359375,530,641,56,46
108,162,car,0.556640625,955,655,59,62
108,167,car,0.368408203125,485,635,44,40
108,138,car,0.2958984375,1114,636,77,29
108,180,car,0.72021484375,1627,691,109,94
109,4,car,0.88720703125,1826,760,187,168
109,6,car,0.921875,1362,730,263,116
109,7,car,0.86962890625,1557,695,250,117
109,8,car,0.875,1072,689,167,83
109,18,car,0.89990234375,842,687,165,95
109,66,car,0.7294921875,754,646,82,54
109,90,car,0.505859375,391,634,47,33
109,15,truck,0.79931640625,877,641,140,100
109,99,car,0.708984375,443,637,64,51
109,63,car,0.32763671875,311,630,73,50
109,111,car,0.82568359375,608,666,109,71
109,119,truck,0.69091796875,1365,660,174,75
109,123,car,0.43017578125,225,637,57,37
109,56,truck,0.32763671875,98,608,69,65
109,148,car,0.67919921875,676,651,97,72
109,155,car,0.525390625,534,641,58,46
109,162,car,0.67919921875,960,655,61,63
109,167,car,0.482421875,487,636,44,41
109,138,car,0.1500244140625,1100,635,78,26
109,180,car,0.6513671875,1641,692,117,95
109,182,car,0.401611328125,1008,656,64,38
110,4,car,0.873046875,1839,760,160,167
110,6,car,0.91650390625,1380,731,266,118
110,7,car,0.85986328125,1565,695,243,117
110,8,car,0.8740234375,1082,690,170,84
110,18,car,0.90185546875,852,688,166,97
110,66,car,0.71533203125,760,646,80,54
110,90,car,0.46875,393,634,47,34
110,15,truck,0.7880859375,883,642,141,100
110,99,car,0.7041015625,445,637,65,52
110,63,truck,0.4130859375,310,630,74,50
110,111,car,0.8291015625,613,666,110,72
110,119,truck,0.63720703125,1375,656,174,67
110,123,car,0.265869140625,226,637,58,37
110,56,truck,0.281494140625,96,604,69,56
110,148,car,0.732421875,682,652,98,72
110,155,car,0.5849609375,537,641,59,46
110,162,car,0.5888671875,966,655,61,63
110,167,car,0.501953125,488,636,46,43
110,138,car,0.162353515625,1086,636,80,27
110,180,car,0.67578125,1654,693,124,96
110,182,car,0.4072265625,1015,659,63,43
111,4,car,0.86865234375,1855,763,128,166
111,6,car,0.91064453125,1399,734,270,119
111,7,car,0.880859375,1576,696,242,118
111,8,car,0.8857421875,1093,690,172,84
111,18,car,0.8955078125,864,689,170,97
111,66,car,0.7041015625,766,647,81,55
111,90,car,0.458984375,395,634,46,33
111,15,truck,0.7705078125,887,640,142,101
111,99,car,0.69921875,447,637,66,51
111,63,car,0.33984375,311,631,78,49
111,111,car,0.83447265625,618,666,111,72
111,119,truck,0.7490234375,1387,654,176,64
111,123,car,0.350341796875,227,637,55,37
111,56,truck,0.2509765625,96,602,70,53
111,148,car,0.73583984375,687,652,97,72
111,155,car,0.55078125,540,642,59,47
111,162,car,0.533203125,972,655,60,63
111,167,car,0.4130859375,491,636,46,41
111,138,car,0.12939453125,1077,636,74,28
111,180,car,0.80419921875,1672,694,125,97
111,182,car,0.455078125,1023,660,65,45
111,108,fire hydrant,0.403564453125,260,666,21,39
112,4,car,0.8623046875,1870,765,99,165
112,6,car,0.90576171875,1418,736,277,121
112,7,car,0.88427734375,1589,696,245,119
112,8,car,0.88720703125,1104,692,174,84
112,18,car,0.88623046875,875,690,170,99
112,66,car,0.70263671875,771,647,85,56
112,90,car,0.513671875,396,634,45,34
112,15,truck,0.7548828125,893,637,141,98
112,99,car,0.7373046875,448,637,66,52
112,63,truck,0.45703125,312,631,78,51
112,111,car,0.82763671875,623,666,112,73
112,119,truck,0.7138671875,1398,653,177,62
112,123,car,0.363037109375,228,637,56,35
112,56,truck,0.162353515625,102,603,59,54
112,148,car,0.74462890625,693,652,97,72
112,155,car,0.418701171875,543,641,58,46
112,162,car,0.57373046875,977,655,61,64
112,167,car,0.494140625,493,635,45,40
112,138,truck,0.219970703125,1066,636,72,29
112,180,car,0.84716796875,1689,694,126,100
112,182,car,0.49609375,1030,660,65,45
112,108,fire hydrant,0.332763671875,259,665,20,40
113,4,car,0.83642578125,1885,768,68,167
113,6,car,0.91259765625,1436,737,281,123
113,7,car,0.85009765625,1603,697,244,121
113,8,car,0.87841796875,1115,692,175,84
113,18,car,0.89990234375,887,690,172,100
113,66,car,0.7294921875,774,647,86,56
113,90,car,0.4609375,398,634,46,34
113,15,truck,0.73876953125,898,635,143,92
113,99,car,0.76904296875,450,637,66,52
113,63,truck,0.3701171875,314,630,78,52
113,111,car,0.85107421875,628,667,113,72
113,119,truck,0.78271484375,1411,654,178,62
113,123,car,0.381103515625,231,638,51,34
113,56,truck,0.1859130859375,103,605,61,58
113,148,car,0.66357421875,698,652,98,72
113,155,car,0.414794921875,546,641,58,47
113,162,car,0.63720703125,982,656,62,64
113,167,car,0.416748046875,496,635,46,40
113,138,car,0.287841796875,1057,637,68,29
113,180,car,0.69580078125,1705,695,131,101
113,182,car,0.5830078125,1034,661,65,48
113,108,fire hydrant,0.1812744140625,259,665,20,40
114,4,car,0.7041015625,1901,772,36,145
114,6,car,0.9111328125,1455,739,287,124
114,7,car,0.888671875,1616,698,248,122
114,8,car,0.8798828125,1127,694,177,85
114,18,car,0.86865234375,899,691,174,101
114,66,car,0.77197265625,780,647,87,57
114,90,car,0.486328125,400,635,46,33
114,15,truck,0.7373046875,904,634,145,88
114,99,car,0.71044921875,452,637,68,52
114,63,truck,0.437744140625,315,630,76,52
114,111,car,0.84814453125,634,668,114,73
114,119,truck,0.7705078125,1422,655,181,64
114,123,car,0.36669921875,231,638,54,34
114,56,truck,0.226806640625,104,604,60,57
114,148,car,0.70556640625,703,653,99,73
114,155,car,0.43408203125,550,641,60,47
114,162,car,0.55810546875,989,656,63,64
114,167,car,0.474609375,498,635,46,40
114,180,car,0.85205078125,1720,695,137,103
114,182,car,0.50390625,1042,661,67,50
114,108,fire hydrant,0.2005615234375,259,664,21,42
115,6,car,0.9189453125,1475,740,291,125
115,7,car,0.8671875,1628,698,249,123
115,8,car,0.88720703125,1137,694,179,86
115,18,car,0.89892578125,911,692,176,102
115,66,car,0.70751953125,786,648,90,58
115,90,car,0.56005859375,402,635,46,32
115,15,truck,0.7294921875,906,633,150,82
115,99,car,0.67578125,455,638,68,53
115,63,truck,0.381103515625,316,630,77,52
115,111,car,0.84912109375,640,668,114,73
115,119,truck,0.8427734375,1434,656,183,66
115,123,car,0.2281494140625,234,639,51,33
115,56,truck,0.115966796875,108,608,59,65
115,148,car,0.7265625,709,653,101,74
115,155,car,0.420654296875,554,642,64,48
115,162,car,0.359375,995,656,65,64
115,167,car,0.420654296875,500,635,44,38
115,180,car,0.84912109375,1737,697,139,102
115,182,car,0.58154296875,1047,662,73,50
116,6,car,0.92529296875,1495,741,296,127
116,7,car,0.87890625,1642,699,252,124
116,8,car,0.89404296875,1149,695,182,88
116,18,car,0.8671875,922,693,179,103
116,66,car,0.751953125,791,648,90,58
116,90,car,0.56591796875,404,636,46,32
116,15,truck,0.71875,911,632,148,77
116,99,car,0.70068359375,456,638,68,53
116,63,truck,0.390380859375,318,630,76,51
116,111,car,0.85302734375,645,668,115,74
116,119,truck,0.83203125,1446,657,185,67
116,123,car,0.414794921875,236,639,50,33
116,56,truck,0.1602783203125,108,609,62,67
116,148,car,0.763671875,714,653,103,73
116,155,car,0.37744140625,558,642,64,47
116,162,car,0.509765625,1000,656,64,63
116,167,car,0.388671875,502,634,43,37
116,180,car,0.85791015625,1753,699,145,103
116,182,car,0.61865234375,1054,663,73,49
117,6,car,0.9228515625,1516,742,303,128
117,7,car,0.875,1658,700,256,125
117,8,car,0.89892578125,1161,695,184,88
117,18,car,0.88818359375,934,694,182,103
117,66,car,0.75341796875,796,648,90,58
117,90,car,0.64599609375,406,635,46,34
117,15,truck,0.60205078125,917,631,149,74
117,99,car,0.6806640625,458,638,68,53
117,63,truck,0.42431640625,320,630,75,51
117,111,car,0.85009765625,650,669,117,74
117,119,truck,0.85498046875,1459,660,185,73
117,123,car,0.34326171875,240,639,52,35
117,148,car,0.79052734375,718,654,110,74
117,155,car,0.449462890625,562,642,66,48
117,162,car,0.69287109375,1007,655,64,63
117,167,car,0.462890625,505,635,45,37
117,180,car,0.85498046875,1769,699,153,104
117,182,car,0.6533203125,1062,664,74,51
118,6,car,0.9248046875,1537,744,308,130
118,7,car,0.86865234375,1673,701,258,126
118,8,car,0.88818359375,1173,697,186,89
118,18,car,0.806640625,946,695,184,105
118,66,car,0.66015625,802,648,90,57
118,90,car,0.6826171875,408,635,45,35
118,15,truck,0.53125,923,632,146,76
118,99,car,0.7548828125,460,638,70,54
118,63,truck,0.3486328125,320,630,76,51
118,111,car,0.85498046875,655,669,118,75
118,119,truck,0.8642578125,1471,664,186,79
118,123,car,0.36669921875,240,639,52,34
118,148,car,0.75634765625,721,654,115,76
118,155,car,0.5830078125,566,643,72,49
118,162,car,0.56787109375,1013,655,63,63
118,167,car,0.501953125,507,634,45,38
118,180,car,0.873046875,1788,700,152,105
118,182,car,0.7734375,1071,665,78,51
118,186,car,0.322509765625,117,630,46,30
119,6,car,0.923828125,1559,746,314,132
119,7,car,0.861328125,1687,701,262,126
119,8,car,0.89697265625,1186,698,188,88
119,18,car,0.8759765625,959,695,188,107
119,66,car,0.75048828125,807,648,90,58
119,90,car,0.6806640625,410,635,46,36
119,15,truck,0.78271484375,928,633,144,82
119,99,car,0.72802734375,463,639,71,54
119,63,truck,0.453369140625,323,630,75,51
119,111,car,0.85888671875,661,669,119,76
119,119,truck,0.87060546875,1484,666,189,82
119,123,car,0.43017578125,241,640,55,35
119,148,car,0.7294921875,730,655,112,76
119,155,car,0.63720703125,570,643,75,49
119,162,car,0.57568359375,1018,652,65,59
119,167,car,0.521484375,509,634,44,38
119,180,car,0.8623046875,1806,701,156,106
119,182,car,0.79443359375,1079,665,82,51
119,186,car,0.282958984375,119,629,43,33
120,6,car,0.9189453125,1581,748,318,134
120,7,car,0.81640625,1702,702,268,128
120,8,car,0.888671875,1199,700,191,89
120,18,car,0.796875,971,697,191,109
120,66,car,0.7744140625,812,648,89,58
120,90,car,0.65673828125,412,635,46,37
120,15,truck,0.7646484375,933,637,142,93
120,99,car,0.69775390625,465,639,71,54
120,63,car,0.34521484375,324,630,77,51
120,111,car,0.85498046875,667,669,120,77
120,119,truck,0.87744140625,1497,668,189,86
120,123,car,0.4921875,244,640,51,35
120,148,car,0.80322265625,739,655,108,76
120,155,car,0.59814453125,573,643,74,49
120,162,car,0.48046875,1025,651,66,55
120,167,car,0.517578125,511,634,43,37
120,180,car,0.8447265625,1826,702,159,107
120,182,car,0.77880859375,1087,666,88,51
120,186,car,0.375732421875,120,628,46,35
120,189,truck,0.350341796875,108,595,41,39
121,6,car,0.91552734375,1605,750,325,135
121,7,car,0.85400390625,1717,703,274,129
121,8,car,0.89501953125,1211,700,193,90
121,18,car,0.880859375,984,698,192,109
121,66,car,0.73583984375,816,649,89,58
121,90,car,0.642578125,414,635,45,36
121,15,truck,0.8173828125,937,640,142,101
121,99,car,0.6943359375,467,639,70,54
121,63,truck,0.474609375,326,630,78,51
121,111,car,0.85302734375,672,670,121,77
121,119,truck,0.87158203125,1510,671,192,91
121,123,car,0.541015625,244,640,53,35
121,148,car,0.7578125,746,655,107,76
121,155,car,0.65478515625,576,643,74,49
121,162,car,0.54296875,1031,651,66,52
121,167,car,0.51953125,512,634,45,37
121,180,car,0.8388671875,1843,703,153,108
121,182,car,0.72314453125,1095,666,87,51
121,186,car,0.31396484375,120,629,49,33
121,189,truck,0.303955078125,108,596,41,41
122,6,car,0.921875,1628,752,332,138
122,7,car,0.89990234375,1734,704,276,130
122,8,car,0.89306640625,1224,701,195,90
122,18,car,0.8642578125,998,699,194,110
122,66,car,0.71875,821,649,88,58
122,90,car,0.57763671875,416,635,47,36
122,15,truck,0.84912109375,944,640,147,108
122,99,car,0.67236328125,470,639,70,55
122,63,truck,0.447509765625,327,630,78,50
122,111,car,0.85107421875,678,671,121,77
122,119,truck,0.87255859375,1523,672,194,95
122,123,car,0.42431640625,245,640,52,35
122,148,car,0.77880859375,752,656,108,76
122,155,car,0.66552734375,580,643,74,49
122,162,car,0.4072265625,1037,650,65,49
122,167,car,0.552734375,515,634,46,37
122,180,car,0.84814453125,1852,704,134,108
122,182,car,0.75927734375,1104,666,91,51
122,189,truck,0.1871337890625,108,597,41,43
123,6,car,0.9189453125,1653,755,339,139
123,7,car,0.90966796875,1750,704,281,131
123,8,car,0.9013671875,1237,702,198,92
123,18,car,0.89697265625,1012,699,197,112
123,66,car,0.7607421875,825,649,90,58
123,90,car,0.60009765625,419,635,46,36
123,15,truck,0.86865234375,948,641,146,110
123,99,car,0.69921875,472,640,71,56
123,63,truck,0.47265625,328,630,79,50
123,111,car,0.84814453125,685,671,122,78
123,119,truck,0.86962890625,1537,673,197,97
123,123,car,0.32080078125,246,641,53,34
123,148,car,0.7607421875,758,656,107,76
123,155,car,0.67578125,584,643,75,50
123,162,car,0.4765625,1043,649,67,47
123,167,car,0.56201171875,518,635,46,38
123,180,car,0.82080078125,1861,701,117,100
123,182,car,0.74462890625,1113,666,93,51
123,189,truck,0.2393798828125,108,597,41,42
123,186,car,0.302490234375,123,629,44,30
124,6,car,0.92822265625,1677,757,346,141
124,7,car,0.861328125,1768,706,280,134
124,8,car,0.90576171875,1251,703,200,93
124,18,car,0.896484375,1026,700,200,113
124,66,car,0.7431640625,829,650,90,58
124,90,car,0.611328125,420,635,46,37
124,15,truck,0.8623046875,954,641,144,111
124,99,car,0.70556640625,474,640,72,56
124,63,truck,0.329345703125,331,630,78,49
124,111,car,0.86865234375,691,672,124,79
124,119,truck,0.8818359375,1552,674,198,99
124,123,car,0.32421875,247,641,55,34
124,148,car,0.80322265625,766,656,107,77
124,155,car,0.740234375,588,644,75,50
124,162,car,0.385009765625,1050,646,69,42
124,167,car,0.5849609375,520,636,45,38
124,180,car,0.7294921875,1870,700,98,97
124,182,car,0.74755859375,1121,666,93,50
124,189,truck,0.2108154296875,108,597,42,42
124,186,car,0.294189453125,126,629,46,33
125,6,car,0.916015625,1703,759,353,143
125,7,car,0.86865234375,1781,707,277,136
125,8,car,0.9111328125,1265,704,203,93
125,18,car,0.8896484375,1041,701,203,115
125,66,car,0.6806640625,835,650,90,58
125,90,car,0.6494140625,422,635,46,37
125,15,truck,0.84716796875,959,641,144,111
125,99,car,0.75634765625,477,640,73,55
125,63,truck,0.355712890625,332,631,78,50
125,111,car,0.86328125,697,672,125,79
125,119,truck,0.88427734375,1565,675,199,100
125,123,car,0.28466796875,248,641,54,34
125,148,car,0.80810546875,772,657,108,78
125,155,car,0.76904296875,590,644,76,50
125,167,car,0.57177734375,522,636,44,38
125,182,car,0.7705078125,1128,667,97,52
125,189,truck,0.1859130859375,109,597,42,44
125,186,car,0.24072265625,127,628,46,33
125,108,fire hydrant,0.31396484375,259,661,24,51
126,6,car,0.9248046875,1728,761,363,145
126,7,car,0.810546875,1788,709,263,137
126,8,car,0.90576171875,1279,705,206,94
126,18,car,0.8896484375,1055,703,206,115
126,66,car,0.73388671875,843,651,83,58
126,90,car,0.642578125,425,635,46,37
126,15,truck,0.83740234375,965,641,150,112
126,99,car,0.7548828125,479,640,73,55
126,63,car,0.34326171875,335,631,79,50
126,111,car,0.86865234375,703,673,126,79
126,119,truck,0.8984375,1579,675,201,100
126,123,car,0.357666015625,251,642,50,33
126,148,car,0.810546875,778,658,108,79
126,155,car,0.74609375,593,644,76,51
126,167,car,0.548828125,525,636,42,38
126,182,car,0.79443359375,1135,667,99,54
126,189,truck,0.1993408203125,110,598,42,46
126,186,car,0.20556640625,126,630,47,29
126,194,car,0.517578125,1887,671,63,36
126,108,fire hydrant,0.10595703125,259,660,25,53
127,6,car,0.92236328125,1745,762,349,148
127,7,car,0.82666015625,1796,702,247,122
127,8,car,0.90869140625,1294,706,210,95
127,18,car,0.9052734375,1070,705,208,115
127,66,car,0.73388671875,850,651,81,57
127,90,car,0.64599609375,427,635,47,37
127,15,truck,0.83740234375,971,642,154,112
127,99,car,0.79443359375,482,640,75,56
127,63,truck,0.383056640625,336,631,81,51
127,111,car,0.8662109375,709,673,127,79
127,119,truck,0.896484375,1594,676,204,101
127,123,car,0.359375,250,641,53,35
127,148,car,0.78515625,786,658,109,79
127,155,car,0.73095703125,596,645,76,50
127,167,car,0.470703125,527,635,42,38
127,182,car,0.796875,1142,667,100,55
127,189,truck,0.325927734375,110,598,42,45
127,186,car,0.341552734375,127,630,46,30
127,194,car,0.33447265625,1894,670,45,34
127,196,car,0.388671875,652,639,57,43
127,162,car,0.42822265625,1061,638,56,28
128,6,car,0.91943359375,1756,764,326,150
128,7,car,0.830078125,1803,697,233,112
128,8,car,0.90673828125,1308,706,213,97
128,18,car,0.8955078125,1085,706,212,117
128,66,car,0.75927734375,854,651,81,57
128,90,car,0.6279296875,429,635,46,37
128,15,truck,0.81884765625,978,644,151,111
128,99,car,0.8056640625,484,640,76,56
128,63,truck,0.447509765625,338,631,80,53
128,111,car,0.87841796875,716,674,128,80
128,119,truck,0.900390625,1608,677,206,102
128,123,car,0.3486328125,254,640,53,37
128,148,car,0.83642578125,793,659,109,79
128,155,car,0.71240234375,599,646,77,49
128,167,car,0.515625,529,635,43,38
128,182,car,0.75341796875,1151,668,100,56
128,189,truck,0.307373046875,110,598,41,45
128,186,car,0.329345703125,128,629,46,31
128,194,car,0.1412353515625,1904,667,25,30
128,196,car,0.474609375,656,640,57,42
128,162,car,0.373779296875,1066,638,52,25
129,6,car,0.9150390625,1768,767,302,153
129,7,car,0.830078125,1811,691,217,99
129,8,car,0.90283203125,1323,708,215,98
129,18,car,0.89501953125,1101,707,215,119
129,66,car,0.73583984375,857,651,85,58
129,90,car,0.708984375,431,635,46,39
129,15,truck,0.8115234375,984,646,149,111
129,99,car,0.810546875,488,640,77,57
129,63,truck,0.4609375,339,631,80,53
129,111,car,0.87255859375,722,674,129,81
129,119,truck,0.8974609375,1623,678,209,102
129,123,car,0.299072265625,255,641,49,35
129,148,car,0.81982421875,800,659,111,80
129,155,car,0.70751953125,603,645,76,50
129,167,car,0.51171875,530,635,41,37
129,182,car,0.7841796875,1158,668,102,55
129,189,truck,0.1943359375,111,598,41,46
129,186,car,0.1778564453125,129,628,47,33
129,196,car,0.4921875,660,640,53,41
129,162,car,0.310791015625,1071,637,50,25
130,6,car,0.908203125,1790,772,258,155
130,7,car,0.79931640625,1824,679,190,73
130,8,car,0.91357421875,1349,710,220,99
130,18,car,0.89013671875,1127,710,220,121
130,66,car,0.72802734375,871,651,75,59
130,90,car,0.6669921875,436,635,47,40
130,15,truck,0.85302734375,994,645,152,116
130,99,car,0.77587890625,492,641,78,59
130,63,truck,0.556640625,340,631,83,53
130,111,car,0.880859375,733,675,132,81
130,119,truck,0.900390625,1648,680,214,105
130,123,car,0.19189453125,246,640,76,37
130,148,car,0.7646484375,809,659,118,80
130,155,car,0.796875,608,645,79,50
130,167,car,0.49609375,533,635,42,37
130,182,car,0.521484375,1169,664,106,46
130,189,truck,0.329345703125,112,598,41,45
130,186,car,0.282958984375,129,628,45,32
130,196,car,0.5869140625,667,641,53,41
130,108,fire hydrant,0.368408203125,259,661,26,46
