Frame,Conf,X,Y,Width,Height,ID,ID_Norm
0,0.880859375,517,336,120,90,1,0
0,0.8291015625,728,207,75,60,2,1
0,0.82666015625,682,318,108,81,3,2
0,0.78271484375,580,277,99,79,4,3
0,0.77978515625,426,279,85,54,5,4
0,0.67236328125,846,240,48,33,6,5
0,0.6689453125,382,252,63,49,7,6
0,0.5908203125,1145,285,67,49,8,7
0,0.52734375,930,249,57,45,9,8
1,0.875,518,337,120,89,1,0
1,0.81298828125,727,207,76,59,2,1
1,0.81884765625,685,319,109,82,3,2
1,0.72509765625,581,278,97,80,4,3
1,0.7734375,426,279,84,55,5,4
1,0.662109375,846,240,45,33,6,5
1,0.60205078125,382,253,61,48,7,6
1,0.65478515625,1143,284,68,49,8,7
1,0.515625,930,249,56,45,9,8
2,0.880859375,519,338,120,90,1,0
2,0.81396484375,726,206,77,59,2,1
2,0.8056640625,688,319,108,83,3,2
2,0.66357421875,583,278,98,80,4,3
2,0.75341796875,427,280,83,53,5,4
2,0.6806640625,844,240,47,33,6,5
2,0.6298828125,383,253,62,49,7,6
2,0.6689453125,1141,284,67,48,8,7
3,0.87841796875,521,339,121,92,1,0
3,0.79296875,726,206,78,59,2,1
3,0.84912109375,690,320,109,84,3,2
3,0.79052734375,428,279,85,54,5,4
3,0.611328125,843,240,46,33,6,5
3,0.67578125,383,253,61,48,7,6
3,0.7578125,1138,284,66,48,8,7
3,0.5390625,925,248,54,45,9,8
3,0.5078125,436,230,50,42,10,9
4,0.8740234375,523,340,122,93,1,0
4,0.81396484375,726,206,77,59,2,1
4,0.81640625,693,321,109,86,3,2
4,0.6533203125,587,278,101,81,4,3
4,0.79443359375,428,279,84,56,5,4
4,0.50390625,841,240,46,33,6,5
4,0.7041015625,384,253,63,49,7,6
4,0.72802734375,1137,284,65,48,8,7
4,0.51171875,925,248,53,44,9,8
5,0.8740234375,524,342,123,93,1,0
5,0.69921875,723,206,74,59,2,1
5,0.7919921875,696,322,110,86,3,2
5,0.615234375,590,279,103,81,4,3
5,0.79296875,429,281,84,56,5,4
5,0.60205078125,841,240,47,32,6,5
5,0.70068359375,385,254,65,49,7,6
5,0.72314453125,1135,283,65,48,8,7
5,0.544921875,437,230,52,42,10,9
6,0.88330078125,526,343,123,94,1,0
6,0.73876953125,722,206,73,59,2,1
6,0.84716796875,699,322,112,87,3,2
6,0.673828125,591,279,103,81,4,3
6,0.8154296875,430,281,85,56,5,4
6,0.56005859375,840,239,46,32,6,5
6,0.69580078125,386,254,64,50,7,6
6,0.76904296875,1134,283,66,48,8,7
6,0.615234375,439,231,51,42,10,9
7,0.89013671875,529,343,125,95,1,0
7,0.796875,720,205,69,59,2,1
7,0.85986328125,702,323,113,87,3,2
7,0.68603515625,593,280,103,82,4,3
7,0.82666015625,430,281,85,57,5,4
7,0.70068359375,386,254,62,50,7,6
7,0.69921875,1131,283,66,48,8,7
7,0.60205078125,439,231,50,42,10,9
8,0.88720703125,530,345,125,96,1,0
8,0.8173828125,719,206,67,58,2,1
8,0.8427734375,705,325,114,87,3,2
8,0.5888671875,595,281,103,82,4,3
8,0.83544921875,431,281,85,57,5,4
8,0.5078125,838,239,45,31,6,5
8,0.63330078125,387,254,62,50,7,6
8,0.662109375,1129,283,65,48,8,7
8,0.54296875,919,248,52,42,9,8
8,0.55078125,440,231,49,42,10,9
9,0.884765625,532,346,126,95,1,0
9,0.81982421875,719,205,67,58,2,1
9,0.7919921875,708,325,115,87,3,2
9,0.642578125,597,282,104,82,4,3
9,0.830078125,432,282,85,57,5,4
9,0.53125,837,239,45,32,6,5
9,0.611328125,389,254,64,50,7,6
9,0.6318359375,1127,282,65,48,8,7
9,0.5908203125,440,231,50,42,10,9
10,0.87060546875,534,347,128,96,1,0
10,0.79833984375,718,205,68,58,2,1
10,0.8232421875,711,326,114,88,3,2
10,0.69580078125,599,283,104,83,4,3
10,0.8154296875,434,282,88,58,5,4
10,0.58154296875,836,238,44,31,6,5
10,0.607421875,389,254,65,51,7,6
10,0.73095703125,1125,282,66,48,8,7
10,0.56396484375,440,231,52,42,10,9
11,0.8623046875,536,348,131,97,1,0
11,0.79931640625,718,206,67,58,2,1
11,0.85107421875,714,327,115,88,3,2
11,0.6826171875,600,283,104,85,4,3
11,0.82421875,435,283,89,59,5,4
11,0.640625,835,238,44,32,6,5
11,0.55810546875,389,254,64,52,7,6
11,0.689453125,1123,281,66,48,8,7
11,0.537109375,916,248,53,42,9,8
11,0.544921875,441,232,51,43,10,9
12,0.86328125,540,349,135,98,1,0
12,0.7919921875,717,205,66,58,2,1
12,0.85595703125,717,327,115,89,3,2
12,0.66552734375,602,284,106,85,4,3
12,0.83203125,436,283,88,60,5,4
12,0.6318359375,834,238,44,32,6,5
12,0.57763671875,390,255,64,51,7,6
12,0.73388671875,1121,281,66,48,8,7
12,0.51953125,442,232,50,43,10,9
13,0.87158203125,543,350,136,97,1,0
13,0.751953125,716,205,66,58,2,1
13,0.82763671875,721,328,115,90,3,2
13,0.7041015625,603,284,105,86,4,3
13,0.83984375,437,284,88,60,5,4
13,0.57177734375,833,238,44,32,6,5
13,0.611328125,390,256,64,51,7,6
13,0.73876953125,1119,281,65,48,8,7
13,0.56396484375,913,247,53,42,9,8
14,0.8740234375,544,351,137,98,1,0
14,0.77978515625,715,205,68,58,2,1
14,0.81640625,724,329,116,91,3,2
14,0.67578125,605,284,105,86,4,3
14,0.83544921875,438,284,88,61,5,4
14,0.60009765625,831,238,45,32,6,5
14,0.642578125,391,257,64,50,7,6
14,0.7294921875,1117,281,64,48,8,7
14,0.505859375,912,246,52,42,9,8
15,0.884765625,546,352,136,100,1,0
15,0.7890625,714,205,69,59,2,1
15,0.8232421875,727,330,118,92,3,2
15,0.689453125,608,285,106,86,4,3
15,0.78515625,439,284,88,62,5,4
15,0.56201171875,831,237,45,33,6,5
15,0.64794921875,391,257,64,50,7,6
15,0.7890625,1114,280,65,48,8,7
15,0.5078125,444,232,50,44,10,9
16,0.88818359375,547,353,134,100,1,0
16,0.76220703125,713,205,69,59,2,1
16,0.72509765625,730,332,120,93,3,2
16,0.7734375,441,285,88,62,5,4
16,0.552734375,830,238,45,32,6,5
16,0.62451171875,391,257,64,50,7,6
16,0.76904296875,1112,280,64,49,8,7
16,0.501953125,910,246,52,42,9,8
17,0.89990234375,548,354,133,100,1,0
17,0.763671875,713,205,68,59,2,1
17,0.67919921875,733,333,120,93,3,2
17,0.607421875,611,286,105,86,4,3
17,0.78515625,442,286,87,62,5,4
17,0.55078125,829,237,45,32,6,5
17,0.541015625,393,258,66,51,7,6
17,0.7490234375,1111,280,63,49,8,7
18,0.9013671875,550,355,133,101,1,0
18,0.763671875,713,204,69,59,2,1
18,0.7216796875,737,334,121,93,3,2
18,0.5849609375,612,287,105,87,4,3
18,0.7919921875,443,286,88,61,5,4
18,0.638671875,394,258,68,52,7,6
18,0.767578125,1109,280,65,49,8,7
19,0.9033203125,551,357,135,103,1,0
19,0.73095703125,712,204,70,59,2,1
19,0.7734375,740,335,121,93,3,2
19,0.79931640625,444,287,87,61,5,4
19,0.67578125,395,259,69,52,7,6
19,0.75634765625,1108,279,64,48,8,7
20,0.900390625,553,358,135,103,1,0
20,0.716796875,711,204,70,58,2,1
20,0.80908203125,743,336,121,94,3,2
20,0.7841796875,446,287,90,62,5,4
20,0.65673828125,395,259,68,52,7,6
20,0.78271484375,1106,279,63,47,8,7
20,0.5234375,446,234,51,44,10,3
21,0.8984375,555,359,135,104,1,0
21,0.74755859375,712,204,69,58,2,1
21,0.79296875,748,337,121,95,3,2
21,0.56201171875,618,289,105,88,4,5
21,0.767578125,447,287,91,62,5,4
21,0.64794921875,396,260,67,52,7,6
21,0.72314453125,1105,278,63,48,8,7
21,0.57177734375,448,234,52,45,10,3
22,0.90185546875,557,361,136,104,1,0
22,0.76904296875,711,204,69,58,2,1
22,0.796875,751,339,123,96,3,2
22,0.7578125,447,288,89,63,5,4
22,0.640625,396,260,66,53,7,6
22,0.7138671875,1103,277,64,48,8,7
23,0.89697265625,559,362,135,105,1,0
23,0.7294921875,711,203,69,58,2,1
23,0.78662109375,754,340,124,96,3,2
23,0.78271484375,449,289,90,64,5,4
23,0.67041015625,396,260,66,54,7,6
23,0.5888671875,1101,277,63,48,8,7
23,0.51953125,450,234,53,45,10,3
24,0.8984375,562,363,137,105,1,0
24,0.73388671875,709,203,69,58,2,1
24,0.796875,758,341,124,97,3,2
24,0.57177734375,626,291,111,89,4,5
24,0.7880859375,450,290,92,63,5,4
24,0.505859375,822,235,44,31,6,8
24,0.68408203125,398,260,68,54,7,6
24,0.72509765625,1099,277,63,48,8,7
24,0.53515625,451,234,55,45,10,3
25,0.8984375,564,365,137,105,1,0
25,0.7373046875,709,203,69,58,2,1
25,0.5234375,762,342,125,97,3,2
25,0.689453125,629,292,112,90,4,5
25,0.79833984375,451,290,92,63,5,4
25,0.689453125,398,261,69,55,7,6
25,0.74609375,1097,276,62,47,8,7
25,0.57177734375,452,234,54,45,10,3
26,0.8955078125,566,366,140,105,1,0
26,0.7138671875,708,203,69,58,2,1
26,0.82666015625,766,343,126,97,3,2
26,0.66357421875,630,292,112,90,4,5
26,0.78125,452,290,91,64,5,4
26,0.638671875,399,261,69,54,7,6
26,0.73095703125,1095,276,62,46,8,7
26,0.55810546875,452,234,53,45,10,3
27,0.89501953125,569,367,140,106,1,0
27,0.7041015625,708,203,68,58,2,1
27,0.85595703125,769,344,128,98,3,2
27,0.607421875,633,293,114,91,4,5
27,0.78515625,452,291,91,64,5,4
27,0.56201171875,818,235,44,32,6,8
27,0.69091796875,401,261,69,55,7,6
27,0.71240234375,1092,276,62,46,8,7
27,0.5546875,453,234,53,45,10,3
28,0.8857421875,571,368,141,107,1,0
28,0.76611328125,707,203,68,58,2,1
28,0.88427734375,773,346,129,99,3,2
28,0.6826171875,636,294,115,92,4,5
28,0.79931640625,453,291,91,64,5,4
28,0.56591796875,817,234,44,33,6,8
28,0.716796875,402,262,68,55,7,6
28,0.56787109375,1091,275,62,46,8,7
28,0.5546875,454,234,54,46,10,3
29,0.88330078125,573,369,141,109,1,0
29,0.732421875,706,203,68,59,2,1
29,0.79833984375,777,347,131,100,3,2
29,0.82421875,638,295,115,93,4,5
29,0.80419921875,455,291,91,65,5,4
29,0.71875,401,262,69,55,7,6
29,0.673828125,1089,275,62,46,8,7
29,0.59619140625,455,235,53,47,10,3
30,0.88232421875,575,370,142,110,1,0
30,0.63720703125,706,203,69,59,2,1
30,0.85205078125,780,348,131,100,3,2
30,0.79443359375,640,295,116,93,4,5
30,0.81982421875,456,292,93,65,5,4
30,0.515625,816,234,44,33,6,8
30,0.70556640625,402,263,68,55,7,6
30,0.658203125,1087,275,61,46,8,7
30,0.61328125,456,235,53,48,10,3
31,0.8759765625,577,371,143,110,1,0
31,0.673828125,705,203,68,59,2,1
31,0.82568359375,784,350,132,100,3,2
31,0.81298828125,642,296,116,93,4,5
31,0.83447265625,457,293,93,64,5,4
31,0.53125,815,233,44,32,6,8
31,0.71044921875,402,263,68,55,7,6
31,0.76220703125,1086,274,62,46,8,7
31,0.529296875,892,243,52,39,9,9
31,0.6513671875,456,236,54,48,10,3
32,0.8818359375,580,373,145,109,1,0
32,0.74609375,705,203,67,58,2,1
32,0.8623046875,788,351,132,100,3,2
32,0.72802734375,644,296,117,93,4,5
32,0.8115234375,458,293,93,65,5,4
32,0.54296875,815,233,44,31,6,8
32,0.673828125,404,263,70,56,7,6
32,0.73388671875,1083,274,61,45,8,7
32,0.5908203125,457,236,54,48,10,3
33,0.87255859375,582,374,145,110,1,0
33,0.77197265625,704,203,68,58,2,1
33,0.880859375,791,352,132,101,3,2
33,0.71533203125,646,297,118,93,4,5
33,0.82421875,459,293,94,66,5,4
33,0.5078125,813,233,44,31,6,8
33,0.6533203125,404,263,68,56,7,6
33,0.78662109375,1082,273,60,45,8,7
33,0.61328125,457,236,54,48,10,3
34,0.8759765625,585,376,149,110,1,0
34,0.7490234375,704,203,69,59,2,1
34,0.88427734375,796,353,134,102,3,2
34,0.65478515625,648,297,119,93,4,5
34,0.83349609375,460,294,95,66,5,4
34,0.50390625,812,232,44,31,6,8
34,0.6298828125,405,264,70,57,7,6
34,0.7734375,1080,273,62,45,8,7
34,0.529296875,889,242,50,40,9,9
34,0.5888671875,458,236,54,48,10,3
35,0.8759765625,588,378,151,111,1,0
35,0.7841796875,703,202,69,59,2,1
35,0.88427734375,800,354,135,103,3,2
35,0.708984375,651,298,119,94,4,5
35,0.83740234375,461,295,95,67,5,4
35,0.509765625,811,232,43,31,6,8
35,0.6689453125,406,264,70,57,7,6
35,0.8232421875,1078,273,60,45,8,7
35,0.56787109375,888,242,50,40,9,9
35,0.59619140625,459,236,55,48,10,3
36,0.880859375,591,380,152,113,1,0
36,0.7373046875,702,203,68,58,2,1
36,0.888671875,803,356,135,104,3,2
36,0.845703125,462,296,94,66,5,4
36,0.5849609375,810,232,43,31,6,8
36,0.62255859375,406,265,70,56,7,6
36,0.75634765625,1077,273,61,45,8,7
36,0.529296875,459,236,56,48,10,3
37,0.8916015625,594,382,155,114,1,0
37,0.7041015625,702,202,67,58,2,1
37,0.88427734375,808,357,135,105,3,2
37,0.84912109375,463,297,95,67,5,4
37,0.6494140625,810,232,43,31,6,8
37,0.6826171875,407,266,69,56,7,6
37,0.7890625,1075,273,60,45,8,7
37,0.57958984375,885,241,49,40,9,5
37,0.525390625,460,236,56,48,10,3
38,0.89990234375,597,383,156,115,1,0
38,0.70068359375,701,202,67,58,2,1
38,0.884765625,812,359,136,106,3,2
38,0.57958984375,656,300,117,94,4,9
38,0.84814453125,464,297,95,66,5,4
38,0.6826171875,408,266,70,56,7,6
38,0.74169921875,1073,273,61,45,8,7
38,0.6533203125,884,241,50,40,9,5
38,0.513671875,461,236,56,48,10,3
39,0.89697265625,599,384,155,116,1,0
39,0.76220703125,701,202,66,58,2,1
39,0.88623046875,817,360,139,107,3,2
39,0.63525390625,659,301,118,95,4,9
39,0.841796875,466,298,96,67,5,4
39,0.515625,807,232,42,31,6,8
39,0.69091796875,410,266,73,56,7,6
39,0.78271484375,1071,273,62,45,8,7
39,0.64794921875,883,240,50,39,9,5
39,0.57763671875,462,237,56,48,10,3
40,0.90283203125,601,385,154,116,1,0
40,0.80419921875,700,202,66,58,2,1
40,0.8896484375,822,361,140,108,3,2
40,0.5927734375,661,302,119,96,4,9
40,0.8173828125,467,298,96,68,5,4
40,0.54296875,807,232,42,30,6,8
40,0.69287109375,410,266,72,57,7,6
40,0.77734375,1070,272,61,45,8,7
40,0.67724609375,882,240,50,39,9,5
41,0.89697265625,602,387,154,117,1,0
41,0.80810546875,699,202,66,57,2,1
41,0.88720703125,826,363,142,108,3,2
41,0.59619140625,664,302,121,97,4,9
41,0.8310546875,469,298,96,69,5,4
41,0.51171875,806,233,41,31,6,8
41,0.7373046875,411,266,72,58,7,6
41,0.7294921875,1067,272,62,45,8,7
41,0.658203125,881,240,50,39,9,5
42,0.89404296875,605,388,155,116,1,0
42,0.7880859375,698,202,66,57,2,1
42,0.880859375,830,364,142,108,3,2
42,0.71240234375,667,303,123,98,4,9
42,0.82666015625,470,300,97,68,5,4
42,0.52734375,805,232,40,31,6,8
42,0.71533203125,413,267,73,58,7,6
42,0.81298828125,1066,271,61,45,8,7
42,0.63720703125,880,240,49,39,9,5
42,0.51953125,464,238,56,49,10,3
43,0.89697265625,607,390,157,118,1,0
43,0.71240234375,698,202,66,58,2,1
43,0.87060546875,835,366,143,109,3,2
43,0.78662109375,670,304,124,98,4,9
43,0.8173828125,472,300,99,68,5,4
43,0.51171875,804,232,41,31,6,8
43,0.708984375,413,267,72,58,7,6
43,0.81640625,1064,271,62,44,8,7
43,0.66357421875,878,240,50,38,9,5
43,0.56591796875,465,238,57,49,10,3
44,0.89404296875,610,391,158,120,1,0
44,0.73388671875,697,202,65,57,2,1
44,0.88720703125,839,368,145,110,3,2
44,0.740234375,672,305,125,98,4,9
44,0.81982421875,473,302,98,67,5,4
44,0.6826171875,414,267,74,58,7,6
44,0.81884765625,1063,271,60,44,8,7
44,0.6318359375,877,239,50,39,9,5
44,0.548828125,465,238,58,49,10,3
45,0.89501953125,613,393,160,121,1,0
45,0.78662109375,697,202,65,57,2,1
45,0.86962890625,844,369,145,110,3,2
45,0.72509765625,675,305,127,98,4,9
45,0.80810546875,474,302,99,68,5,4
45,0.67578125,416,267,76,58,7,6
45,0.80078125,1061,270,61,44,8,7
45,0.6806640625,877,239,49,40,9,5
46,0.8974609375,616,394,161,123,1,0
46,0.74755859375,696,201,65,57,2,1
46,0.89306640625,848,371,146,111,3,2
46,0.642578125,678,306,128,99,4,9
46,0.8232421875,475,303,98,68,5,4
46,0.6689453125,418,268,77,57,7,6
46,0.81640625,1059,270,61,45,8,7
46,0.6533203125,876,239,49,40,9,5
46,0.53125,468,239,56,48,10,3
47,0.9033203125,618,396,162,124,1,0
47,0.69287109375,696,201,65,57,2,1
47,0.89404296875,853,372,148,111,3,2
47,0.81298828125,680,307,128,100,4,9
47,0.82080078125,476,303,98,69,5,4
47,0.67236328125,418,269,76,57,7,6
47,0.81396484375,1057,270,60,45,8,7
47,0.611328125,875,239,48,40,9,5
47,0.55810546875,468,239,56,48,10,3
48,0.9072265625,622,399,162,124,1,0
48,0.5927734375,696,201,65,57,2,1
48,0.8896484375,859,374,149,112,3,2
48,0.77587890625,682,308,128,101,4,9
48,0.81884765625,477,303,99,70,5,4
48,0.64599609375,420,270,79,57,7,6
48,0.8017578125,1057,270,60,44,8,7
48,0.609375,874,239,48,40,9,5
49,0.90478515625,625,401,163,124,1,0
49,0.56201171875,695,201,65,56,2,1
49,0.8857421875,863,376,150,114,3,2
49,0.7265625,685,308,129,101,4,9
49,0.80810546875,478,304,98,70,5,4
49,0.67236328125,420,270,79,58,7,6
49,0.810546875,1054,270,59,44,8,7
49,0.60400390625,873,239,49,40,9,5
49,0.611328125,470,240,56,49,10,3
50,0.9052734375,628,402,164,125,1,0
50,0.57763671875,694,201,64,56,2,1
50,0.8759765625,868,378,151,116,3,2
50,0.7490234375,687,309,130,101,4,9
50,0.82421875,479,305,98,70,5,4
50,0.67578125,421,270,78,59,7,6
50,0.80908203125,1053,269,59,44,8,7
50,0.5830078125,872,239,49,40,9,5
50,0.501953125,471,241,57,50,10,3
51,0.9052734375,630,405,166,125,1,0
51,0.64794921875,694,201,64,56,2,1
51,0.8955078125,873,380,152,116,3,2
51,0.61865234375,690,310,130,103,4,9
51,0.82666015625,480,305,100,71,5,4
51,0.6279296875,421,270,77,60,7,6
51,0.8017578125,1052,269,59,43,8,7
51,0.63330078125,871,239,50,39,9,5
52,0.90283203125,633,406,167,126,1,0
52,0.7294921875,693,201,64,56,2,1
52,0.89697265625,878,381,153,117,3,2
52,0.60009765625,693,310,130,103,4,9
52,0.81884765625,482,306,101,72,5,4
52,0.62255859375,422,270,78,59,7,6
52,0.75048828125,1050,269,59,43,8,7
52,0.66015625,870,238,50,39,9,5
53,0.89697265625,636,408,168,127,1,0
53,0.5234375,693,201,65,56,2,1
53,0.8916015625,883,383,154,117,3,2
53,0.5078125,696,311,131,104,4,9
53,0.806640625,484,307,101,72,5,4
53,0.638671875,422,271,78,61,7,6
53,0.79833984375,1048,268,58,42,8,7
53,0.55078125,868,238,49,39,9,5
54,0.90380859375,639,410,169,127,1,0
54,0.88818359375,889,385,155,118,3,2
54,0.67236328125,697,312,130,105,4,9
54,0.8154296875,485,307,103,72,5,4
54,0.658203125,423,271,79,62,7,6
54,0.7734375,1046,268,59,43,8,7
54,0.6875,867,238,48,39,9,5
55,0.8974609375,643,411,170,128,1,0
55,0.62451171875,691,200,65,56,2,1
55,0.88330078125,894,386,158,120,3,2
55,0.80908203125,487,307,104,74,5,4
55,0.642578125,424,272,78,61,7,6
55,0.79833984375,1045,268,59,43,8,7
55,0.66015625,866,237,50,38,9,5
56,0.9052734375,646,414,173,129,1,0
56,0.740234375,690,201,65,56,2,1
56,0.9033203125,899,388,160,121,3,2
56,0.5078125,703,314,132,106,4,3
56,0.8154296875,488,307,104,74,5,4
56,0.69091796875,425,273,80,61,7,6
56,0.80078125,1042,268,59,43,8,7
56,0.6318359375,866,237,49,38,9,5
56,0.57568359375,477,242,58,51,10,8
56,0.50390625,703,314,132,106,29,9
57,0.90283203125,649,416,176,131,1,0
57,0.64794921875,689,201,66,56,2,1
57,0.90576171875,904,390,160,122,3,2
57,0.537109375,707,315,134,106,4,3
57,0.81640625,489,308,105,75,5,4
57,0.6826171875,425,273,79,61,7,6
57,0.796875,1041,268,58,43,8,7
57,0.56982421875,865,237,50,38,9,5
57,0.56005859375,477,242,58,52,10,8
58,0.89306640625,654,418,179,133,1,0
58,0.6259765625,689,200,66,56,2,1
58,0.89404296875,911,392,162,123,3,2
58,0.56201171875,710,315,135,107,4,3
58,0.82763671875,491,309,106,74,5,4
58,0.6513671875,426,273,79,60,7,6
58,0.8017578125,1040,267,59,43,8,7
58,0.609375,864,237,50,38,9,5
58,0.552734375,479,242,57,52,10,8
59,0.900390625,659,420,184,135,1,0
59,0.513671875,689,200,64,55,2,1
59,0.9033203125,916,394,162,124,3,2
59,0.533203125,713,316,137,108,4,3
59,0.82568359375,492,310,107,73,5,4
59,0.640625,427,274,79,61,7,6
59,0.80908203125,1038,267,57,42,8,7
59,0.611328125,479,243,58,51,10,8
60,0.90478515625,663,422,186,136,1,0
60,0.69775390625,688,199,64,56,2,1
60,0.8857421875,922,396,164,126,3,2
60,0.71240234375,716,317,137,108,4,3
60,0.830078125,493,311,105,73,5,4
60,0.615234375,427,274,79,61,7,6
60,0.78271484375,1036,267,57,42,8,7
60,0.54296875,861,237,48,38,9,5
60,0.521484375,480,243,57,52,10,8
61,0.9013671875,665,423,185,137,1,0
61,0.77587890625,688,199,65,56,2,1
61,0.88818359375,928,397,166,127,3,2
61,0.830078125,495,312,106,74,5,4
61,0.64794921875,428,274,80,62,7,6
61,0.82080078125,1035,266,56,42,8,7
61,0.61328125,481,243,56,51,10,8
62,0.89990234375,668,425,185,138,1,0
62,0.73583984375,687,199,66,56,2,1
62,0.8818359375,934,400,167,127,3,2
62,0.55810546875,722,320,139,110,4,3
62,0.81396484375,496,312,107,75,5,4
62,0.5078125,787,229,40,31,6,5
62,0.6279296875,429,274,80,63,7,6
62,0.806640625,1033,266,57,41,8,7
62,0.60400390625,482,243,56,51,10,8
63,0.8974609375,670,426,185,140,1,0
63,0.78662109375,686,199,66,57,2,1
63,0.89404296875,940,402,169,128,3,2
63,0.61865234375,724,321,140,111,4,3
63,0.81884765625,498,312,107,77,5,4
63,0.640625,430,275,80,62,7,6
63,0.80419921875,1031,265,57,42,8,7
63,0.5869140625,483,243,57,52,10,8
64,0.90380859375,673,429,186,139,1,0
64,0.806640625,686,199,65,57,2,1
64,0.90673828125,946,404,170,129,3,2
64,0.71875,728,322,142,111,4,3
64,0.83203125,499,313,108,77,5,4
64,0.505859375,786,228,41,31,6,5
64,0.70751953125,432,275,82,63,7,6
64,0.83447265625,1030,265,59,42,8,7
64,0.55078125,856,237,48,38,9,9
64,0.65478515625,484,244,57,53,10,8
65,0.90673828125,676,432,187,139,1,0
65,0.806640625,686,199,64,57,2,1
65,0.91259765625,952,406,172,130,3,2
65,0.7373046875,732,323,141,112,4,3
65,0.8388671875,501,313,109,78,5,4
65,0.73388671875,433,276,82,63,7,6
65,0.7958984375,1029,265,58,42,8,7
65,0.62451171875,485,244,57,53,10,8
66,0.90380859375,680,435,188,141,1,0
66,0.80078125,685,198,64,56,2,1
66,0.9033203125,959,408,174,131,3,2
66,0.81640625,735,323,143,112,4,3
66,0.82568359375,503,313,110,78,5,4
66,0.7138671875,433,277,83,63,7,6
66,0.8154296875,1027,265,58,42,8,7
66,0.552734375,487,245,56,54,10,8
67,0.9111328125,684,438,190,142,1,0
67,0.79052734375,685,199,64,56,2,1
67,0.908203125,965,411,176,132,3,2
67,0.8017578125,738,324,144,113,4,3
67,0.8427734375,505,314,110,77,5,4
67,0.74755859375,435,277,84,63,7,6
67,0.7041015625,1025,265,57,42,8,7
67,0.55810546875,487,245,56,54,10,8
68,0.9052734375,688,441,190,144,1,0
68,0.767578125,684,198,63,56,2,1
68,0.9052734375,972,413,177,132,3,2
68,0.67724609375,741,326,145,115,4,3
68,0.8427734375,506,315,110,76,5,4
68,0.77587890625,436,277,85,63,7,6
68,0.74609375,1024,264,59,42,8,7
68,0.60400390625,488,245,59,54,10,8
69,0.90380859375,692,443,193,145,1,0
69,0.78271484375,683,198,62,56,2,1
69,0.91748046875,978,416,178,134,3,2
69,0.6259765625,743,327,145,114,4,3
69,0.85595703125,507,316,111,77,5,4
69,0.75634765625,437,278,86,63,7,6
69,0.763671875,1022,264,57,42,8,7
69,0.546875,489,245,58,54,10,8
70,0.9033203125,696,445,195,146,1,0
70,0.7705078125,683,198,60,56,2,1
70,0.89990234375,985,418,180,136,3,2
70,0.78125,746,328,146,115,4,3
70,0.84814453125,510,318,111,77,5,4
70,0.732421875,438,278,86,63,7,6
70,0.81884765625,1020,263,57,41,8,7
70,0.521484375,491,246,57,54,10,8
71,0.91162109375,700,447,197,148,1,0
71,0.78515625,683,198,61,56,2,1
71,0.9033203125,991,420,181,137,3,2
71,0.62255859375,750,329,148,115,4,3
71,0.84912109375,511,319,112,77,5,4
71,0.74169921875,440,279,86,64,7,6
71,0.75634765625,1019,263,57,41,8,7
71,0.541015625,491,246,57,54,10,8
72,0.91357421875,704,449,198,148,1,0
72,0.78515625,683,198,61,56,2,1
72,0.9091796875,998,422,182,138,3,2
72,0.70263671875,753,330,149,116,4,3
72,0.84375,512,319,112,77,5,4
72,0.515625,778,227,41,31,6,5
72,0.7607421875,440,280,87,64,7,6
72,0.8154296875,1017,262,56,41,8,7
72,0.609375,491,247,57,54,10,8
72,0.5078125,753,330,150,116,40,9
73,0.9091796875,708,452,200,150,1,0
73,0.78125,682,198,61,55,2,1
73,0.90380859375,1005,425,185,139,3,2
73,0.7548828125,757,331,150,116,4,3
73,0.84814453125,514,321,112,78,5,4
73,0.74755859375,442,280,89,64,7,6
73,0.79443359375,1016,263,56,41,8,7
73,0.517578125,847,235,47,38,9,10
73,0.55078125,492,247,58,54,10,8
74,0.9072265625,713,454,201,152,1,0
74,0.6689453125,681,198,61,55,2,1
74,0.90576171875,1013,427,187,140,3,2
74,0.78271484375,760,333,151,117,4,3
74,0.85205078125,515,322,112,78,5,4
74,0.73583984375,443,281,90,65,7,6
74,0.69775390625,1014,263,56,41,8,7
74,0.52734375,493,248,59,54,10,8
75,0.91259765625,717,457,202,153,1,0
75,0.58154296875,680,198,61,55,2,1
75,0.90576171875,1020,429,188,142,3,2
75,0.8154296875,763,334,151,118,4,3
75,0.85595703125,516,323,114,79,5,4
75,0.77587890625,444,281,91,64,7,6
75,0.79931640625,1013,263,56,41,8,7
75,0.513671875,845,235,47,38,9,5
75,0.56982421875,494,248,59,53,10,8
76,0.90283203125,722,460,204,154,1,0
76,0.69580078125,680,198,61,55,2,1
76,0.88720703125,1028,432,191,143,3,2
76,0.845703125,767,335,152,120,4,3
76,0.85302734375,518,323,114,81,5,4
76,0.74609375,445,282,90,65,7,6
76,0.7646484375,1011,262,56,41,8,7
76,0.57763671875,844,235,47,38,9,5
76,0.56982421875,496,248,60,52,10,8
77,0.90869140625,726,462,208,155,1,0
77,0.689453125,680,198,61,56,2,1
77,0.8984375,1035,435,193,145,3,2
77,0.81298828125,771,336,154,120,4,3
77,0.8427734375,519,324,114,81,5,4
77,0.73388671875,446,282,89,65,7,6
77,0.80419921875,1010,262,55,41,8,7
77,0.5078125,844,234,47,37,9,5
77,0.56787109375,497,249,59,54,10,8
78,0.908203125,730,465,210,157,1,0
78,0.689453125,679,198,62,56,2,1
78,0.8984375,1043,438,195,146,3,2
78,0.8310546875,774,337,155,121,4,3
78,0.83740234375,522,325,116,82,5,4
78,0.7607421875,447,283,88,66,7,6
78,0.76904296875,1008,262,56,40,8,7
78,0.6298828125,498,249,59,54,10,8
79,0.90869140625,734,469,212,157,1,0
79,0.6279296875,678,198,62,56,2,1
79,0.89501953125,1051,441,197,148,3,2
79,0.68408203125,778,339,157,122,4,3
79,0.841796875,523,326,117,83,5,4
79,0.54296875,772,226,40,30,6,5
79,0.73095703125,448,283,88,66,7,6
79,0.76611328125,1007,261,55,40,8,7
79,0.607421875,841,234,47,37,9,9
79,0.658203125,500,249,58,54,10,8
80,0.90869140625,739,472,214,158,1,0
80,0.609375,677,197,62,55,2,1
80,0.90185546875,1059,443,199,149,3,2
80,0.81640625,782,340,157,122,4,3
80,0.83740234375,525,327,116,82,5,4
80,0.73388671875,448,284,89,66,7,6
80,0.77880859375,1006,261,56,40,8,7
80,0.5849609375,501,250,58,54,10,8
81,0.90966796875,745,475,217,160,1,0
81,0.544921875,677,197,61,55,2,1
81,0.9111328125,1067,446,202,150,3,2
81,0.83544921875,786,341,157,124,4,3
81,0.8310546875,527,328,117,82,5,4
81,0.71533203125,449,285,90,66,7,6
81,0.763671875,1004,261,55,41,8,7
81,0.60205078125,501,249,60,55,10,8
82,0.91552734375,751,478,221,162,1,0
82,0.90380859375,1076,449,203,150,3,2
82,0.8740234375,790,342,158,125,4,3
82,0.8388671875,529,329,119,82,5,4
82,0.73583984375,451,285,91,66,7,6
82,0.822265625,1003,261,55,41,8,7
82,0.50390625,838,233,47,38,9,5
82,0.63720703125,502,250,60,55,10,8
83,0.91357421875,757,481,227,165,1,0
83,0.90380859375,1085,451,206,152,3,2
83,0.85498046875,793,343,159,126,4,3
83,0.83349609375,531,330,120,83,5,4
83,0.7373046875,453,286,92,67,7,6
83,0.8017578125,1002,260,56,41,8,7
83,0.61328125,503,250,60,56,10,8
84,0.91845703125,762,484,228,167,1,0
84,0.90185546875,1093,454,209,155,3,2
84,0.87158203125,798,344,161,127,4,3
84,0.82421875,533,330,120,84,5,4
84,0.75048828125,453,286,89,67,7,6
84,0.7734375,1000,260,56,41,8,7
84,0.609375,504,250,61,56,10,8
85,0.92236328125,766,486,227,167,1,0
85,0.91845703125,1102,457,210,157,3,2
85,0.79931640625,801,346,163,128,4,3
85,0.8291015625,534,331,120,85,5,4
85,0.7705078125,454,287,89,67,7,6
85,0.80078125,998,259,54,40,8,7
85,0.5888671875,835,232,47,38,9,1
85,0.611328125,506,250,62,56,10,8
86,0.92041015625,771,490,228,168,1,0
86,0.89892578125,1110,460,213,158,3,2
86,0.796875,805,348,164,129,4,3
86,0.8232421875,536,332,120,85,5,4
86,0.75341796875,455,287,91,67,7,6
86,0.7841796875,996,259,55,41,8,7
86,0.55810546875,507,251,63,56,10,8
87,0.91796875,777,493,231,170,1,0
87,0.89501953125,1119,464,215,159,3,2
87,0.81884765625,809,349,165,129,4,3
87,0.82666015625,538,333,121,85,5,4
87,0.7578125,457,287,93,68,7,6
87,0.78515625,995,259,55,39,8,7
87,0.50390625,834,231,45,37,9,1
87,0.537109375,509,251,61,56,10,8
88,0.921875,782,496,233,173,1,0
88,0.884765625,1129,467,218,161,3,2
88,0.86328125,814,350,166,130,4,3
88,0.82763671875,540,333,122,86,5,4
88,0.76904296875,458,288,94,68,7,6
88,0.78515625,994,259,55,39,8,7
88,0.55810546875,833,231,46,38,9,1
88,0.60205078125,509,252,61,57,10,8
89,0.92236328125,788,500,236,175,1,0
89,0.9052734375,1139,470,221,162,3,2
89,0.85595703125,818,351,167,130,4,3
89,0.83349609375,542,335,122,87,5,4
89,0.77587890625,459,289,95,68,7,6
89,0.80322265625,992,259,54,39,8,7
89,0.57763671875,832,231,47,37,9,1
89,0.66015625,510,252,63,57,10,8
90,0.92138671875,794,503,239,175,1,0
90,0.88623046875,1148,474,224,165,3,2
90,0.8056640625,823,353,169,131,4,3
90,0.83544921875,544,334,124,89,5,4
90,0.52734375,764,225,38,29,6,5
90,0.7744140625,460,289,93,69,7,6
90,0.79833984375,991,259,54,39,8,7
90,0.56982421875,831,231,46,37,9,1
90,0.63525390625,511,252,63,57,10,8
91,0.91748046875,800,507,242,178,1,0
91,0.501953125,670,197,64,54,2,9
91,0.90283203125,1158,477,226,167,3,2
91,0.81396484375,826,355,170,131,4,3
91,0.82568359375,546,334,124,91,5,4
91,0.7919921875,461,290,94,69,7,6
91,0.74609375,989,258,53,39,8,7
91,0.59619140625,829,231,47,37,9,1
91,0.60400390625,512,252,62,57,10,8
92,0.9140625,807,511,245,181,1,0
92,0.9072265625,1170,482,230,169,3,2
92,0.8681640625,831,357,172,133,4,3
92,0.85693359375,549,337,126,89,5,4
92,0.80078125,462,291,94,69,7,6
92,0.79296875,989,258,53,39,8,7
92,0.56396484375,829,231,46,36,9,1
92,0.5927734375,513,253,62,58,10,8
92,0.533203125,457,237,57,39,34,5
93,0.9111328125,812,514,248,183,1,0
93,0.90673828125,1178,485,231,171,3,2
93,0.8857421875,835,358,173,134,4,3
93,0.85888671875,551,338,127,89,5,4
93,0.78515625,463,292,96,69,7,6
93,0.7919921875,987,258,53,39,8,7
93,0.6279296875,828,230,45,36,9,1
93,0.5908203125,514,254,62,59,10,8
93,0.541015625,458,237,57,39,34,5
94,0.9140625,819,519,252,184,1,0
94,0.9013671875,1188,488,235,172,3,2
94,0.90283203125,840,359,174,135,4,3
94,0.84814453125,552,339,126,91,5,4
94,0.78271484375,464,293,96,68,7,6
94,0.77197265625,985,258,53,39,8,7
94,0.640625,827,230,46,36,9,1
94,0.52734375,515,254,65,59,10,8
94,0.552734375,458,237,59,40,34,5
95,0.9140625,825,523,255,186,1,0
95,0.5927734375,669,196,64,54,2,9
95,0.91552734375,1199,492,238,174,3,2
95,0.896484375,844,361,175,136,4,3
95,0.85693359375,554,341,127,90,5,4
95,0.8017578125,465,293,97,69,7,6
95,0.74462890625,984,258,53,39,8,7
95,0.607421875,826,230,46,35,9,1
95,0.6259765625,516,255,66,59,10,8
95,0.6298828125,459,238,58,39,34,5
96,0.9189453125,832,527,257,187,1,0
96,0.544921875,668,196,64,54,2,9
96,0.9033203125,1210,496,241,176,3,2
96,0.86328125,849,363,176,137,4,3
96,0.86083984375,556,343,127,90,5,4
96,0.77734375,466,294,97,70,7,6
96,0.79296875,983,258,53,39,8,7
96,0.57568359375,826,230,45,35,9,1
96,0.5869140625,517,256,66,58,10,8
96,0.60009765625,460,238,59,39,34,5
97,0.92626953125,838,531,260,190,1,0
97,0.90966796875,1221,500,245,178,3,2
97,0.80322265625,853,364,178,138,4,3
97,0.87255859375,558,344,127,90,5,4
97,0.77978515625,469,295,99,70,7,6
97,0.72509765625,982,257,53,39,8,7
97,0.62451171875,825,230,45,35,9,1
97,0.6298828125,518,256,66,58,10,8
97,0.640625,460,238,58,40,34,5
98,0.9248046875,845,535,263,191,1,0
98,0.90673828125,1233,503,248,180,3,2
98,0.85693359375,858,366,179,139,4,3
98,0.86083984375,560,346,128,91,5,4
98,0.810546875,470,295,99,71,7,6
98,0.73095703125,980,256,53,40,8,7
98,0.59814453125,823,230,46,35,9,1
98,0.5830078125,520,256,65,59,10,8
98,0.66015625,461,238,58,40,34,5
99,0.92626953125,853,539,267,194,1,0
99,0.88427734375,1245,508,251,182,3,2
99,0.796875,862,368,179,140,4,3
99,0.85888671875,562,347,129,90,5,4
99,0.7958984375,471,296,99,72,7,6
99,0.75341796875,979,257,53,39,8,7
99,0.57763671875,822,230,47,35,9,1
99,0.5927734375,521,257,67,59,10,8
99,0.6513671875,461,238,57,41,34,5
99,0.51171875,349,226,55,39,38,9
100,0.92578125,860,543,271,196,1,0
100,0.56005859375,665,196,65,54,2,10
100,0.88720703125,1257,512,254,185,3,2
100,0.86328125,866,369,180,142,4,3
100,0.84912109375,564,348,130,91,5,4
100,0.7890625,473,296,100,71,7,6
100,0.7578125,976,256,53,40,8,7
100,0.62255859375,821,229,45,35,9,1
100,0.67724609375,522,257,67,59,10,8
100,0.67041015625,462,238,56,42,34,5
100,0.56787109375,349,226,55,39,38,9
101,0.92529296875,867,547,274,199,1,0
101,0.5390625,665,196,64,54,2,10
101,0.90185546875,1268,516,258,187,3,2
101,0.85400390625,872,370,182,141,4,3
101,0.8681640625,566,349,131,92,5,4
101,0.7841796875,475,296,102,72,7,6
101,0.79296875,975,255,51,40,8,7
101,0.529296875,820,229,47,35,9,1
101,0.66357421875,522,257,68,59,10,8
101,0.63330078125,462,238,55,42,34,5
101,0.56591796875,350,227,56,39,38,9
102,0.93017578125,874,552,277,200,1,0
102,0.90478515625,1281,521,261,190,3,2
102,0.78515625,878,372,185,142,4,3
102,0.873046875,569,350,134,91,5,4
102,0.7880859375,477,297,104,71,7,6
102,0.79296875,973,255,53,40,8,7
102,0.537109375,819,229,47,35,9,1
102,0.6875,524,258,68,59,10,8
102,0.61865234375,462,239,56,42,34,5
102,0.513671875,350,227,55,39,38,9
103,0.92578125,882,557,280,204,1,0
103,0.91796875,1294,525,266,191,3,2
103,0.8154296875,883,374,188,144,4,3
103,0.875,571,351,133,92,5,4
103,0.79931640625,479,298,104,72,7,6
103,0.796875,973,255,51,40,8,7
103,0.6513671875,818,229,46,35,9,1
103,0.71240234375,525,259,69,59,10,8
103,0.60009765625,464,239,58,41,34,5
103,0.54296875,350,227,55,39,38,9
104,0.92822265625,890,562,284,205,1,0
104,0.92236328125,1306,530,270,193,3,2
104,0.82568359375,887,375,188,145,4,3
104,0.86865234375,573,353,134,93,5,4
104,0.7919921875,479,298,103,73,7,6
104,0.77587890625,971,255,53,39,8,7
104,0.5078125,817,229,46,35,9,1
104,0.6826171875,526,259,69,60,10,8
104,0.51171875,465,240,59,41,34,5
104,0.58154296875,351,228,54,39,38,9
105,0.92919921875,899,567,289,207,1,0
105,0.544921875,664,196,62,55,2,10
105,0.9130859375,1320,534,274,196,3,2
105,0.8115234375,893,377,189,146,4,3
105,0.861328125,575,354,134,93,5,4
105,0.79931640625,480,299,103,73,7,6
105,0.7890625,969,255,52,40,8,7
105,0.71875,527,260,70,61,10,8
105,0.54296875,466,239,58,42,34,5
105,0.53515625,352,228,55,38,38,9
106,0.9345703125,907,571,293,210,1,0
106,0.525390625,663,195,61,55,2,10
106,0.91748046875,1333,539,277,199,3,2
106,0.7841796875,899,379,191,148,4,3
106,0.86083984375,578,355,136,93,5,4
106,0.81298828125,482,299,105,72,7,6
106,0.78662109375,967,254,53,39,8,7
106,0.515625,815,228,44,35,9,1
106,0.73388671875,528,260,69,61,10,8
106,0.5888671875,467,240,60,43,34,5
106,0.5546875,352,228,55,39,38,9
107,0.93310546875,915,576,296,213,1,0
107,0.908203125,1347,544,283,200,3,2
107,0.763671875,904,381,194,149,4,3
107,0.880859375,580,356,137,95,5,4
107,0.79931640625,483,301,107,73,7,6
107,0.71875,966,254,52,39,8,7
107,0.7548828125,530,260,69,60,10,8
107,0.56005859375,469,240,61,43,34,5
107,0.56005859375,353,228,56,39,38,9
108,0.93115234375,924,581,300,215,1,0
108,0.9052734375,1361,549,286,203,3,2
108,0.84716796875,910,383,195,151,4,3
108,0.88232421875,582,357,137,95,5,4
108,0.8056640625,484,302,107,72,7,6
108,0.7265625,965,254,53,39,8,7
108,0.740234375,531,260,71,61,10,8
108,0.56591796875,469,241,60,44,34,5
108,0.57177734375,354,228,55,39,38,9
109,0.92529296875,932,586,306,218,1,0
109,0.91064453125,1376,554,292,206,3,2
109,0.8154296875,914,384,195,152,4,3
109,0.8759765625,585,359,138,97,5,4
109,0.79052734375,485,302,105,72,7,6
109,0.63330078125,964,254,53,39,8,7
109,0.7216796875,532,261,70,62,10,8
109,0.544921875,470,242,60,44,34,5
109,0.53125,354,228,55,39,38,9
110,0.9248046875,942,591,311,223,1,0
110,0.55810546875,661,195,61,56,2,1
110,0.923828125,1391,560,296,209,3,2
110,0.83447265625,920,386,198,153,4,3
110,0.87646484375,587,360,138,98,5,4
110,0.7958984375,486,303,106,74,7,6
110,0.7548828125,962,254,51,38,8,7
110,0.7138671875,534,262,70,62,10,8
110,0.53515625,471,242,60,44,34,5
110,0.537109375,354,228,55,39,38,9
111,0.9228515625,951,595,313,229,1,0
111,0.521484375,660,195,61,56,2,1
111,0.923828125,1407,565,302,212,3,2
111,0.8447265625,926,388,200,154,4,3
111,0.87646484375,590,362,139,97,5,4
111,0.79443359375,488,303,106,75,7,6
111,0.69287109375,961,254,52,38,8,7
111,0.71240234375,535,262,70,62,10,8
111,0.552734375,471,242,61,44,34,5
112,0.921875,961,598,317,236,1,0
112,0.9345703125,1422,570,307,216,3,2
112,0.89306640625,932,390,201,155,4,3
112,0.8759765625,592,363,140,98,5,4
112,0.82421875,489,304,106,76,7,6
112,0.75634765625,960,253,51,38,8,7
112,0.53125,810,227,44,35,9,9
112,0.7490234375,536,262,71,63,10,8
112,0.5908203125,471,242,61,44,34,5
113,0.923828125,971,607,323,234,1,0
113,0.92578125,1438,577,312,219,3,2
113,0.8798828125,938,392,203,157,4,3
113,0.86962890625,595,364,143,98,5,4
113,0.80810546875,490,304,107,76,7,6
113,0.751953125,959,253,53,38,8,7
113,0.57763671875,809,227,44,35,9,9
113,0.73095703125,537,263,72,63,10,8
113,0.53515625,472,242,62,44,34,5
114,0.931640625,981,613,328,234,1,0
114,0.92724609375,1455,582,317,220,3,2
114,0.84814453125,944,394,206,159,4,3
114,0.8857421875,598,366,144,99,5,4
114,0.82763671875,491,305,108,77,7,6
114,0.7216796875,958,253,51,38,8,7
114,0.521484375,808,227,44,35,9,9
114,0.74462890625,538,263,73,63,10,8
114,0.60205078125,473,242,62,43,34,5
115,0.93798828125,991,620,334,237,1,0
115,0.9208984375,1471,588,323,225,3,2
115,0.85498046875,950,396,209,160,4,3
115,0.88330078125,601,367,145,99,5,4
115,0.830078125,493,306,108,77,7,6
115,0.732421875,956,253,53,38,8,7
115,0.546875,807,227,44,34,9,9
115,0.74609375,539,264,74,64,10,8
115,0.53125,474,243,60,42,34,5
116,0.93212890625,1002,626,340,240,1,0
116,0.509765625,658,195,57,55,2,1
116,0.9130859375,1489,594,331,228,3,2
116,0.8759765625,957,399,210,161,4,3
116,0.888671875,603,369,146,99,5,4
116,0.83447265625,494,306,110,77,7,6
116,0.64599609375,954,253,52,38,8,7
116,0.5869140625,806,227,44,34,9,9
116,0.7744140625,541,264,74,63,10,8
116,0.60400390625,476,244,60,42,34,5
117,0.92919921875,1014,633,347,243,1,0
117,0.92822265625,1507,601,336,232,3,2
117,0.8671875,963,401,212,162,4,3
117,0.88818359375,605,370,145,100,5,4
117,0.83740234375,496,307,109,77,7,6
117,0.72509765625,953,253,51,38,8,7
117,0.521484375,805,227,44,34,9,9
117,0.75927734375,542,265,74,64,10,8
117,0.60400390625,478,245,61,43,34,5
118,0.92919921875,1024,639,350,247,1,0
118,0.9248046875,1525,608,342,236,3,2
118,0.8798828125,970,403,213,165,4,3
118,0.8916015625,607,371,145,101,5,4
118,0.83203125,497,309,110,78,7,6
118,0.51953125,952,252,51,38,8,7
118,0.552734375,804,227,44,35,9,9
118,0.74755859375,543,265,75,65,10,8
118,0.640625,478,245,61,43,34,5
118,0.51171875,357,229,56,41,38,1
119,0.931640625,1036,647,356,249,1,0
119,0.923828125,1545,614,351,239,3,2
119,0.884765625,976,405,215,166,4,3
119,0.8896484375,609,373,146,101,5,4
119,0.82763671875,499,310,110,78,7,6
119,0.73095703125,950,252,50,37,8,7
119,0.5869140625,803,226,44,35,9,9
119,0.72021484375,544,266,75,66,10,8
119,0.68408203125,479,245,61,43,34,5
119,0.521484375,357,229,56,42,38,1
120,0.9365234375,1049,652,363,252,1,0
120,0.505859375,657,195,58,53,2,10
120,0.93310546875,1565,621,358,242,3,2
120,0.89111328125,982,407,219,167,4,3
120,0.89501953125,613,374,146,102,5,4
120,0.85107421875,500,310,110,79,7,6
120,0.6494140625,949,252,50,37,8,7
120,0.69921875,546,266,75,65,10,8
120,0.64599609375,481,246,61,44,34,5
121,0.93603515625,1060,659,368,256,1,0
121,0.513671875,655,195,59,53,2,10
121,0.93310546875,1584,627,365,247,3,2
121,0.88232421875,989,410,221,169,4,3
121,0.90283203125,615,376,146,103,5,4
121,0.841796875,502,311,111,81,7,6
121,0.74169921875,948,252,51,37,8,7
121,0.517578125,801,226,45,34,9,1
121,0.7548828125,548,266,75,65,10,8
121,0.62255859375,481,246,62,43,34,5
122,0.93310546875,1072,666,374,259,1,0
122,0.92822265625,1605,635,371,253,3,2
122,0.888671875,996,411,223,171,4,3
122,0.89501953125,618,377,147,103,5,4
122,0.8388671875,504,311,111,82,7,6
122,0.70751953125,947,252,51,37,8,7
122,0.515625,800,226,45,34,9,1
122,0.7265625,549,267,75,66,10,8
122,0.6279296875,482,246,63,44,34,5
123,0.9375,1085,674,380,265,1,0
123,0.93115234375,1627,642,381,257,3,2
123,0.89892578125,1003,413,225,172,4,3
123,0.9052734375,620,378,147,104,5,4
123,0.85400390625,506,312,113,82,7,6
123,0.75634765625,945,251,51,37,8,7
123,0.76220703125,550,268,76,67,10,8
123,0.64794921875,483,246,62,44,34,5
124,0.93896484375,1099,681,386,269,1,0
124,0.9248046875,1648,650,391,262,3,2
124,0.89013671875,1010,416,227,174,4,3
124,0.900390625,623,380,148,105,5,4
124,0.85693359375,508,314,114,83,7,6
124,0.77978515625,944,251,50,38,8,7
124,0.7548828125,552,268,77,67,10,8
124,0.638671875,484,247,62,44,34,5
124,0.546875,361,232,57,42,38,1
125,0.93896484375,1112,689,392,272,1,0
125,0.93212890625,1673,658,399,265,3,2
125,0.85986328125,1017,418,228,176,4,3
125,0.908203125,625,381,150,107,5,4
125,0.56201171875,738,220,36,28,6,9
125,0.86083984375,508,315,114,82,7,6
125,0.76220703125,943,251,50,38,8,7
125,0.537109375,797,226,45,35,9,10
125,0.72802734375,553,268,78,67,10,8
125,0.662109375,486,246,64,45,34,5
125,0.58154296875,361,232,57,42,38,1
126,0.93505859375,1127,697,400,277,1,0
126,0.93310546875,1695,667,407,270,3,2
126,0.85693359375,1025,421,230,177,4,3
126,0.90869140625,629,383,150,107,5,4
126,0.517578125,737,220,37,28,6,9
126,0.85888671875,510,315,114,82,7,6
126,0.763671875,942,250,50,37,8,7
126,0.56591796875,797,226,45,35,9,10
126,0.70068359375,554,268,78,67,10,8
126,0.64404296875,487,247,64,46,34,5
126,0.5908203125,361,232,57,42,38,1
127,0.93115234375,1142,705,409,282,1,0
127,0.94091796875,1715,676,409,274,3,2
127,0.888671875,1031,424,233,177,4,3
127,0.89990234375,632,385,152,108,5,4
127,0.85595703125,510,316,114,83,7,6
127,0.71044921875,940,250,51,38,8,7
127,0.556640625,795,225,44,34,9,10
127,0.7041015625,555,269,78,68,10,8
127,0.67578125,488,247,64,46,34,5
128,0.93505859375,1157,714,417,287,1,0
128,0.93798828125,1725,684,389,277,3,2
128,0.8916015625,1040,427,236,179,4,3
128,0.89306640625,635,386,155,109,5,4
128,0.845703125,512,317,115,83,7,6
128,0.5947265625,940,250,51,38,8,7
128,0.5078125,794,225,44,34,9,10
128,0.68408203125,557,269,79,68,10,8
128,0.615234375,489,248,63,45,34,5
129,0.93701171875,1172,723,425,292,1,0
129,0.92822265625,1735,692,368,278,3,2
129,0.89111328125,1047,429,239,181,4,3
129,0.8955078125,638,388,156,109,5,4
129,0.85107421875,515,319,116,84,7,6
129,0.52734375,794,225,44,35,9,10
129,0.6318359375,559,270,78,68,10,8
129,0.6513671875,490,248,65,45,34,5
130,0.93505859375,1188,731,433,296,1,0
130,0.923828125,1747,700,345,283,3,2
130,0.89013671875,1055,431,242,183,4,3
130,0.89892578125,641,389,157,110,5,4
130,0.85107421875,516,320,117,85,7,6
130,0.5,937,250,51,37,8,1
130,0.74462890625,560,271,79,69,10,8
130,0.67724609375,491,248,65,45,34,5
130,0.50390625,364,233,58,43,38,7
131,0.93505859375,1205,742,442,304,1,0
131,0.92919921875,1758,710,323,287,3,2
131,0.9013671875,1063,434,244,185,4,3
131,0.908203125,644,391,158,110,5,4
131,0.85595703125,518,320,117,85,7,6
131,0.57177734375,936,250,50,37,8,1
131,0.6513671875,561,272,80,70,10,8
131,0.6806640625,491,249,65,46,34,5
131,0.5234375,365,233,59,43,38,7
132,0.931640625,1221,751,450,309,1,0
132,0.93212890625,1769,719,300,293,3,2
132,0.89892578125,1071,437,247,186,4,3
132,0.90478515625,648,393,159,111,5,4
132,0.85595703125,520,321,119,86,7,6
132,0.67919921875,934,249,50,37,8,1
132,0.54296875,791,225,44,35,9,9
132,0.7841796875,562,273,81,69,10,8
132,0.7041015625,492,249,65,46,34,5
132,0.57177734375,365,234,59,44,38,7
133,0.935546875,1239,760,460,314,1,0
133,0.91845703125,1781,730,276,297,3,2
133,0.91259765625,1079,440,249,188,4,3
133,0.900390625,651,394,160,112,5,4
133,0.85400390625,521,322,118,87,7,6
133,0.6669921875,933,249,50,37,8,1
133,0.7490234375,564,273,82,69,10,8
133,0.6875,493,250,66,46,34,5
134,0.94189453125,1257,771,469,320,1,0
134,0.92626953125,1795,741,249,303,3,2
134,0.892578125,1088,443,251,190,4,3
134,0.900390625,653,396,160,112,5,4
134,0.85400390625,523,323,119,86,7,6
134,0.75341796875,932,249,49,36,8,1
134,0.69287109375,567,274,81,70,10,8
134,0.6943359375,494,250,67,47,34,5
134,0.5078125,365,235,59,43,38,7
135,0.9326171875,1276,782,482,328,1,0
135,0.92431640625,1808,752,223,310,3,2
135,0.89111328125,1097,446,254,191,4,3
135,0.9033203125,656,398,161,114,5,4
135,0.85791015625,524,324,121,87,7,6
135,0.76220703125,932,249,49,36,8,1
135,0.56396484375,789,224,44,35,9,9
135,0.72314453125,568,274,82,70,10,8
135,0.517578125,447,226,59,46,17,10
135,0.7265625,495,250,68,47,34,5
135,0.5390625,366,235,59,43,38,7
136,0.93310546875,1295,793,492,334,1,0
136,0.9208984375,1820,763,199,319,3,2
136,0.9111328125,1106,449,257,194,4,3
136,0.89697265625,659,400,163,114,5,4
136,0.85791015625,526,325,122,88,7,6
136,0.75048828125,930,248,48,37,8,1
136,0.525390625,788,224,42,35,9,9
136,0.71533203125,569,275,83,70,10,8
136,0.55078125,447,227,59,46,17,10
136,0.73583984375,495,251,66,47,34,5
136,0.57177734375,366,235,59,42,38,7
137,0.93359375,1316,804,503,341,1,0
137,0.521484375,647,193,59,52,2,11
137,0.89990234375,1834,768,170,310,3,2
137,0.90869140625,1115,452,260,196,4,3
137,0.8984375,662,402,165,116,5,4
137,0.8642578125,529,326,121,89,7,6
137,0.7744140625,928,248,48,37,8,1
137,0.52734375,787,224,42,35,9,9
137,0.7607421875,570,275,84,70,10,8
137,0.546875,448,227,58,46,17,10
137,0.73388671875,497,251,65,46,34,5
137,0.5888671875,367,236,60,42,38,7
138,0.9365234375,1337,815,513,348,1,0
138,0.875,1849,764,140,279,3,2
138,0.90869140625,1124,455,264,198,4,3
138,0.89111328125,666,404,168,117,5,4
138,0.8642578125,531,327,122,89,7,6
138,0.767578125,928,248,47,37,8,1
138,0.513671875,786,224,42,35,9,9
138,0.7548828125,571,276,85,71,10,8
138,0.60400390625,450,227,60,47,17,10
138,0.7431640625,498,252,65,45,34,5
138,0.63330078125,368,236,61,42,38,7
139,0.9375,1358,827,528,354,1,0
139,0.513671875,647,192,58,52,2,11
139,0.8427734375,1864,768,111,266,3,2
139,0.9189453125,1133,458,267,200,4,3
139,0.9033203125,670,405,170,117,5,4
139,0.85595703125,533,328,123,90,7,6
139,0.7841796875,927,248,47,37,8,1
139,0.5234375,785,224,43,34,9,9
139,0.6669921875,573,276,86,70,10,8
139,0.57958984375,450,227,59,46,17,10
139,0.75341796875,500,252,66,46,34,5
139,0.5849609375,368,236,61,42,38,7
140,0.9375,1381,839,541,362,1,0
140,0.63330078125,646,192,57,52,2,11
140,0.78125,1880,782,79,261,3,2
140,0.9189453125,1143,461,269,202,4,3
140,0.90869140625,674,408,171,118,5,4
140,0.5078125,727,219,36,27,6,12
140,0.85498046875,534,329,124,91,7,6
140,0.73388671875,925,247,49,38,8,1
140,0.515625,785,224,43,34,9,9
140,0.68603515625,574,276,87,70,10,8
140,0.60595703125,450,227,59,47,17,10
140,0.7646484375,501,252,66,46,34,5
140,0.57568359375,368,236,61,42,38,7
141,0.93603515625,1404,852,554,369,1,0
141,0.67236328125,646,193,57,52,2,11
141,0.611328125,1895,806,43,235,3,2
141,0.91650390625,1152,465,274,205,4,3
141,0.9091796875,678,409,171,119,5,4
141,0.86083984375,537,330,124,92,7,6
141,0.708984375,924,247,48,38,8,1
141,0.517578125,784,224,42,35,9,9
141,0.67919921875,576,277,87,71,10,8
141,0.57568359375,451,228,61,47,17,10
141,0.767578125,501,253,66,46,34,5
141,0.529296875,369,236,61,43,38,7
142,0.9365234375,1428,866,569,377,1,0
142,0.70068359375,646,193,57,53,2,11
142,0.8974609375,1162,468,277,205,4,3
142,0.9091796875,680,411,171,120,5,4
142,0.861328125,538,331,125,92,7,6
142,0.7431640625,922,247,49,37,8,1
142,0.54296875,784,224,42,34,9,9
142,0.7041015625,578,278,87,72,10,8
142,0.609375,452,228,61,47,17,10
142,0.78125,501,253,67,47,34,5
142,0.5869140625,370,237,61,43,38,7
143,0.943359375,1455,878,585,381,1,0
143,0.67724609375,645,193,57,53,2,11
143,0.892578125,1172,471,281,209,4,3
143,0.90478515625,684,413,172,121,5,4
143,0.8671875,541,332,127,93,7,6
143,0.69580078125,921,247,49,37,8,1
143,0.74169921875,579,279,89,73,10,8
143,0.607421875,454,228,61,47,17,10
143,0.77734375,503,253,67,47,34,5
143,0.61328125,370,236,60,43,38,7
144,0.9375,1480,886,599,377,1,0
144,0.6689453125,644,193,57,53,2,11
144,0.90185546875,1183,474,285,211,4,3
144,0.9091796875,687,415,174,122,5,4
144,0.875,542,333,128,94,7,6
144,0.7041015625,920,246,49,36,8,1
144,0.7490234375,581,279,89,74,10,8
144,0.6318359375,455,229,62,48,17,10
144,0.78515625,504,253,67,48,34,5
144,0.67578125,371,236,61,44,38,7
145,0.94091796875,1506,893,617,369,1,0
145,0.6806640625,644,192,56,53,2,11
145,0.865234375,1193,479,288,213,4,3
145,0.91064453125,690,417,175,123,5,4
145,0.87841796875,545,334,129,94,7,6
145,0.71044921875,919,246,49,36,8,1
145,0.72509765625,583,280,89,73,10,8
145,0.61669921875,455,229,63,49,17,10
145,0.78515625,505,254,68,48,34,5
145,0.7041015625,371,237,61,45,38,7
146,0.94189453125,1535,899,635,358,1,0
146,0.6279296875,644,192,56,53,2,11
146,0.89501953125,1203,482,293,215,4,3
146,0.9130859375,694,420,176,124,5,4
146,0.8818359375,546,335,130,94,7,6
146,0.611328125,917,246,48,37,8,1
146,0.5869140625,584,280,89,73,10,8
146,0.66015625,456,229,64,49,17,10
146,0.767578125,507,254,69,49,34,5
146,0.71533203125,371,237,61,45,38,7
147,0.93798828125,1564,904,655,346,1,0
147,0.607421875,643,192,56,53,2,11
147,0.87890625,1215,485,296,217,4,3
147,0.9130859375,698,422,177,125,5,4
147,0.884765625,549,337,131,94,7,6
147,0.72802734375,916,245,48,36,8,1
147,0.67236328125,585,281,91,73,10,8
147,0.67578125,457,230,63,50,17,10
147,0.7880859375,507,254,68,50,34,5
147,0.73388671875,372,237,61,45,38,7
148,0.94482421875,1588,909,660,332,1,0
148,0.64599609375,643,192,56,53,2,11
148,0.86328125,1226,489,301,219,4,3
148,0.91162109375,702,424,178,126,5,4
148,0.8798828125,551,338,131,96,7,6
148,0.70068359375,915,245,47,36,8,1
148,0.73095703125,587,281,91,73,10,8
148,0.640625,457,230,61,50,17,10
148,0.7880859375,509,254,68,49,34,5
148,0.74755859375,373,237,62,44,38,7
149,0.9384765625,1600,915,639,319,1,0
149,0.6318359375,643,192,56,53,2,11
149,0.87646484375,1237,493,305,223,4,3
149,0.9052734375,706,426,180,127,5,4
149,0.88623046875,552,339,132,96,7,6
149,0.767578125,914,244,47,37,8,1
149,0.76220703125,589,281,91,72,10,8
149,0.6826171875,458,230,62,50,17,10
149,0.79443359375,510,255,68,49,34,5
149,0.75634765625,374,238,62,44,38,7
150,0.9375,1611,921,616,305,1,0
150,0.59814453125,642,192,56,53,2,11
150,0.89501953125,1248,497,309,226,4,3
150,0.90478515625,710,428,182,127,5,4
150,0.89111328125,554,340,131,97,7,6
150,0.81884765625,913,244,45,36,8,1
150,0.7431640625,591,281,91,73,10,8
150,0.7041015625,459,230,62,50,17,10
150,0.8017578125,511,255,66,49,34,5
150,0.78662109375,375,238,62,44,38,7
151,0.939453125,1623,927,593,290,1,0
151,0.615234375,642,192,55,53,2,11
151,0.90576171875,1261,501,314,229,4,3
151,0.9033203125,715,430,185,128,5,4
151,0.89013671875,556,342,133,98,7,6
151,0.64794921875,912,244,47,38,8,1
151,0.64794921875,594,282,92,73,10,8
151,0.68603515625,459,230,61,50,17,10
151,0.79052734375,512,256,67,49,34,5
151,0.74609375,375,238,63,45,38,7
152,0.94189453125,1634,934,571,276,1,0
152,0.544921875,641,192,56,53,2,11
152,0.89990234375,1273,505,318,231,4,3
152,0.91650390625,718,433,185,130,5,4
152,0.8916015625,559,343,133,99,7,6
152,0.60009765625,911,244,47,38,8,1
152,0.69775390625,596,282,91,73,10,8
152,0.66357421875,460,231,61,50,17,10
152,0.7919921875,514,256,68,50,34,5
152,0.73095703125,375,239,63,45,38,7
152,0.53125,417,221,38,30,74,2
153,0.93408203125,1647,942,545,261,1,0
153,0.9140625,1286,510,323,234,4,3
153,0.9150390625,722,435,186,131,5,4
153,0.88818359375,560,343,133,99,7,6
153,0.75634765625,597,283,92,74,10,8
153,0.7041015625,461,231,61,50,17,10
153,0.7919921875,515,256,69,50,34,5
153,0.7265625,375,239,63,45,38,7
153,0.5390625,417,221,36,29,74,2
154,0.9375,1660,950,519,246,1,0
154,0.89111328125,1299,514,328,237,4,3
154,0.90576171875,726,437,188,133,5,4
154,0.888671875,563,345,134,99,7,6
154,0.77978515625,599,283,93,74,10,8
154,0.66015625,461,231,59,50,17,10
154,0.80810546875,516,257,70,50,34,5
154,0.7734375,376,239,62,45,38,7
155,0.92919921875,1673,958,492,230,1,0
155,0.5078125,640,191,56,52,2,1
155,0.89892578125,1312,519,333,240,4,3
155,0.90673828125,731,440,189,133,5,4
155,0.89306640625,566,346,136,100,7,6
155,0.50390625,908,243,47,37,8,2
155,0.7490234375,601,284,93,75,10,8
155,0.63525390625,461,231,58,50,17,10
155,0.80078125,516,257,70,50,34,5
155,0.76220703125,377,239,62,45,38,7
156,0.9150390625,1688,967,463,213,1,0
156,0.908203125,1325,523,338,243,4,3
156,0.90869140625,736,442,191,136,5,4
156,0.892578125,568,347,137,100,7,6
156,0.5830078125,907,243,46,37,8,2
156,0.80322265625,603,284,94,76,10,8
156,0.70263671875,462,231,59,50,17,10
156,0.80419921875,518,257,71,51,34,5
156,0.767578125,377,240,62,46,38,7
157,0.9150390625,1703,976,432,197,1,0
157,0.521484375,638,190,56,51,2,1
157,0.91162109375,1339,528,344,246,4,3
157,0.90380859375,740,444,193,137,5,4
157,0.8916015625,569,348,138,100,7,6
157,0.556640625,905,243,47,37,8,2
157,0.76611328125,605,285,94,76,10,8
157,0.689453125,463,231,60,51,17,10
157,0.80322265625,519,258,71,50,34,5
157,0.77197265625,378,240,63,46,38,7
158,0.89501953125,1719,985,401,178,1,0
158,0.87158203125,1353,532,348,250,4,3
158,0.8974609375,744,447,195,138,5,4
158,0.88818359375,572,349,138,102,7,6
158,0.52734375,904,243,46,37,8,2
158,0.76904296875,606,286,94,77,10,8
158,0.689453125,464,232,61,51,17,10
158,0.81298828125,520,258,72,49,34,5
158,0.7578125,378,240,63,46,38,7
159,0.89013671875,1737,996,365,158,1,0
159,0.89404296875,1367,537,354,253,4,3
159,0.90283203125,749,449,198,139,5,4
159,0.89013671875,574,350,138,103,7,6
159,0.63330078125,903,243,48,37,8,2
159,0.51171875,768,222,42,34,9,1
159,0.7841796875,608,286,94,78,10,8
159,0.7041015625,465,232,62,52,17,10
159,0.8310546875,521,259,71,51,34,5
159,0.76611328125,378,240,64,47,38,7
160,0.896484375,1755,1007,328,139,1,0
160,0.8916015625,1382,543,359,256,4,3
160,0.91259765625,754,452,201,139,5,4
160,0.8916015625,576,352,140,103,7,6
160,0.60009765625,901,242,50,37,8,2
160,0.54296875,768,221,42,33,9,1
160,0.74462890625,611,287,94,78,10,8
160,0.7041015625,466,232,62,52,17,10
160,0.83203125,522,260,71,51,34,5
160,0.77734375,379,241,64,46,38,7
161,0.87158203125,1776,1018,286,117,1,0
161,0.515625,635,190,56,51,2,9
161,0.875,1397,548,367,259,4,3
161,0.90185546875,759,456,203,139,5,4
161,0.89013671875,578,353,141,105,7,6
161,0.615234375,900,242,48,36,8,2
161,0.763671875,612,287,95,77,10,8
161,0.66357421875,466,232,62,53,17,10
161,0.83203125,523,260,72,51,34,5
161,0.7919921875,380,241,64,46,38,7
162,0.7265625,1798,1031,241,94,1,0
162,0.53515625,635,190,56,51,2,9
162,0.888671875,1412,553,372,262,4,3
162,0.8984375,766,458,207,141,5,4
162,0.892578125,581,354,142,106,7,6
162,0.7373046875,898,242,48,35,8,2
162,0.505859375,766,221,41,33,9,1
162,0.78125,615,288,95,77,10,8
162,0.71240234375,467,232,63,53,17,10
162,0.8427734375,525,260,71,51,34,5
162,0.7919921875,381,242,64,46,38,7
163,0.533203125,635,190,56,51,2,9
163,0.8623046875,1428,559,379,266,4,3
163,0.9033203125,771,461,209,144,5,4
163,0.88427734375,583,356,144,107,7,6
163,0.67578125,898,242,46,35,8,2
163,0.607421875,766,221,40,33,9,1
163,0.7880859375,617,289,96,76,10,8
163,0.708984375,468,232,65,53,17,10
163,0.8388671875,526,261,73,51,34,5
163,0.7734375,381,242,65,47,38,7
164,0.87255859375,1445,565,387,269,4,3
164,0.9111328125,775,464,210,145,5,4
164,0.8857421875,586,357,145,107,7,6
164,0.62060546875,896,242,47,35,8,2
164,0.71875,619,290,96,78,10,8
164,0.85009765625,528,261,72,52,34,5
164,0.7705078125,381,242,65,47,38,7
164,0.517578125,335,220,48,42,72,0
165,0.8896484375,1462,570,394,273,4,3
165,0.90966796875,779,467,211,145,5,4
165,0.88330078125,589,359,145,108,7,6
165,0.6806640625,895,242,49,35,8,2
165,0.6494140625,621,292,97,80,10,8
165,0.60595703125,470,233,66,55,17,1
165,0.84716796875,529,262,73,52,34,5
165,0.76611328125,382,243,65,47,38,7
165,0.509765625,336,220,48,42,72,0
166,0.9013671875,1479,576,401,278,4,3
166,0.9189453125,784,470,213,146,5,4
166,0.87744140625,591,360,146,108,7,6
166,0.662109375,894,242,48,35,8,2
166,0.513671875,763,221,40,32,9,9
166,0.74462890625,623,292,97,80,10,8
166,0.67041015625,471,234,66,54,17,1
166,0.83642578125,530,263,73,51,34,5
166,0.8056640625,384,244,65,46,38,7
166,0.501953125,336,220,48,42,72,0
167,0.89404296875,1496,582,409,282,4,3
167,0.9072265625,790,473,215,149,5,4
167,0.87646484375,594,362,148,109,7,6
167,0.64404296875,892,242,48,35,8,2
167,0.6298828125,762,220,39,32,9,9
167,0.751953125,625,293,98,80,10,8
167,0.673828125,472,234,65,53,17,1
167,0.84375,531,264,72,51,34,5
167,0.80810546875,384,244,65,46,38,7
167,0.501953125,337,220,48,42,72,0
168,0.87841796875,1515,588,418,286,4,3
168,0.9365234375,795,476,217,151,5,4
168,0.884765625,597,364,150,109,7,6
168,0.609375,891,241,48,35,8,2
168,0.77587890625,627,293,100,80,10,8
168,0.64794921875,474,235,66,52,17,1
168,0.822265625,532,264,73,52,34,5
168,0.79296875,385,245,64,47,38,7
168,0.5078125,1898,412,40,79,97,10
169,0.9033203125,1534,595,427,291,4,3
169,0.9140625,800,479,219,151,5,4
169,0.88720703125,600,365,151,110,7,6
169,0.7548828125,628,294,100,80,10,8
169,0.64794921875,475,235,66,52,17,1
169,0.82080078125,533,264,73,52,34,5
169,0.7958984375,385,245,65,47,38,7
169,0.533203125,1894,408,50,87,97,10
170,0.8984375,1553,602,438,297,4,3
170,0.90869140625,806,482,221,153,5,4
170,0.89306640625,601,367,150,111,7,6
170,0.64794921875,889,241,47,35,8,0
170,0.6279296875,760,220,40,32,9,2
170,0.7373046875,631,294,101,81,10,8
170,0.67041015625,475,236,66,53,17,1
170,0.81982421875,535,265,74,53,34,5
170,0.80419921875,385,245,65,47,38,7
170,0.73583984375,1889,405,60,92,97,10
171,0.8955078125,1572,610,446,302,4,3
171,0.9140625,811,486,223,155,5,4
171,0.8974609375,604,368,151,111,7,6
171,0.5830078125,759,220,40,32,9,2
171,0.7919921875,633,295,102,81,10,8
171,0.61865234375,475,236,67,53,17,1
171,0.80419921875,536,265,75,53,34,5
171,0.806640625,386,246,65,47,38,7
172,0.89697265625,1593,616,455,305,4,3
172,0.9208984375,817,489,225,157,5,4
172,0.892578125,606,369,152,112,7,6
172,0.56005859375,758,220,39,31,9,2
172,0.79931640625,636,296,103,81,10,8
172,0.58154296875,476,237,66,54,17,1
172,0.83349609375,538,266,75,52,34,5
172,0.8154296875,386,246,65,47,38,7
172,0.65478515625,1878,403,81,96,97,0
173,0.9130859375,1614,623,464,310,4,3
173,0.91845703125,823,492,228,158,5,4
173,0.9052734375,608,371,154,111,7,6
173,0.611328125,757,220,40,31,9,2
173,0.80419921875,637,296,102,81,10,8
173,0.841796875,539,267,75,52,34,5
173,0.78662109375,387,246,64,47,38,7
173,0.513671875,1873,403,91,100,97,0
174,0.91845703125,1636,631,476,314,4,3
174,0.916015625,830,496,230,161,5,4
174,0.89990234375,611,372,154,112,7,6
174,0.767578125,640,298,103,83,10,8
174,0.83544921875,540,268,75,52,34,5
174,0.78662109375,388,246,65,48,38,7
174,0.552734375,1868,402,100,100,97,0
175,0.9208984375,1660,638,487,321,4,3
175,0.9208984375,836,499,234,161,5,4
175,0.89697265625,614,374,155,114,7,6
175,0.68408203125,643,299,104,83,10,8
175,0.82421875,542,268,75,52,34,5
175,0.796875,389,247,67,47,38,7
175,0.70068359375,1863,400,109,101,97,0
176,0.90869140625,1676,647,487,327,4,3
176,0.91943359375,842,502,236,163,5,4
176,0.89306640625,617,376,158,114,7,6
176,0.56982421875,883,240,45,37,8,1
176,0.64599609375,645,299,104,84,10,8
176,0.8173828125,543,269,76,52,34,5
176,0.77734375,389,247,69,47,38,7
176,0.70263671875,1859,398,119,104,97,0
177,0.90283203125,1685,654,468,331,4,3
177,0.91845703125,848,506,239,164,5,4
177,0.89501953125,621,377,159,116,7,6
177,0.6259765625,647,300,105,85,10,8
177,0.8056640625,545,269,75,53,34,5
177,0.7919921875,389,247,68,48,38,7
177,0.529296875,1854,397,128,103,97,0
178,0.91748046875,1694,661,450,335,4,3
178,0.91650390625,854,509,242,166,5,4
178,0.90185546875,624,379,159,117,7,6
178,0.509765625,881,239,46,36,8,1
178,0.6259765625,650,301,105,85,10,8
178,0.82666015625,547,269,77,55,34,5
178,0.80810546875,391,247,68,47,38,7
179,0.91845703125,1704,667,430,335,4,3
179,0.92041015625,860,513,243,167,5,4
179,0.9033203125,626,381,160,117,7,6
179,0.68603515625,880,239,46,36,8,1
179,0.796875,651,302,105,85,10,8
179,0.83203125,548,270,77,55,34,5
179,0.79052734375,392,248,67,47,38,7
179,0.552734375,1845,395,147,103,97,0
180,0.56787109375,627,189,53,50,2,2
180,0.91357421875,1714,675,410,340,4,3
180,0.9150390625,867,517,247,169,5,4
180,0.89892578125,629,382,161,119,7,6
180,0.6875,879,239,45,35,8,1
180,0.75927734375,654,302,105,86,10,8
180,0.82421875,549,271,78,56,34,5
180,0.78515625,392,248,67,48,38,7
180,0.83349609375,1841,396,155,102,97,0
181,0.91796875,1724,684,390,345,4,3
181,0.91259765625,874,521,250,171,5,4
181,0.89111328125,632,384,163,120,7,6
181,0.74609375,878,239,45,35,8,1
181,0.74609375,656,303,106,86,10,8
181,0.61328125,484,240,67,56,17,9
181,0.82666015625,551,271,79,55,34,5
181,0.7734375,393,248,68,49,38,7
181,0.81982421875,1836,395,164,101,97,0
182,0.91650390625,1735,693,368,353,4,3
182,0.91357421875,881,525,254,173,5,4
182,0.888671875,635,385,164,121,7,6
182,0.71240234375,876,239,44,35,8,1
182,0.7216796875,658,303,107,86,10,8
182,0.62060546875,486,240,68,56,17,9
182,0.822265625,553,271,78,55,34,5
182,0.76220703125,393,249,69,49,38,7
182,0.78125,1832,395,173,102,97,0
183,0.93603515625,1746,703,347,358,4,3
183,0.92236328125,888,529,256,176,5,4
183,0.89111328125,638,387,166,121,7,6
183,0.556640625,875,239,44,35,8,1
183,0.55078125,661,305,108,86,10,8
183,0.60595703125,487,240,68,56,17,9
183,0.806640625,554,272,78,55,34,5
183,0.7490234375,394,249,70,50,38,7
183,0.880859375,1826,394,180,101,97,0
184,0.93603515625,1757,714,325,364,4,3
184,0.92626953125,895,533,258,178,5,4
184,0.8974609375,640,388,167,122,7,6
184,0.763671875,663,306,108,87,10,8
184,0.67724609375,487,241,66,56,17,9
184,0.822265625,555,272,78,56,34,5
184,0.7734375,395,249,70,49,38,7
184,0.521484375,439,230,44,35,74,2
184,0.87744140625,1819,392,183,101,97,0
185,0.9375,1768,725,302,371,4,3
185,0.921875,904,538,263,179,5,4
185,0.90576171875,644,390,169,123,7,6
185,0.80810546875,666,306,108,88,10,8
185,0.5927734375,488,241,66,57,17,9
185,0.81298828125,557,273,79,56,34,5
185,0.7744140625,395,249,69,50,38,7
185,0.85400390625,1810,390,182,101,97,0
186,0.935546875,1780,735,279,379,4,3
186,0.921875,913,542,269,182,5,4
186,0.90673828125,647,392,170,124,7,6
186,0.8056640625,668,307,109,88,10,8
186,0.80322265625,558,273,79,56,34,5
186,0.7734375,396,250,70,50,38,7
186,0.82568359375,1802,388,179,103,97,0
187,0.91259765625,1792,743,254,381,4,3
187,0.92529296875,920,546,272,184,5,4
187,0.90283203125,651,394,171,126,7,6
187,0.80810546875,671,308,109,88,10,8
187,0.63720703125,490,241,66,57,17,1
187,0.80908203125,560,274,78,57,34,5
187,0.7548828125,396,251,69,49,38,7
187,0.810546875,1793,386,178,105,97,0
188,0.90673828125,1805,734,229,347,4,3
188,0.91796875,928,550,275,187,5,4
188,0.9013671875,654,396,172,127,7,6
188,0.79052734375,674,309,110,88,10,8
188,0.548828125,492,242,68,58,17,1
188,0.80322265625,561,275,78,56,34,5
188,0.74755859375,396,251,69,49,38,7
188,0.84814453125,1784,385,177,102,97,0
189,0.86962890625,1818,734,202,328,4,3
189,0.91552734375,936,555,278,188,5,4
189,0.90185546875,658,397,174,128,7,6
189,0.8232421875,676,309,111,88,10,8
189,0.59619140625,492,242,67,57,17,1
189,0.80908203125,563,275,79,57,34,5
189,0.74462890625,397,251,69,50,38,7
189,0.8427734375,1774,383,177,103,97,0
190,0.8427734375,1832,743,175,307,4,3
190,0.9208984375,944,560,281,191,5,4
190,0.90185546875,661,400,175,129,7,6
190,0.81396484375,678,311,112,90,10,8
190,0.69091796875,493,242,67,57,17,1
190,0.8115234375,564,276,79,57,34,5
190,0.74755859375,398,252,70,51,38,7
190,0.85693359375,1765,382,172,103,97,0
191,0.89892578125,1847,764,144,277,4,3
191,0.92236328125,953,565,285,194,5,4
191,0.908203125,665,402,177,129,7,6
191,0.84912109375,681,311,112,90,10,8
191,0.66552734375,493,243,69,57,17,1
191,0.810546875,566,276,80,57,34,5
191,0.7705078125,398,252,70,51,38,7
191,0.8056640625,1757,382,170,100,97,0
192,0.822265625,1863,781,112,271,4,3
192,0.92529296875,961,570,288,196,5,4
192,0.9072265625,669,403,179,129,7,6
192,0.8623046875,684,312,113,91,10,8
192,0.67041015625,495,243,70,57,17,1
192,0.80419921875,567,277,81,58,34,5
192,0.76904296875,399,252,70,50,38,7
192,0.81396484375,1748,378,170,104,97,0
193,0.5908203125,1879,793,79,270,4,3
193,0.93359375,970,574,292,199,5,4
193,0.90673828125,671,405,180,130,7,6
193,0.8427734375,687,313,114,91,10,8
193,0.64599609375,495,244,70,57,17,1
193,0.79833984375,569,277,82,59,34,5
193,0.7646484375,400,252,71,51,38,7
193,0.7958984375,1740,376,167,102,97,0
194,0.9248046875,979,580,296,202,5,4
194,0.91162109375,675,407,181,132,7,6
194,0.83544921875,689,314,116,90,10,8
194,0.67041015625,496,245,69,57,17,1
194,0.8056640625,570,278,82,58,34,5
194,0.75927734375,401,253,71,51,38,7
194,0.82421875,1731,376,164,99,97,0
195,0.92138671875,989,585,302,203,5,4
195,0.91650390625,679,409,181,133,7,6
195,0.6513671875,864,237,46,33,8,2
195,0.658203125,741,216,38,33,9,3
195,0.8447265625,692,315,116,92,10,8
195,0.6943359375,497,245,69,57,17,1
195,0.81884765625,572,278,82,58,34,5
195,0.77734375,402,253,71,52,38,7
195,0.83203125,1723,372,165,105,97,0
196,0.921875,998,590,306,205,5,4
196,0.9052734375,682,411,183,133,7,6
196,0.69580078125,863,237,45,33,8,2
196,0.60009765625,740,217,38,33,9,3
196,0.86328125,695,315,116,93,10,8
196,0.6533203125,498,245,68,56,17,1
196,0.82568359375,574,278,84,59,34,5
196,0.79052734375,402,253,71,52,38,7
196,0.83203125,1716,372,163,101,97,0
197,0.91845703125,1008,596,309,207,5,4
197,0.89990234375,686,413,184,135,7,6
197,0.69580078125,862,237,46,34,8,2
197,0.63330078125,740,216,38,34,9,3
197,0.845703125,699,316,118,93,10,8
197,0.67919921875,499,245,67,56,17,1
197,0.8291015625,575,279,84,59,34,5
197,0.79443359375,403,254,73,52,38,7
197,0.546875,350,228,57,45,72,9
197,0.82421875,1707,373,160,98,97,0
198,0.93017578125,1017,602,312,212,5,4
198,0.9013671875,690,416,186,136,7,6
198,0.662109375,861,237,45,34,8,2
198,0.65478515625,739,216,38,34,9,3
198,0.763671875,702,317,118,95,10,8
198,0.71533203125,500,245,69,57,17,1
198,0.830078125,576,280,85,59,34,5
198,0.76904296875,404,255,74,52,38,7
198,0.53515625,350,228,57,44,72,9
198,0.78515625,1699,373,159,96,97,0
199,0.93115234375,1028,607,317,214,5,4
199,0.9052734375,694,418,187,137,7,6
199,0.71533203125,860,237,44,34,8,2
199,0.732421875,738,216,37,34,9,3
199,0.75927734375,704,318,120,96,10,8
199,0.5888671875,502,245,69,58,17,1
199,0.81396484375,578,280,85,60,34,5
199,0.77734375,404,255,73,51,38,7
199,0.81640625,1692,370,161,99,97,0
200,0.931640625,1038,613,321,217,5,4
200,0.900390625,698,420,189,139,7,6
200,0.67919921875,858,237,44,34,8,2
200,0.689453125,737,216,37,34,9,3
200,0.84814453125,707,319,121,96,10,8
200,0.66357421875,503,246,69,58,17,1
200,0.82763671875,579,281,86,60,34,5
200,0.76611328125,405,256,74,52,38,7
200,0.83544921875,1684,367,158,99,97,0
201,0.93310546875,1048,619,326,220,5,4
201,0.9111328125,702,422,192,140,7,6
201,0.65673828125,857,236,44,34,8,2
201,0.70556640625,737,216,37,33,9,3
201,0.83740234375,709,320,122,96,10,8
201,0.615234375,503,246,69,59,17,1
201,0.8291015625,581,282,86,61,34,5
201,0.78662109375,406,256,74,53,38,7
201,0.85205078125,1677,366,156,99,97,0
201,0.57373046875,1902,404,31,58,121,9
202,0.92431640625,1061,625,334,222,5,4
202,0.91162109375,706,424,194,140,7,6
202,0.75634765625,856,236,42,34,8,2
202,0.70068359375,736,216,37,32,9,3
202,0.81396484375,712,321,122,95,10,8
202,0.56396484375,505,247,71,60,17,1
202,0.85205078125,583,283,88,60,34,5
202,0.78271484375,406,256,73,53,38,7
202,0.81396484375,1669,364,156,100,97,0
202,0.6689453125,1900,401,38,65,121,9
203,0.92578125,1072,631,338,225,5,4
203,0.9072265625,710,426,195,142,7,6
203,0.7138671875,856,236,44,34,8,2
203,0.69580078125,735,216,37,32,9,3
203,0.8681640625,716,322,122,96,10,8
203,0.63330078125,506,247,71,60,17,1
203,0.84375,585,283,88,60,34,5
203,0.796875,407,256,74,53,38,7
203,0.8291015625,1662,364,156,97,97,0
203,0.5947265625,1896,397,45,69,121,9
204,0.9267578125,1082,637,342,229,5,4
204,0.9052734375,714,426,197,143,7,6
204,0.76611328125,855,234,43,33,8,2
204,0.7373046875,734,214,37,32,9,3
204,0.81884765625,719,321,122,97,10,8
204,0.546875,507,245,71,60,17,1
204,0.830078125,586,282,88,62,34,5
204,0.82080078125,409,255,73,53,38,7
204,0.7216796875,1654,363,153,94,97,0
204,0.7294921875,1891,396,52,72,121,9
205,0.927734375,1093,644,347,231,5,4
205,0.90869140625,719,429,198,146,7,6
205,0.80419921875,853,234,41,32,8,2
205,0.6533203125,734,214,37,33,9,3
205,0.845703125,722,321,123,98,10,8
205,0.845703125,588,282,89,62,34,5
205,0.83349609375,410,256,73,53,38,7
205,0.521484375,355,227,59,46,72,10
205,0.84375,1646,363,149,90,97,0
205,0.63525390625,1887,395,60,73,121,9
206,0.93017578125,1106,650,354,235,5,4
206,0.9013671875,723,432,201,147,7,6
206,0.71044921875,853,234,41,33,8,2
206,0.673828125,734,214,37,33,9,3
206,0.85009765625,726,323,124,98,10,8
206,0.556640625,509,246,72,61,17,1
206,0.8388671875,590,283,90,61,34,5
206,0.80908203125,410,256,74,53,38,7
206,0.53515625,459,233,49,39,74,11
206,0.8232421875,1640,362,149,89,97,0
206,0.513671875,1884,395,69,73,121,9
207,0.9248046875,1119,657,359,239,5,4
207,0.9033203125,728,435,203,147,7,6
207,0.67578125,851,234,41,33,8,2
207,0.56201171875,732,213,37,33,9,3
207,0.8017578125,729,324,125,98,10,8
207,0.521484375,510,246,73,61,17,1
207,0.83203125,592,284,91,61,34,5
207,0.80419921875,411,255,75,53,38,7
207,0.56787109375,460,233,49,39,74,11
207,0.806640625,1632,361,149,88,97,0
207,0.67724609375,1880,394,76,74,121,9
208,0.9326171875,1131,664,364,242,5,4
208,0.90478515625,731,437,205,148,7,6
208,0.67578125,849,234,41,32,8,2
208,0.61669921875,731,213,37,33,9,3
208,0.77880859375,731,324,127,97,10,8
208,0.541015625,511,247,74,61,17,1
208,0.8427734375,593,285,92,62,34,5
208,0.8017578125,412,256,74,54,38,7
208,0.5234375,460,233,49,38,74,11
208,0.81298828125,1624,361,147,86,97,0
208,0.7646484375,1874,393,83,74,121,9
209,0.931640625,1145,671,372,246,5,4
209,0.9130859375,736,440,206,149,7,6
209,0.67578125,850,233,41,32,8,2
209,0.8056640625,735,324,127,97,10,8
209,0.83544921875,596,285,92,62,34,5
209,0.806640625,413,256,73,54,38,7
209,0.56005859375,462,233,49,39,74,11
209,0.79931640625,1618,360,146,86,97,0
209,0.65673828125,1872,392,91,73,121,9
210,0.93115234375,1159,679,379,251,5,4
210,0.91064453125,741,442,208,150,7,6
210,0.638671875,849,233,41,32,8,2
210,0.75927734375,738,325,127,98,10,8
210,0.60205078125,514,247,73,62,17,1
210,0.83740234375,598,285,91,63,34,5
210,0.7958984375,414,257,75,55,38,7
210,0.609375,462,233,50,39,74,11
210,0.7880859375,1611,358,144,87,97,0
210,0.7490234375,1869,391,98,73,121,9
211,0.93359375,1172,687,386,254,5,4
211,0.9111328125,746,444,210,152,7,6
211,0.56396484375,848,233,41,32,8,2
211,0.62060546875,741,326,128,99,10,8
211,0.66552734375,516,248,73,62,17,1
211,0.822265625,599,286,93,64,34,5
211,0.76220703125,414,257,75,56,38,7
211,0.55078125,463,234,50,40,74,11
211,0.78271484375,1604,356,145,87,97,0
211,0.66552734375,1865,390,106,72,121,9
212,0.92724609375,1187,696,392,259,5,4
212,0.90869140625,751,448,213,153,7,6
212,0.59619140625,847,232,41,32,8,2
212,0.60595703125,730,213,37,33,9,3
212,0.7265625,744,327,129,100,10,8
212,0.6533203125,517,249,74,62,17,1
212,0.83642578125,601,287,93,64,34,5
212,0.76611328125,415,258,74,55,38,7
212,0.55810546875,464,234,51,39,74,11
212,0.77978515625,1596,355,144,87,97,0
212,0.73583984375,1862,390,113,74,121,9
213,0.931640625,1202,704,398,263,5,4
213,0.9052734375,756,450,215,154,7,6
213,0.609375,846,232,41,32,8,2
213,0.525390625,729,213,37,33,9,3
213,0.70263671875,748,329,130,100,10,8
213,0.5908203125,519,249,76,61,17,1
213,0.83349609375,603,287,94,64,34,5
213,0.7744140625,417,259,74,54,38,7
213,0.51171875,464,235,51,40,74,11
213,0.806640625,1591,355,141,86,97,0
214,0.927734375,1217,712,408,269,5,4
214,0.8974609375,762,453,219,155,7,6
214,0.6259765625,845,232,42,32,8,2
214,0.5908203125,729,213,37,33,9,3
214,0.57958984375,751,330,130,100,10,8
214,0.63720703125,519,250,76,61,17,1
214,0.81884765625,606,288,93,65,34,5
214,0.78125,417,260,75,54,38,7
214,0.51171875,359,230,61,48,72,9
214,0.55810546875,465,236,48,40,74,11
214,0.78271484375,1583,353,142,87,97,0
214,0.71875,1855,389,126,75,121,10
215,0.93505859375,1232,722,418,274,5,4
215,0.90869140625,767,457,220,158,7,6
215,0.59619140625,844,232,42,32,8,2
215,0.60400390625,755,331,131,101,10,8
215,0.6533203125,521,251,76,62,17,1
215,0.80810546875,608,289,92,66,34,5
215,0.75927734375,418,260,76,56,38,7
215,0.57177734375,360,231,62,48,72,9
215,0.55810546875,466,237,51,40,74,11
215,0.74462890625,1577,351,139,90,97,0
215,0.79443359375,1849,388,128,74,121,10
216,0.93310546875,1248,731,424,278,5,4
216,0.91162109375,771,460,221,160,7,6
216,0.57958984375,843,232,43,32,8,2
216,0.59619140625,727,214,37,32,9,3
216,0.5947265625,758,333,133,102,10,8
216,0.66015625,522,251,76,63,17,1
216,0.806640625,610,290,93,65,34,5
216,0.75341796875,419,260,76,56,38,7
216,0.63720703125,360,231,60,47,72,9
216,0.57568359375,467,237,52,40,74,11
216,0.7890625,1571,350,138,89,97,0
216,0.60595703125,1842,387,129,74,121,10
217,0.93603515625,1265,741,431,285,5,4
217,0.91064453125,777,463,223,161,7,6
217,0.56201171875,842,232,43,32,8,2
217,0.5947265625,726,214,38,32,9,3
217,0.68408203125,763,335,133,103,10,8
217,0.708984375,523,252,76,63,17,1
217,0.79052734375,612,291,92,65,34,5
217,0.75048828125,420,261,76,56,38,7
217,0.56787109375,361,232,61,48,72,9
217,0.5908203125,468,238,52,41,74,11
217,0.83544921875,1565,347,139,92,97,0
217,0.7919921875,1835,386,129,75,121,10
218,0.935546875,1282,751,440,290,5,4
218,0.9091796875,782,466,226,163,7,6
218,0.5888671875,841,233,42,32,8,2
218,0.509765625,726,214,39,32,9,3
218,0.66357421875,766,336,134,105,10,8
218,0.71533203125,525,253,77,63,17,1
218,0.81298828125,614,292,93,65,34,5
218,0.75048828125,420,262,76,57,38,7
218,0.548828125,361,232,62,48,72,9
218,0.53125,469,239,51,41,74,11
218,0.8017578125,1559,348,138,89,97,0
218,0.76611328125,1828,385,128,74,121,10
219,0.556640625,610,186,50,48,2,12
219,0.9345703125,1299,762,451,296,5,4
219,0.9091796875,787,469,229,164,7,6
219,0.6259765625,841,233,42,32,8,2
219,0.76611328125,525,254,78,63,17,1
219,0.810546875,615,293,95,66,34,5
219,0.76220703125,422,263,77,57,38,7
219,0.548828125,361,233,61,48,72,9
219,0.5078125,470,239,51,41,74,11
219,0.80078125,1552,347,138,89,97,0
219,0.662109375,1820,385,128,75,121,10
220,0.5849609375,610,187,50,48,2,12
220,0.93359375,1317,772,458,300,5,4
220,0.91162109375,792,473,231,165,7,6
220,0.60205078125,839,233,42,32,8,2
220,0.6826171875,773,340,137,107,10,3
220,0.76904296875,526,254,78,64,17,1
220,0.810546875,616,294,97,68,34,5
220,0.7919921875,422,264,78,57,38,7
220,0.60400390625,361,234,60,49,72,9
220,0.80322265625,1547,346,137,89,97,0
220,0.69287109375,1812,384,124,74,121,10
221,0.61669921875,610,187,52,48,2,12
221,0.92919921875,1337,784,470,309,5,4
221,0.91796875,798,477,233,167,7,6
221,0.61328125,839,233,41,32,8,2
221,0.67041015625,777,342,137,108,10,3
221,0.78125,528,255,78,65,17,1
221,0.8173828125,618,295,98,68,34,5
221,0.79052734375,424,264,79,58,38,7
221,0.66552734375,362,234,60,48,72,9
221,0.78271484375,1540,346,135,87,97,0
221,0.767578125,1807,383,122,74,121,10
222,0.59619140625,610,188,52,49,2,12
222,0.9345703125,1356,795,482,316,5,4
222,0.9150390625,804,480,235,169,7,6
222,0.57763671875,838,233,41,32,8,2
222,0.7841796875,781,344,138,109,10,3
222,0.81640625,529,256,79,64,17,1
222,0.80419921875,620,296,100,68,34,5
222,0.79443359375,425,265,79,59,38,7
222,0.6689453125,363,235,61,47,72,9
222,0.830078125,1533,346,133,85,97,0
222,0.5546875,1800,382,121,74,121,10
223,0.56201171875,610,188,51,49,2,12
223,0.9365234375,1378,806,491,321,5,4
223,0.916015625,809,484,238,170,7,6
223,0.57177734375,837,233,41,32,8,2
223,0.6298828125,784,346,139,110,10,3
223,0.77880859375,530,257,79,64,17,1
223,0.806640625,621,297,101,68,34,5
223,0.7919921875,426,266,80,59,38,7
223,0.65673828125,363,235,61,47,72,9
223,0.79052734375,1527,344,132,85,97,0
223,0.66015625,1793,381,121,73,121,10
224,0.521484375,610,187,50,48,2,12
224,0.93310546875,1397,817,501,327,5,4
224,0.9208984375,815,487,240,171,7,6
224,0.7841796875,532,258,80,64,17,1
224,0.80419921875,623,298,101,68,34,5
224,0.79833984375,426,267,80,58,38,7
224,0.61865234375,362,236,61,48,72,9
224,0.8115234375,1521,342,131,88,97,0
224,0.7705078125,1785,379,121,73,121,10
225,0.9306640625,1419,831,515,332,5,4
225,0.9111328125,822,490,243,173,7,6
225,0.53515625,835,233,41,32,8,2
225,0.74169921875,534,258,79,65,17,1
225,0.79443359375,627,300,98,68,34,5
225,0.77880859375,427,267,79,57,38,7
225,0.640625,362,236,61,48,72,9
225,0.80419921875,1515,341,133,88,97,0
225,0.689453125,1779,379,121,72,121,10
226,0.9375,1443,845,528,340,5,4
226,0.9140625,828,494,247,175,7,6
226,0.5830078125,834,234,41,32,8,2
226,0.505859375,720,215,36,30,9,3
226,0.615234375,796,352,142,113,10,8
226,0.77734375,536,259,80,65,17,1
226,0.80908203125,630,301,99,68,34,5
226,0.77197265625,428,268,80,58,38,7
226,0.65478515625,364,237,61,49,72,9
226,0.7958984375,1509,342,132,85,97,0
226,0.767578125,1773,379,120,72,121,10
227,0.9306640625,1467,859,543,349,5,4
227,0.91796875,834,497,249,177,7,6
227,0.57177734375,833,234,41,32,8,2
227,0.513671875,719,215,35,30,9,3
227,0.7216796875,801,353,143,114,10,8
227,0.7841796875,537,260,80,65,17,1
227,0.81884765625,632,301,98,69,34,5
227,0.78271484375,428,269,79,58,38,7
227,0.66552734375,365,237,63,49,72,9
227,0.51171875,479,244,52,41,74,11
227,0.8291015625,1502,341,131,84,97,0
227,0.533203125,1766,378,118,71,121,10
228,0.9345703125,1492,873,557,357,5,4
228,0.91259765625,840,501,252,178,7,6
228,0.673828125,805,354,146,115,10,8
228,0.80322265625,537,261,80,65,17,1
228,0.81884765625,635,302,98,69,34,5
228,0.78125,429,270,79,58,38,7
228,0.6298828125,366,238,64,48,72,9
228,0.55078125,480,245,51,41,74,11
228,0.7890625,1497,339,131,86,97,0
228,0.7294921875,1759,377,117,71,121,10
229,0.9384765625,1518,886,573,361,5,4
229,0.90576171875,847,505,254,181,7,6
229,0.81396484375,808,356,145,116,10,8
229,0.80810546875,538,262,80,65,17,1
229,0.80810546875,638,303,100,70,34,5
229,0.7841796875,430,270,79,58,38,7
229,0.62451171875,366,239,64,48,72,9
229,0.82421875,1491,338,131,85,97,0
229,0.73095703125,1752,376,117,70,121,10
230,0.931640625,1544,895,589,357,5,4
230,0.9052734375,854,510,257,183,7,6
230,0.556640625,830,234,41,31,8,2
230,0.84912109375,813,358,146,117,10,8
230,0.7578125,540,262,81,66,17,1
230,0.80419921875,639,305,99,70,34,5
230,0.78515625,431,271,79,59,38,7
230,0.57958984375,366,239,63,49,72,9
230,0.50390625,483,245,52,41,74,3
230,0.8388671875,1485,339,129,82,97,0
230,0.69775390625,1746,375,115,70,121,10
231,0.93115234375,1571,902,607,346,5,4
231,0.9072265625,860,514,262,184,7,6
231,0.544921875,829,234,41,31,8,2
231,0.8173828125,817,360,148,117,10,8
231,0.7734375,541,262,81,66,17,1
231,0.82080078125,642,306,100,70,34,5
231,0.796875,431,271,80,59,38,7
231,0.548828125,367,240,64,49,72,9
231,0.81298828125,1481,338,128,81,97,0
231,0.56005859375,1740,374,114,70,121,10
232,0.9306640625,1600,909,622,336,5,4
232,0.916015625,867,518,266,187,7,6
232,0.515625,828,234,40,31,8,2
232,0.85302734375,821,361,149,118,10,8
232,0.77978515625,543,263,83,66,17,1
232,0.80908203125,644,307,101,71,34,5
232,0.7890625,432,272,80,59,38,7
232,0.552734375,368,240,66,49,72,9
232,0.76220703125,1475,338,127,79,97,0
232,0.80419921875,1733,373,114,71,121,10
233,0.93310546875,1614,915,610,324,5,4
233,0.91552734375,874,522,268,188,7,6
233,0.5078125,827,234,41,31,8,2
233,0.85302734375,826,362,151,119,10,8
233,0.79931640625,545,263,82,66,17,1
233,0.80908203125,646,307,102,71,34,5
233,0.806640625,433,272,80,60,38,7
233,0.68408203125,369,240,66,49,72,9
233,0.5234375,485,246,53,43,74,3
233,0.7548828125,1469,337,126,79,97,0
233,0.7744140625,1728,372,114,70,121,10
234,0.92724609375,1625,921,588,310,5,4
234,0.91748046875,881,526,270,190,7,6
234,0.53515625,826,234,41,31,8,2
234,0.87255859375,830,364,152,119,10,8
234,0.78515625,546,264,84,68,17,1
234,0.81640625,649,308,102,71,34,5
234,0.810546875,434,273,81,59,38,7
234,0.716796875,369,240,65,50,72,9
234,0.7919921875,1464,336,123,80,97,0
234,0.72802734375,1722,372,114,70,121,10
235,0.93017578125,1637,929,565,296,5,4
235,0.92626953125,888,530,273,193,7,6
235,0.82666015625,835,365,153,120,10,8
235,0.77880859375,547,264,84,68,17,1
235,0.80322265625,651,309,102,71,34,5
235,0.81396484375,435,274,82,59,38,7
235,0.6943359375,369,241,64,50,72,9
235,0.75927734375,1458,335,122,79,97,0
235,0.80419921875,1715,371,114,69,121,10
235,0.51171875,1881,406,74,89,134,3
236,0.9306640625,1649,935,540,280,5,4
236,0.9248046875,896,534,277,195,7,6
236,0.86328125,839,367,153,120,10,8
236,0.81298828125,550,265,85,68,17,1
236,0.82568359375,653,309,103,71,34,5
236,0.7880859375,436,274,83,60,38,7
236,0.68408203125,369,241,63,51,72,9
236,0.77880859375,1453,333,124,81,97,0
236,0.7958984375,1710,370,112,69,121,10
237,0.93115234375,1661,941,516,264,5,4
237,0.92626953125,903,538,281,198,7,6
237,0.5234375,823,233,41,30,8,2
237,0.875,844,369,155,121,10,8
237,0.78515625,551,265,85,69,17,1
237,0.8310546875,656,310,103,71,34,5
237,0.79296875,437,275,82,60,38,7
237,0.638671875,369,241,63,51,72,9
237,0.79833984375,1448,331,123,84,97,0
237,0.54296875,1703,369,111,68,121,10
237,0.56982421875,1870,404,94,90,134,3
238,0.92822265625,1674,948,490,249,5,4
238,0.92724609375,912,542,285,200,7,6
238,0.55078125,823,233,40,30,8,2
238,0.89111328125,848,370,158,122,10,8
238,0.7734375,553,265,85,70,17,1
238,0.8388671875,659,311,104,72,34,5
238,0.79296875,438,275,82,61,38,7
238,0.6298828125,370,241,64,50,72,9
238,0.5078125,491,249,53,44,74,11
238,0.78515625,1442,330,120,83,97,0
238,0.61865234375,1697,368,111,68,121,10
238,0.55078125,1866,402,103,89,134,3
239,0.92236328125,1689,956,461,233,5,4
239,0.92724609375,920,546,288,202,7,6
239,0.8896484375,853,372,159,124,10,8
239,0.75048828125,554,266,86,71,17,1
239,0.82421875,662,312,105,72,34,5
239,0.79296875,439,275,83,61,38,7
239,0.6513671875,371,241,64,50,72,9
239,0.53125,492,249,53,45,74,11
239,0.78271484375,1437,330,120,80,97,0
239,0.767578125,1691,366,110,69,121,10
239,0.556640625,1862,401,112,90,134,3
240,0.87890625,1703,964,433,216,5,4
240,0.92578125,928,551,292,206,7,6
240,0.51171875,821,232,42,31,8,2
240,0.87255859375,858,373,159,125,10,8
240,0.70068359375,555,266,85,70,17,1
240,0.81982421875,664,313,105,72,34,5
240,0.77587890625,440,276,82,61,38,7
240,0.5869140625,371,242,64,50,72,9
240,0.740234375,1432,328,122,83,97,0
240,0.74169921875,1685,365,112,69,121,10
240,0.57568359375,1857,399,123,90,134,3
241,0.8984375,1719,974,400,200,5,4
241,0.92236328125,936,556,296,207,7,6
241,0.89013671875,863,375,161,125,10,8
241,0.74169921875,556,266,86,70,17,1
241,0.83203125,667,314,105,73,34,5
241,0.79296875,441,276,83,62,38,7
241,0.67236328125,372,241,64,51,72,9
241,0.51953125,495,249,55,45,74,11
241,0.7744140625,1427,327,120,83,97,0
241,0.658203125,1680,364,109,68,121,10
241,0.5234375,1852,399,133,89,134,3
242,0.841796875,1736,983,366,182,5,4
242,0.921875,945,560,299,211,7,6
242,0.845703125,868,376,162,126,10,8
242,0.76220703125,558,267,85,71,17,1
242,0.830078125,670,314,106,73,34,5
242,0.79833984375,442,276,84,61,38,7
242,0.64794921875,372,241,65,51,72,9
242,0.54296875,496,249,55,45,74,11
242,0.796875,1423,326,119,83,97,0
242,0.8115234375,1674,363,108,67,121,10
242,0.73876953125,1848,399,141,92,134,3
243,0.8408203125,1753,993,333,162,5,4
243,0.92236328125,954,565,303,213,7,6
243,0.546875,819,231,44,32,8,2
243,0.87646484375,873,378,162,127,10,8
243,0.8017578125,560,267,84,71,17,1
243,0.84375,673,315,107,75,34,5
243,0.79296875,443,276,84,61,38,7
243,0.60595703125,373,241,66,51,72,9
243,0.5234375,496,248,57,45,74,11
243,0.7734375,1417,327,117,78,97,0
243,0.7265625,1669,362,108,68,121,10
243,0.822265625,1843,398,149,94,134,3
244,0.7890625,1768,1004,302,143,5,4
244,0.9326171875,963,570,308,215,7,6
244,0.62451171875,817,230,43,31,8,2
244,0.89111328125,878,379,164,129,10,8
244,0.796875,561,267,85,71,17,1
244,0.845703125,675,315,108,75,34,5
244,0.7919921875,444,276,84,62,38,7
244,0.64599609375,374,242,68,51,72,9
244,0.509765625,497,248,57,46,74,11
244,0.7607421875,1412,326,118,78,97,0
244,0.63525390625,1663,361,107,67,121,10
244,0.8056640625,1838,396,158,94,134,3
245,0.7841796875,1788,1015,263,123,5,4
245,0.93017578125,972,574,312,218,7,6
245,0.5927734375,817,230,42,31,8,2
245,0.89111328125,884,380,167,129,10,8
245,0.8173828125,562,267,87,71,17,1
245,0.8427734375,678,315,109,75,34,5
245,0.7919921875,446,276,85,62,38,7
245,0.6494140625,374,241,67,52,72,9
245,0.54296875,498,248,58,45,74,11
245,0.7490234375,1407,324,118,79,97,0
245,0.69580078125,1658,360,107,66,121,10
245,0.74609375,1833,395,163,92,134,3
246,0.93017578125,981,579,317,221,7,6
246,0.6298828125,816,230,42,31,8,2
246,0.88330078125,889,382,168,130,10,8
246,0.79931640625,563,268,86,72,17,1
246,0.8447265625,681,316,110,76,34,5
246,0.79443359375,447,277,86,63,38,7
246,0.69921875,375,242,65,52,72,9
246,0.56787109375,499,248,57,46,74,11
246,0.77197265625,1402,322,117,80,97,0
246,0.57177734375,1652,359,105,66,121,10
246,0.84375,1825,394,169,92,134,3
247,0.9306640625,991,584,322,224,7,6
247,0.61865234375,815,229,43,31,8,2
247,0.88232421875,894,384,168,131,10,8
247,0.79443359375,565,267,86,72,17,1
247,0.84375,683,316,111,76,34,5
247,0.80078125,448,277,86,63,38,7
247,0.69287109375,375,241,64,52,72,9
247,0.60595703125,500,249,57,46,74,11
247,0.751953125,1397,322,114,78,97,0
247,0.78125,1646,358,105,66,121,10
247,0.81298828125,1817,392,167,91,134,3
248,0.9287109375,1000,590,326,228,7,6
248,0.607421875,814,229,42,32,8,2
248,0.8818359375,899,385,170,132,10,8
248,0.69921875,566,268,88,73,17,1
248,0.85595703125,685,317,111,76,34,5
248,0.80078125,448,277,86,63,38,7
248,0.5947265625,376,241,65,53,72,9
248,0.57568359375,501,249,57,46,74,11
248,0.69287109375,1392,321,113,79,97,0
248,0.611328125,1640,357,102,65,121,10
248,0.87060546875,1808,390,166,91,134,3
249,0.9228515625,1009,596,332,231,7,6
249,0.6298828125,813,228,41,32,8,2
249,0.89404296875,905,387,173,133,10,8
249,0.73388671875,568,267,89,73,17,1
249,0.85595703125,688,317,111,77,34,5
249,0.7841796875,449,277,87,64,38,7
249,0.59619140625,376,241,66,53,72,9
249,0.5908203125,504,249,56,46,74,11
249,0.71875,1387,319,113,79,97,0
249,0.6533203125,1635,356,103,66,121,10
249,0.78662109375,1798,389,163,91,134,3
250,0.92822265625,1020,600,336,235,7,6
250,0.61669921875,813,228,41,32,8,2
250,0.89013671875,911,388,174,134,10,8
250,0.7216796875,569,268,90,73,17,1
250,0.85400390625,691,318,112,78,34,5
250,0.79052734375,450,278,87,65,38,7
250,0.66015625,376,241,66,53,72,9
250,0.57958984375,505,249,57,46,74,11
250,0.79833984375,1382,320,111,75,97,0
250,0.6513671875,1630,355,102,65,121,10
250,0.81884765625,1789,387,164,90,134,3
251,0.9228515625,1032,606,341,237,7,6
251,0.640625,813,227,41,32,8,2
251,0.77978515625,917,391,176,136,10,8
251,0.7138671875,572,268,91,74,17,1
251,0.85888671875,694,318,112,79,34,5
251,0.7734375,451,278,87,65,38,7
251,0.64404296875,377,241,65,53,72,9
251,0.56787109375,507,249,57,46,74,11
251,0.71875,1378,320,112,72,97,0
251,0.56591796875,1626,354,101,66,121,10
251,0.84716796875,1781,386,160,90,134,3
252,0.9306640625,1041,611,347,240,7,6
252,0.638671875,812,227,41,31,8,2
252,0.87841796875,922,392,177,137,10,8
252,0.67578125,573,267,90,74,17,1
252,0.85107421875,696,319,113,79,34,5
252,0.7841796875,452,278,89,65,38,7
252,0.609375,378,241,65,53,72,9
252,0.501953125,508,249,57,47,74,11
252,0.7705078125,1373,319,112,73,97,0
252,0.6875,1620,352,101,66,121,10
252,0.8173828125,1771,384,159,89,134,3
253,0.93359375,1052,617,353,243,7,6
253,0.640625,811,226,41,31,8,2
253,0.85888671875,928,393,178,138,10,8
253,0.7294921875,575,268,90,75,17,1
253,0.85498046875,699,319,113,80,34,5
253,0.79443359375,453,278,88,65,38,7
253,0.64404296875,379,241,66,53,72,9
253,0.537109375,509,249,59,47,74,11
253,0.78515625,1369,318,111,72,97,0
253,0.638671875,1614,351,101,66,121,10
253,0.79296875,1762,382,158,88,134,3
254,0.92822265625,1064,623,359,248,7,6
254,0.6669921875,810,226,41,30,8,2
254,0.8857421875,934,395,179,139,10,8
254,0.7578125,576,268,90,75,17,1
254,0.84912109375,702,320,113,80,34,5
254,0.80810546875,455,278,88,64,38,7
254,0.66015625,379,241,67,53,72,9
254,0.552734375,510,249,60,47,74,11
254,0.806640625,1364,317,110,72,97,0
254,0.548828125,266,209,49,35,118,4
254,0.70263671875,1610,351,101,64,121,10
254,0.81640625,1755,381,157,87,134,3
255,0.9248046875,1075,629,363,251,7,6
255,0.67041015625,808,226,41,31,8,2
255,0.83740234375,940,397,181,141,10,8
255,0.740234375,579,269,91,76,17,1
255,0.84716796875,705,321,114,81,34,5
255,0.81640625,456,279,88,65,38,7
255,0.6669921875,379,241,66,53,72,9
255,0.56005859375,511,249,61,47,74,11
255,0.7294921875,1359,317,109,72,97,0
255,0.56201171875,267,209,49,35,118,4
255,0.79443359375,1605,350,101,64,121,10
255,0.5908203125,1746,379,155,88,134,3
256,0.93017578125,1088,636,368,255,7,6
256,0.61865234375,808,225,41,31,8,2
256,0.884765625,946,399,183,142,10,8
256,0.72802734375,581,269,92,76,17,1
256,0.85498046875,708,322,115,81,34,5
256,0.80078125,457,279,89,66,38,7
256,0.62060546875,380,241,66,53,72,9
256,0.54296875,513,249,61,47,74,11
256,0.81640625,1355,315,110,71,97,0
256,0.74609375,1599,348,101,63,121,10
256,0.796875,1738,378,156,87,134,3
257,0.93603515625,1100,643,376,258,7,6
257,0.60400390625,807,225,39,31,8,2
257,0.88232421875,953,401,185,144,10,8
257,0.79052734375,583,270,93,76,17,1
257,0.85302734375,711,323,116,81,34,5
257,0.81298828125,458,280,88,66,38,7
257,0.59619140625,381,241,67,54,72,9
257,0.53515625,513,249,63,47,74,11
257,0.77587890625,1351,315,108,70,97,0
257,0.501953125,268,209,48,35,118,4
257,0.77880859375,1593,348,101,63,121,10
257,0.8291015625,1729,376,153,86,134,3
258,0.92919921875,1112,650,382,262,7,6
258,0.51953125,806,224,40,31,8,2
258,0.9072265625,959,403,187,144,10,8
258,0.830078125,584,270,93,76,17,1
258,0.86328125,715,324,117,82,34,5
258,0.82763671875,460,280,89,67,38,7
258,0.62255859375,382,242,67,55,72,9
258,0.56005859375,514,250,64,48,74,11
258,0.62255859375,1346,314,107,71,97,0
258,0.5849609375,268,209,48,35,118,4
258,0.69921875,1589,346,101,63,121,10
258,0.73876953125,1721,374,151,86,134,3
259,0.93408203125,1124,657,389,266,7,6
259,0.57763671875,804,224,40,31,8,2
259,0.9013671875,965,404,188,147,10,8
259,0.82080078125,586,270,92,76,17,1
259,0.8662109375,718,325,117,83,34,5
259,0.83349609375,460,281,90,67,38,7
259,0.67236328125,383,242,68,55,72,9
259,0.58154296875,514,250,64,49,74,11
259,0.74462890625,1341,312,106,70,97,0
259,0.5888671875,269,209,49,36,118,4
259,0.6689453125,1583,345,99,63,121,10
259,0.70556640625,1713,373,150,85,134,3
260,0.93310546875,1139,664,396,269,7,6
260,0.67236328125,804,224,40,31,8,2
260,0.91064453125,972,406,191,147,10,8
260,0.845703125,587,271,93,76,17,1
260,0.85791015625,721,325,118,84,34,5
260,0.8408203125,461,281,91,67,38,7
260,0.6806640625,383,242,68,55,72,9
260,0.57763671875,516,249,63,48,74,11
260,0.7890625,1337,312,106,70,97,0
260,0.611328125,269,209,49,36,118,4
260,0.76220703125,1579,344,97,63,121,10
260,0.76904296875,1705,372,148,84,134,3
261,0.93701171875,1154,672,403,274,7,6
261,0.62255859375,802,224,41,30,8,2
261,0.892578125,979,409,192,149,10,8
261,0.8447265625,589,272,93,76,17,1
261,0.8623046875,724,326,118,85,34,5
261,0.841796875,463,282,91,67,38,7
261,0.658203125,383,243,69,56,72,9
261,0.54296875,518,250,61,48,74,11
261,0.68408203125,1332,311,105,69,97,0
261,0.6298828125,270,209,50,36,118,4
261,0.7841796875,1574,343,98,62,121,10
261,0.79296875,1697,371,147,84,134,3
262,0.9345703125,1167,680,412,278,7,6
262,0.67919921875,802,223,41,31,8,2
262,0.9072265625,986,411,193,150,10,8
262,0.84912109375,591,273,95,77,17,1
262,0.85986328125,728,327,120,85,34,5
262,0.841796875,464,282,91,68,38,7
262,0.67578125,384,243,69,56,72,9
262,0.5869140625,520,251,63,48,74,11
262,0.69921875,1328,310,104,68,97,0
262,0.615234375,270,209,50,36,118,4
262,0.67919921875,1569,343,96,62,121,10
262,0.73876953125,1689,369,145,84,134,3
263,0.93359375,1181,688,419,283,7,6
263,0.68603515625,801,223,40,30,8,2
263,0.884765625,993,413,196,152,10,8
263,0.84912109375,593,273,94,78,17,1
263,0.84912109375,731,328,123,86,34,5
263,0.83203125,465,283,92,69,38,7
263,0.662109375,385,243,68,56,72,9
263,0.59619140625,522,252,64,49,74,11
263,0.71875,1324,310,103,68,97,0
263,0.5908203125,270,209,50,36,118,4
263,0.7294921875,1564,342,95,61,121,10
263,0.607421875,1680,368,144,84,134,3
264,0.92724609375,1196,696,426,288,7,6
264,0.69287109375,801,223,39,30,8,2
264,0.87890625,1000,416,197,152,10,8
264,0.83349609375,595,273,95,78,17,1
264,0.86083984375,736,329,126,86,34,5
264,0.8154296875,466,283,91,69,38,7
264,0.66357421875,386,243,69,56,72,9
264,0.658203125,523,252,66,48,74,11
264,0.79296875,1319,309,104,68,97,0
264,0.52734375,271,209,50,37,118,4
264,0.6533203125,1559,341,95,61,121,10
264,0.77880859375,1673,367,144,83,134,3
265,0.93505859375,1211,704,435,294,7,6
265,0.69287109375,799,223,41,30,8,2
265,0.875,1007,419,200,153,10,8
265,0.8173828125,597,274,95,79,17,1
265,0.86328125,738,330,125,86,34,5
265,0.80810546875,467,284,93,69,38,7
265,0.67041015625,386,243,69,56,72,9
265,0.5849609375,524,253,69,48,74,11
265,0.70556640625,1315,308,102,67,97,0
265,0.541015625,272,209,50,38,118,4
265,0.75634765625,1555,339,95,61,121,10
265,0.7490234375,1666,366,142,82,134,3
266,0.93408203125,1226,714,443,298,7,6
266,0.6826171875,798,223,41,30,8,2
266,0.89990234375,1013,421,203,156,10,8
266,0.80810546875,598,274,95,79,17,1
266,0.85986328125,741,332,124,87,34,5
266,0.81884765625,469,285,93,69,38,7
266,0.7578125,387,244,70,57,72,9
266,0.6513671875,524,253,69,48,74,11
266,0.74169921875,1310,307,101,67,97,0
266,0.537109375,272,209,50,37,118,4
266,0.74755859375,1550,338,97,60,121,10
266,0.79931640625,1658,364,143,82,134,3
267,0.92822265625,1243,723,453,302,7,6
267,0.689453125,797,223,41,30,8,2
267,0.8857421875,1021,424,205,158,10,8
267,0.8427734375,599,275,96,79,17,1
267,0.8671875,744,333,124,88,34,5
267,0.82763671875,470,285,94,69,38,7
267,0.78125,388,245,71,57,72,9
267,0.66552734375,525,254,70,48,74,11
267,0.7890625,1306,307,101,68,97,0
267,0.57958984375,272,209,51,37,118,4
267,0.62451171875,1545,337,96,59,121,10
267,0.82666015625,1650,363,139,81,134,3
268,0.93310546875,1260,732,464,308,7,6
268,0.72314453125,796,223,42,30,8,2
268,0.880859375,1028,427,206,160,10,8
268,0.85595703125,602,276,96,79,17,1
268,0.85986328125,747,334,124,88,34,5
268,0.82568359375,472,286,95,70,38,7
268,0.767578125,389,246,70,57,72,9
268,0.63720703125,529,254,64,48,74,11
268,0.8173828125,1302,306,101,68,97,0
268,0.5078125,273,211,51,37,118,4
268,0.53125,1541,336,95,58,121,10
268,0.83349609375,1643,362,142,80,134,3
269,0.927734375,1278,743,473,315,7,6
269,0.71875,796,223,42,30,8,2
269,0.8427734375,1036,429,209,160,10,8
269,0.85400390625,603,276,97,80,17,1
269,0.85595703125,751,336,125,88,34,5
269,0.82568359375,473,287,94,71,38,7
269,0.76220703125,390,246,71,57,72,9
269,0.67919921875,529,254,66,48,74,11
269,0.78515625,1298,305,101,67,97,0
269,0.552734375,273,211,51,36,118,4
269,0.6826171875,1536,335,95,56,121,10
269,0.79296875,1636,360,139,80,134,3
270,0.931640625,1295,753,483,321,7,6
270,0.73583984375,795,223,41,30,8,2
270,0.875,1044,432,212,162,10,8
270,0.83447265625,604,277,98,81,17,1
270,0.85986328125,754,337,125,88,34,5
270,0.82568359375,474,288,95,70,38,7
270,0.751953125,391,247,72,58,72,9
270,0.68408203125,530,255,69,49,74,11
270,0.76904296875,1294,305,101,67,97,0
270,0.5830078125,274,212,50,36,118,4
270,0.69580078125,1531,335,95,56,121,10
270,0.763671875,1628,359,138,79,134,3
271,0.93212890625,1314,763,493,327,7,6
271,0.72802734375,794,223,40,30,8,2
271,0.84716796875,1052,436,214,163,10,8
271,0.85107421875,607,278,96,81,17,1
271,0.865234375,758,339,127,88,34,5
271,0.830078125,475,288,96,71,38,7
271,0.74755859375,392,247,72,59,72,9
271,0.65478515625,532,256,69,49,74,11
271,0.71533203125,1290,304,100,67,97,0
271,0.60400390625,275,212,50,37,118,4
271,0.7138671875,1526,335,91,56,121,10
271,0.72509765625,1622,359,137,79,134,3
272,0.9267578125,1333,775,504,336,7,6
272,0.69921875,794,223,40,30,8,2
272,0.8857421875,1060,438,215,166,10,8
272,0.84814453125,610,279,98,81,17,1
272,0.873046875,761,340,127,89,34,5
272,0.83447265625,476,289,96,71,38,7
272,0.77978515625,392,248,71,58,72,9
272,0.6806640625,534,257,70,50,74,11
272,0.8017578125,1286,304,100,67,97,0
272,0.59619140625,275,212,52,37,118,4
272,0.73876953125,1522,335,90,56,121,10
272,0.79443359375,1614,358,133,79,134,3
273,0.9365234375,1354,787,516,343,7,6
273,0.69091796875,793,223,39,30,8,2
273,0.90673828125,1069,441,218,167,10,8
273,0.82568359375,612,280,99,81,17,1
273,0.87158203125,765,342,128,91,34,5
273,0.83349609375,478,290,97,71,38,7
273,0.78662109375,393,249,71,58,72,9
273,0.67919921875,536,259,68,50,74,11
273,0.78125,1282,303,99,67,97,0
273,0.546875,276,212,52,38,118,4
273,0.6513671875,1517,335,89,56,121,10
273,0.74609375,1607,357,134,79,134,3
274,0.9306640625,1374,797,529,350,7,6
274,0.71044921875,792,224,39,30,8,2
274,0.90576171875,1077,445,221,168,10,8
274,0.822265625,614,281,99,81,17,1
274,0.8818359375,769,344,129,93,34,5
274,0.83984375,479,291,97,71,38,7
274,0.77197265625,394,249,72,59,72,9
274,0.6806640625,537,259,69,51,74,11
274,0.77587890625,1278,303,98,66,97,0
274,0.6318359375,1512,334,88,56,121,10
274,0.81396484375,1601,356,134,78,134,3
275,0.92919921875,1396,811,541,358,7,6
275,0.71044921875,791,224,39,30,8,2
275,0.8955078125,1085,448,222,170,10,8
275,0.83544921875,616,282,98,82,17,1
275,0.88427734375,773,345,131,93,34,5
275,0.83984375,480,292,97,72,38,7
275,0.78125,394,250,72,60,72,9
275,0.66015625,538,260,70,51,74,11
275,0.521484375,489,236,60,44,91,4
275,0.763671875,1274,303,98,67,97,0
275,0.57568359375,277,214,53,38,118,12
275,0.716796875,1506,333,87,56,121,10
275,0.75927734375,1594,355,132,78,134,3
276,0.92919921875,1419,824,556,368,7,6
276,0.662109375,791,224,40,30,8,2
276,0.91650390625,1094,451,225,171,10,8
276,0.82568359375,618,283,100,83,17,1
276,0.87646484375,776,347,131,93,34,5
276,0.83544921875,481,293,97,72,38,7
276,0.77587890625,395,251,73,60,72,9
276,0.69580078125,539,261,71,52,74,11
276,0.75927734375,1270,302,98,67,97,0
276,0.57958984375,278,214,52,38,118,12
276,0.81982421875,1587,354,131,78,134,3
277,0.93505859375,1442,837,570,376,7,6
277,0.74609375,790,224,40,30,8,2
277,0.91552734375,1103,455,227,173,10,8
277,0.830078125,619,284,100,84,17,1
277,0.88818359375,780,348,133,93,34,5
277,0.8291015625,482,294,98,72,38,7
277,0.75927734375,396,252,72,59,72,9
277,0.75341796875,541,262,72,53,74,11
277,0.75634765625,1267,302,96,66,97,0
277,0.546875,279,214,52,38,118,12
277,0.60009765625,1495,333,83,54,121,4
277,0.77978515625,1580,353,131,78,134,3
278,0.9365234375,1466,852,585,385,7,6
278,0.70751953125,790,224,39,30,8,2
278,0.91162109375,1112,458,230,174,10,8
278,0.8291015625,621,285,100,84,17,1
278,0.89013671875,784,350,134,94,34,5
278,0.84375,484,295,98,72,38,7
278,0.78125,397,253,72,59,72,9
278,0.763671875,541,263,75,53,74,11
278,0.74755859375,1263,302,96,66,97,0
278,0.501953125,279,215,54,38,118,12
278,0.56005859375,1491,332,82,54,121,4
278,0.82666015625,1574,352,131,78,134,3
279,0.9345703125,1491,865,600,392,7,6
279,0.65673828125,789,224,39,30,8,2
279,0.9013671875,1121,462,233,175,10,8
279,0.830078125,624,286,101,85,17,1
279,0.8798828125,788,352,136,95,34,5
279,0.83349609375,485,296,99,72,38,7
279,0.763671875,398,253,74,59,72,9
279,0.75634765625,542,263,74,54,74,11
279,0.6875,1259,301,96,66,97,0
279,0.7744140625,1565,352,133,78,134,3
280,0.9267578125,1517,876,617,393,7,6
280,0.61669921875,788,225,38,30,8,2
280,0.89111328125,1131,465,236,177,10,8
280,0.83447265625,626,286,103,86,17,1
280,0.884765625,791,354,136,95,34,5
280,0.83544921875,487,296,100,74,38,7
280,0.75634765625,398,253,74,60,72,9
280,0.72802734375,544,264,73,54,74,11
280,0.67041015625,1255,300,96,66,97,0
280,0.82421875,1559,351,131,76,134,3
281,0.93408203125,1544,883,635,385,7,6
281,0.67919921875,787,225,39,30,8,2
281,0.87158203125,1140,469,239,179,10,8
281,0.81640625,628,288,104,86,17,1
281,0.8896484375,795,355,136,96,34,5
281,0.845703125,489,297,101,74,38,7
281,0.75634765625,399,254,74,60,72,9
281,0.75927734375,546,264,71,54,74,11
281,0.70556640625,1251,299,94,66,97,0
281,0.80078125,1553,350,129,76,134,3
282,0.93798828125,1572,889,655,375,7,6
282,0.6279296875,786,225,39,30,8,2
282,0.900390625,1150,472,241,181,10,8
282,0.82763671875,631,288,106,86,17,1
282,0.88330078125,799,357,137,96,34,5
282,0.8447265625,490,299,102,74,38,7
282,0.767578125,400,255,74,60,72,9
282,0.75634765625,547,265,70,53,74,11
282,0.71533203125,1248,299,95,66,97,0
282,0.517578125,1474,329,80,52,121,4
282,0.763671875,1547,349,127,76,134,3
283,0.94287109375,1592,895,654,363,7,6
283,0.5908203125,786,225,38,30,8,2
283,0.90478515625,1161,476,245,183,10,8
283,0.79931640625,633,289,108,87,17,1
283,0.8896484375,804,358,139,97,34,5
283,0.84375,491,299,101,76,38,7
283,0.74462890625,401,256,74,60,72,9
283,0.69921875,549,265,69,53,74,11
283,0.7216796875,1243,298,97,66,97,0
283,0.525390625,283,218,54,39,118,10
283,0.76611328125,1541,348,126,76,134,3
284,0.93994140625,1603,901,633,349,7,6
284,0.66015625,784,225,39,30,8,2
284,0.91259765625,1170,480,248,186,10,8
284,0.72314453125,635,290,109,88,17,1
284,0.88623046875,809,360,140,98,34,5
284,0.8427734375,493,300,102,76,38,7
284,0.75634765625,402,256,75,60,72,9
284,0.69775390625,551,266,70,53,74,11
284,0.60595703125,1239,298,95,66,97,0
284,0.751953125,1535,347,125,76,134,3
285,0.93994140625,1612,906,614,336,7,6
285,0.69091796875,784,225,39,30,8,2
285,0.92236328125,1181,483,251,188,10,8
285,0.810546875,638,291,108,88,17,1
285,0.888671875,813,362,140,99,34,5
285,0.830078125,494,301,103,77,38,7
285,0.77734375,402,256,75,60,72,9
285,0.716796875,552,267,73,53,74,11
285,0.73095703125,1236,297,93,66,97,0
285,0.515625,284,219,55,39,118,4
285,0.76904296875,1529,346,125,76,134,3
286,0.93505859375,1624,912,591,322,7,6
286,0.62060546875,783,225,38,30,8,2
286,0.9189453125,1191,487,254,191,10,8
286,0.82666015625,639,293,109,89,17,1
286,0.88720703125,817,364,141,99,34,5
286,0.83984375,496,302,103,76,38,7
286,0.77978515625,403,257,74,61,72,9
286,0.69580078125,554,267,73,53,74,11
286,0.515625,501,244,64,46,91,10
286,0.7734375,1233,297,94,65,97,0
286,0.56982421875,284,219,56,39,118,4
286,0.77978515625,1523,345,125,75,134,3
287,0.9306640625,1635,919,568,308,7,6
287,0.5849609375,782,225,37,30,8,2
287,0.92236328125,1201,491,258,193,10,8
287,0.70751953125,642,293,111,90,17,1
287,0.8916015625,822,366,143,100,34,5
287,0.83349609375,497,303,104,77,38,7
287,0.74609375,404,258,75,61,72,9
287,0.66015625,556,268,73,53,74,11
287,0.63330078125,1229,297,93,65,97,0
287,0.537109375,285,219,56,40,118,4
287,0.61865234375,1517,345,123,74,134,3
288,0.927734375,1648,925,543,292,7,6
288,0.63330078125,781,224,38,30,8,2
288,0.91796875,1212,494,262,195,10,8
288,0.689453125,645,294,112,90,17,1
288,0.89404296875,825,366,145,101,34,5
288,0.8388671875,499,304,104,77,38,7
288,0.73876953125,404,258,75,61,72,9
288,0.66552734375,557,268,72,53,74,11
288,0.71875,1226,296,94,65,97,0
288,0.548828125,285,220,55,39,118,4
288,0.7734375,1511,343,121,74,134,3
289,0.93408203125,1660,933,519,277,7,6
289,0.6533203125,780,224,38,30,8,2
289,0.91162109375,1223,498,264,197,10,8
289,0.74169921875,646,295,111,89,17,1
289,0.8857421875,830,368,144,102,34,5
289,0.82666015625,500,305,104,77,38,7
289,0.74609375,405,259,75,61,72,9
289,0.6875,558,269,71,53,74,11
289,0.61865234375,1222,296,93,65,97,0
289,0.62451171875,286,220,54,39,118,4
289,0.6875,1505,343,122,73,134,3
290,0.91943359375,1673,941,493,261,7,6
290,0.6279296875,780,224,38,30,8,2
290,0.91650390625,1236,502,268,200,10,8
290,0.72314453125,648,296,111,90,17,1
290,0.88427734375,835,370,146,103,34,5
290,0.82568359375,502,306,105,77,38,7
290,0.74609375,406,259,75,61,72,9
290,0.66357421875,560,269,73,54,74,11
290,0.529296875,507,244,65,47,91,10
290,0.71533203125,1218,295,93,65,97,0
290,0.6318359375,287,220,54,39,118,4
290,0.716796875,1499,342,121,73,134,3
291,0.9228515625,1686,950,466,246,7,6
291,0.607421875,778,224,38,29,8,2
291,0.8896484375,1247,507,272,203,10,8
291,0.82763671875,651,296,110,90,17,1
291,0.88427734375,838,371,147,104,34,5
291,0.83447265625,503,306,106,77,38,7
291,0.74609375,407,260,76,61,72,9
291,0.673828125,563,270,72,54,74,11
291,0.52734375,507,245,66,47,91,10
291,0.76220703125,1214,294,91,65,97,0
291,0.640625,287,220,54,39,118,4
291,0.7138671875,1492,341,120,73,134,3
292,0.9150390625,1700,958,439,230,7,6
292,0.63720703125,777,223,38,29,8,2
292,0.86865234375,1259,511,275,205,10,8
292,0.81982421875,653,297,111,90,17,1
292,0.88818359375,843,373,149,104,34,5
292,0.83447265625,505,307,108,77,38,7
292,0.77587890625,408,260,77,62,72,9
292,0.6318359375,564,270,72,55,74,11
292,0.6689453125,1211,293,91,66,97,0
292,0.5888671875,288,220,54,39,118,4
292,0.615234375,1429,323,70,50,121,12
292,0.61328125,1485,339,121,72,134,3
293,0.89306640625,1714,967,410,212,7,6
293,0.67236328125,777,223,38,29,8,2
293,0.90673828125,1271,514,280,208,10,8
293,0.79931640625,655,297,114,91,17,1
293,0.8916015625,848,375,150,103,34,5
293,0.8388671875,506,308,107,78,38,7
293,0.7880859375,409,260,78,62,72,9
293,0.65478515625,565,270,73,55,74,11
293,0.5,510,245,67,47,91,10
293,0.61328125,1208,293,91,64,97,0
293,0.60009765625,289,219,54,40,118,4
293,0.5888671875,1424,322,68,49,121,12
293,0.72509765625,1480,338,120,72,134,3
294,0.87255859375,1734,977,370,194,7,6
294,0.611328125,776,223,37,29,8,2
294,0.90576171875,1283,519,284,211,10,8
294,0.80419921875,658,297,114,92,17,1
294,0.8916015625,853,376,151,103,34,5
294,0.845703125,508,308,109,78,38,7
294,0.77880859375,410,261,77,63,72,9
294,0.60009765625,567,271,73,55,74,11
294,0.57373046875,1205,292,90,65,97,0
294,0.60400390625,290,219,54,39,118,4
294,0.5390625,1419,321,64,49,121,12
294,0.72314453125,1474,337,119,72,134,3
295,0.83203125,1750,986,338,177,7,6
295,0.61328125,776,222,37,29,8,2
295,0.8408203125,1296,523,288,214,10,8
295,0.79296875,661,298,114,92,17,1
295,0.8974609375,858,378,151,105,34,5
295,0.85400390625,510,308,108,78,38,7
295,0.74609375,411,261,78,63,72,9
295,0.64794921875,568,271,75,56,74,11
295,0.6875,1201,292,89,64,97,0
295,0.60400390625,291,219,55,39,118,4
295,0.70263671875,1467,336,119,71,134,3
296,0.83349609375,1767,997,305,154,7,6
296,0.638671875,775,222,38,29,8,2
296,0.91357421875,1309,528,293,215,10,8
296,0.8291015625,664,298,114,92,17,1
296,0.90185546875,862,379,152,106,34,5
296,0.85888671875,511,308,109,79,38,7
296,0.7705078125,412,261,79,63,72,9
296,0.66015625,570,272,76,57,74,11
296,0.51953125,513,246,67,49,91,10
296,0.6689453125,1198,290,89,64,97,0
296,0.6533203125,291,220,56,39,118,4
296,0.517578125,1412,319,64,47,121,12
296,0.67041015625,1463,335,118,70,134,3
297,0.85595703125,1788,1009,263,131,7,6
297,0.63330078125,773,222,39,28,8,2
297,0.91845703125,1322,532,296,217,10,8
297,0.80419921875,666,298,114,93,17,1
297,0.8955078125,867,380,153,107,34,5
297,0.85205078125,513,308,109,80,38,7
297,0.74462890625,413,261,79,63,72,9
297,0.66552734375,570,272,77,57,74,11
297,0.56591796875,1195,289,89,65,97,0
297,0.57763671875,291,219,56,40,118,4
297,0.521484375,1458,334,117,70,134,3
298,0.6806640625,1810,1023,216,107,7,6
298,0.62060546875,773,221,39,29,8,2
298,0.91259765625,1337,537,302,221,10,8
298,0.82763671875,668,299,114,93,17,1
298,0.90478515625,872,382,155,109,34,5
298,0.85302734375,514,309,109,81,38,7
298,0.72314453125,414,261,79,63,72,9
298,0.6943359375,571,272,78,57,74,11
298,0.64599609375,1191,288,88,65,97,0
298,0.59814453125,292,219,57,40,118,4
298,0.611328125,1452,333,115,70,134,3
299,0.63525390625,772,221,39,29,8,2
299,0.884765625,1351,542,304,223,10,8
299,0.830078125,672,300,115,93,17,1
299,0.89306640625,878,383,157,110,34,5
299,0.8408203125,516,310,110,81,38,7
299,0.7431640625,415,261,78,63,72,9
299,0.69921875,574,272,75,58,74,11
299,0.7265625,1188,288,88,64,97,0
299,0.60205078125,293,220,56,39,118,4
300,0.66015625,771,221,39,29,8,2
300,0.91064453125,1365,546,310,226,10,8
300,0.822265625,673,300,118,94,17,1
300,0.89990234375,882,385,158,110,34,5
300,0.85107421875,517,311,110,81,38,7
300,0.7265625,416,261,78,63,72,9
300,0.708984375,574,272,78,57,74,11
300,0.73388671875,1184,287,87,62,97,0
300,0.6318359375,293,219,54,40,118,4
300,0.5078125,276,164,42,61,123,3
300,0.615234375,1442,330,113,70,134,6
301,0.5390625,770,220,39,29,8,2
301,0.88330078125,1380,551,316,229,10,8
301,0.806640625,675,301,117,94,17,1
301,0.900390625,888,387,160,111,34,5
301,0.85400390625,519,312,111,81,38,7
301,0.740234375,417,261,79,63,72,9
301,0.66552734375,577,273,76,56,74,11
301,0.60205078125,522,247,73,50,91,10
301,0.70751953125,1181,286,88,63,97,0
301,0.70751953125,294,219,54,40,118,4
301,0.5927734375,276,164,41,61,123,3
301,0.65673828125,1431,328,123,71,134,6
301,0.517578125,1901,398,37,71,190,12
302,0.56396484375,770,220,38,29,8,2
302,0.91357421875,1395,555,318,233,10,8
302,0.82568359375,678,301,119,95,17,1
302,0.908203125,893,388,161,112,34,5
302,0.85400390625,521,312,112,82,38,7
302,0.73095703125,418,261,78,63,72,9
302,0.71044921875,579,273,75,56,74,11
302,0.5830078125,522,247,71,50,91,10
302,0.65673828125,1177,286,87,62,97,0
302,0.65673828125,294,219,55,40,118,4
302,0.72314453125,1424,327,127,71,134,6
303,0.5888671875,769,219,37,29,8,2
303,0.9189453125,1410,561,325,236,10,8
303,0.82080078125,681,302,118,96,17,1
303,0.90185546875,899,389,164,114,34,5
303,0.85009765625,522,312,113,82,38,7
303,0.73095703125,419,261,79,63,72,9
303,0.68603515625,581,273,75,57,74,11
303,0.5390625,523,247,71,50,91,10
303,0.69580078125,1174,286,87,61,97,0
303,0.66552734375,295,218,54,40,118,4
303,0.77197265625,1419,326,126,71,134,6
303,0.56787109375,1892,391,51,78,190,3
304,0.662109375,769,219,38,29,8,2
304,0.931640625,1425,566,330,238,10,8
304,0.75634765625,684,302,119,96,17,1
304,0.90673828125,905,392,165,114,34,5
304,0.85693359375,524,312,113,82,38,7
304,0.732421875,419,261,79,64,72,9
304,0.71533203125,582,273,77,57,74,11
304,0.56396484375,525,247,73,51,91,10
304,0.66357421875,1171,285,85,60,97,0
304,0.6826171875,295,218,55,40,118,4
304,0.79833984375,1413,325,126,70,134,6
304,0.53125,1887,390,60,79,190,3
305,0.61669921875,768,219,38,29,8,2
305,0.91162109375,1442,572,338,242,10,8
305,0.64404296875,687,303,121,97,17,1
305,0.90380859375,911,393,167,114,34,5
305,0.85302734375,526,313,113,83,38,7
305,0.7431640625,420,262,80,64,72,9
305,0.69580078125,583,274,81,58,74,11
305,0.529296875,527,248,72,51,91,10
305,0.5390625,1168,284,85,60,97,0
305,0.6806640625,296,218,55,40,118,4
305,0.80908203125,1408,324,126,70,134,6
305,0.529296875,1884,390,69,83,190,3
306,0.53125,768,218,37,29,8,2
306,0.92626953125,1459,577,343,246,10,8
306,0.71240234375,689,303,120,99,17,1
306,0.9033203125,916,395,168,115,34,5
306,0.85595703125,528,313,114,83,38,7
306,0.74169921875,422,262,80,65,72,9
306,0.69580078125,585,274,80,58,74,11
306,0.56982421875,527,248,72,51,91,10
306,0.56787109375,1165,283,85,60,97,0
306,0.68408203125,297,218,56,40,118,4
306,0.79931640625,1404,323,124,69,134,6
306,0.6298828125,1880,390,76,84,190,3
307,0.54296875,767,218,38,29,8,2
307,0.92578125,1477,583,349,249,10,8
307,0.69775390625,692,304,120,99,17,1
307,0.89697265625,922,397,168,116,34,5
307,0.85302734375,530,314,116,84,38,7
307,0.7373046875,423,262,81,65,72,9
307,0.716796875,586,275,81,58,74,11
307,0.501953125,528,248,72,51,91,10
307,0.66357421875,1162,282,85,60,97,0
307,0.6875,297,218,57,41,118,4
307,0.77880859375,1400,322,121,69,134,6
308,0.91748046875,1494,589,358,254,10,8
308,0.7734375,696,304,121,99,17,1
308,0.8974609375,928,398,170,118,34,5
308,0.85986328125,532,315,115,85,38,7
308,0.75927734375,424,262,82,66,72,9
308,0.71044921875,589,275,80,58,74,11
308,0.5234375,530,248,74,53,91,10
308,0.541015625,1159,282,84,59,97,0
308,0.72021484375,299,218,56,41,118,4
308,0.822265625,1395,321,118,69,134,6
309,0.9248046875,1511,596,362,258,10,8
309,0.80419921875,699,305,122,100,17,1
309,0.9033203125,933,401,173,119,34,5
309,0.873046875,533,316,116,85,38,7
309,0.7041015625,425,262,82,66,72,9
309,0.70263671875,589,275,81,58,74,11
309,0.5947265625,1156,282,84,59,97,0
309,0.6826171875,299,218,56,41,118,4
309,0.81982421875,1391,320,115,69,134,6
310,0.9208984375,1532,602,370,262,10,8
310,0.83740234375,701,306,122,99,17,1
310,0.90283203125,940,403,174,121,34,5
310,0.861328125,536,317,118,86,38,7
310,0.74755859375,426,262,82,67,72,9
310,0.71533203125,591,276,80,59,74,11
310,0.537109375,532,249,75,54,91,2
310,0.57373046875,1153,281,85,59,97,0
310,0.658203125,300,218,56,41,118,4
310,0.7958984375,1386,319,114,69,134,6
310,0.5390625,1863,385,111,82,190,3
311,0.92236328125,1551,608,377,266,10,8
311,0.81640625,704,307,122,100,17,1
311,0.9033203125,946,405,175,121,34,5
311,0.85205078125,538,318,118,87,38,7
311,0.72802734375,427,262,82,67,72,9
311,0.61865234375,592,276,82,59,74,11
311,0.5,534,249,73,53,91,2
311,0.60400390625,300,218,55,42,118,4
311,0.70263671875,1383,318,113,69,134,6
312,0.6533203125,763,216,37,28,8,0
312,0.923828125,1571,616,385,270,10,8
312,0.76220703125,707,308,124,102,17,1
312,0.9111328125,953,407,176,122,34,5
312,0.85400390625,539,318,118,88,38,7
312,0.70751953125,428,263,82,68,72,9
312,0.6494140625,594,276,82,59,74,11
312,0.537109375,537,250,75,54,91,2
312,0.5888671875,1147,279,83,59,97,3
312,0.5947265625,301,218,57,42,118,4
312,0.708984375,1378,317,111,68,134,6
312,0.71533203125,1856,384,125,83,190,10
313,0.533203125,762,216,37,28,8,0
313,0.91357421875,1592,623,392,275,10,8
313,0.82666015625,711,308,124,102,17,1
313,0.90966796875,959,409,179,123,34,5
313,0.8759765625,541,319,119,88,38,7
313,0.71044921875,429,263,82,68,72,9
313,0.56201171875,596,277,85,60,74,11
313,0.5927734375,302,218,57,42,118,4
313,0.72509765625,1373,316,110,67,134,6
313,0.76904296875,1852,383,132,85,190,10
314,0.9375,1613,630,401,278,10,8
314,0.83447265625,713,309,125,103,17,1
314,0.9150390625,966,412,180,124,34,5
314,0.87158203125,543,320,119,89,38,7
314,0.740234375,430,263,83,69,72,9
314,0.56982421875,598,277,85,60,74,11
314,0.556640625,539,251,76,55,91,2
314,0.5,1141,279,83,57,97,3
314,0.53125,303,219,58,43,118,4
314,0.5830078125,1369,316,108,67,134,6
314,0.78125,1848,383,141,85,190,10
315,0.5927734375,761,216,37,29,8,0
315,0.93017578125,1634,637,409,284,10,8
315,0.8427734375,718,310,127,104,17,1
315,0.91943359375,973,414,182,124,34,5
315,0.8798828125,545,321,120,89,38,7
315,0.78125,430,264,83,69,72,9
315,0.65478515625,540,251,74,56,91,2
315,0.63525390625,1138,278,81,57,97,3
315,0.5849609375,304,219,58,43,118,4
315,0.7890625,1365,315,105,67,134,6
315,0.83544921875,1844,382,147,85,190,10
316,0.615234375,760,216,38,28,8,0
316,0.92919921875,1656,645,418,289,10,8
316,0.85595703125,721,311,127,104,17,1
316,0.91650390625,980,416,183,126,34,5
316,0.8818359375,547,322,122,90,38,7
316,0.76220703125,431,265,84,69,72,9
316,0.60400390625,602,279,84,62,74,11
316,0.5390625,542,252,76,57,91,2
316,0.7431640625,1135,277,82,58,97,3
316,0.56005859375,304,219,59,43,118,4
316,0.81982421875,1361,315,104,67,134,6
316,0.763671875,1840,381,151,86,190,10
317,0.921875,1679,654,426,294,10,8
317,0.83740234375,724,313,128,105,17,1
317,0.92138671875,986,419,185,128,34,5
317,0.88330078125,549,323,124,91,38,7
317,0.77734375,432,265,85,69,72,9
317,0.60400390625,605,279,84,62,74,11
317,0.615234375,543,253,76,57,91,2
317,0.72314453125,1132,276,81,58,97,3
317,0.59619140625,305,219,58,44,118,4
317,0.77734375,1356,313,103,67,134,6
317,0.7890625,1833,379,153,85,190,10
318,0.5234375,758,216,36,29,8,0
318,0.9365234375,1701,662,432,300,10,8
318,0.8291015625,729,313,133,106,17,1
318,0.92041015625,993,422,186,130,34,5
318,0.88427734375,551,324,125,92,38,7
318,0.77587890625,434,266,85,69,72,9
318,0.615234375,607,280,83,62,74,11
318,0.658203125,544,254,77,57,91,2
318,0.63330078125,1128,276,80,59,97,3
318,0.5927734375,306,220,57,43,118,4
318,0.70751953125,1351,312,102,66,134,6
318,0.83740234375,1825,378,151,84,190,10
319,0.53515625,757,216,36,29,8,0
319,0.93115234375,1711,669,416,304,10,8
319,0.84716796875,732,314,134,107,17,1
319,0.91552734375,1000,424,188,130,34,5
319,0.888671875,553,325,124,93,38,7
319,0.78515625,435,267,85,69,72,9
319,0.68603515625,609,281,83,62,74,11
319,0.6318359375,546,254,77,58,91,2
319,0.56396484375,307,220,58,43,118,4
319,0.501953125,1347,312,101,66,134,6
319,0.85107421875,1816,377,148,84,190,10
320,0.51953125,757,216,37,29,8,0
320,0.923828125,1721,676,396,303,10,8
320,0.85205078125,735,316,134,107,17,1
320,0.921875,1007,427,191,130,34,5
320,0.85498046875,555,326,124,93,38,7
320,0.79296875,436,267,86,70,72,9
320,0.64794921875,610,282,87,63,74,11
320,0.609375,548,256,77,62,91,2
320,0.544921875,1122,276,80,57,97,3
320,0.537109375,308,220,58,44,118,4
320,0.67724609375,1343,312,101,65,134,6
320,0.83984375,1810,375,147,83,190,10
321,0.53515625,756,215,37,29,8,0
321,0.9111328125,1732,684,375,308,10,8
321,0.85302734375,737,317,133,107,17,1
321,0.9072265625,1015,429,193,131,34,5
321,0.86328125,558,328,124,93,38,7
321,0.7919921875,437,268,86,71,72,9
321,0.6826171875,612,283,86,63,74,11
321,0.65673828125,549,257,77,62,91,2
321,0.57763671875,1119,275,80,56,97,3
321,0.52734375,309,221,58,43,118,4
321,0.70556640625,1338,311,99,65,134,6
321,0.80078125,1802,374,146,83,190,10
322,0.54296875,754,216,36,29,8,0
322,0.9267578125,1743,692,352,311,10,8
322,0.810546875,740,318,133,108,17,1
322,0.9091796875,1022,433,195,133,34,5
322,0.85986328125,560,329,125,94,38,7
322,0.79052734375,438,269,86,72,72,9
322,0.71875,613,284,87,64,74,11
322,0.67724609375,551,258,77,62,91,2
322,0.6279296875,1116,275,80,57,97,3
322,0.56982421875,309,222,58,42,118,4
322,0.7265625,1334,311,98,65,134,6
322,0.82421875,1794,374,146,84,190,10
323,0.501953125,754,216,36,29,8,0
323,0.9033203125,1754,703,331,315,10,8
323,0.80419921875,742,320,134,109,17,1
323,0.91162109375,1031,436,197,134,34,5
323,0.85791015625,562,330,125,94,38,7
323,0.806640625,439,269,85,71,72,9
323,0.7548828125,615,285,88,64,74,11
323,0.6943359375,553,259,78,62,91,2
323,0.67041015625,1114,274,80,58,97,3
323,0.57763671875,310,223,60,43,118,4
323,0.74462890625,1329,310,98,64,134,6
323,0.84375,1787,373,144,83,190,10
324,0.90966796875,1765,714,308,322,10,8
324,0.638671875,746,321,136,109,17,1
324,0.90576171875,1038,439,199,136,34,5
324,0.8642578125,564,332,126,94,38,7
324,0.81298828125,440,270,86,72,72,9
324,0.77880859375,617,286,89,65,74,11
324,0.66357421875,554,259,78,61,91,2
324,0.642578125,1111,274,78,58,97,3
324,0.53125,311,223,61,43,118,4
324,0.70751953125,1325,309,98,63,134,6
324,0.8017578125,1780,372,141,82,190,10
325,0.89697265625,1777,724,284,328,10,8
325,0.7041015625,749,322,136,111,17,1
325,0.9140625,1046,442,202,138,34,5
325,0.861328125,566,333,127,95,38,7
325,0.82568359375,442,271,86,72,72,9
325,0.7431640625,618,286,92,66,74,11
325,0.7138671875,556,259,78,60,91,2
325,0.638671875,1109,273,79,58,97,3
325,0.55810546875,312,223,61,43,118,4
325,0.6943359375,1321,309,96,64,134,6
325,0.8154296875,1773,372,139,81,190,10
326,0.900390625,1791,735,256,335,10,8
326,0.80078125,753,324,136,111,17,1
326,0.908203125,1054,445,204,138,34,5
326,0.8662109375,568,334,128,96,38,7
326,0.83447265625,443,271,87,73,72,9
326,0.75048828125,620,287,90,65,74,11
326,0.76904296875,557,261,79,61,91,2
326,0.6826171875,1106,273,78,57,97,3
326,0.5947265625,313,223,62,43,118,4
326,0.80908203125,1316,309,95,63,134,6
326,0.83740234375,1765,370,139,82,190,10
327,0.9052734375,1803,747,232,342,10,8
327,0.8115234375,757,325,137,111,17,1
327,0.9013671875,1062,448,206,139,34,5
327,0.86083984375,571,336,130,96,38,7
327,0.830078125,444,272,87,73,72,9
327,0.69287109375,622,288,92,67,74,11
327,0.732421875,559,262,81,63,91,2
327,0.5546875,1103,273,78,57,97,3
327,0.50390625,313,224,62,44,118,4
327,0.61669921875,1312,309,95,62,134,6
327,0.8017578125,1758,369,138,82,190,10
328,0.82080078125,1817,755,204,341,10,8
328,0.8447265625,761,327,140,112,17,1
328,0.90673828125,1070,451,209,141,34,5
328,0.865234375,573,337,130,98,38,7
328,0.8291015625,445,273,87,73,72,9
328,0.71875,624,289,93,67,74,11
328,0.7265625,560,263,81,63,91,2
328,0.56005859375,1100,273,79,57,97,3
328,0.6279296875,314,225,61,43,118,4
328,0.71044921875,1307,308,95,62,134,6
328,0.82568359375,1750,369,138,81,190,10
329,0.89501953125,1831,746,177,305,10,8
329,0.79833984375,764,328,139,113,17,1
329,0.91650390625,1079,454,212,144,34,5
329,0.87060546875,575,340,131,98,38,7
329,0.82568359375,446,274,88,74,72,9
329,0.69091796875,628,290,91,67,74,11
329,0.7265625,562,263,81,64,91,2
329,0.533203125,1098,273,78,57,97,3
329,0.60400390625,315,226,61,43,118,4
329,0.6689453125,1303,307,95,62,134,6
329,0.8642578125,1743,368,138,81,190,10
330,0.85888671875,1844,748,147,294,10,8
330,0.822265625,767,330,140,114,17,1
330,0.9130859375,1088,457,213,145,34,5
330,0.87841796875,577,341,132,99,38,7
330,0.8154296875,447,274,89,75,72,9
330,0.72021484375,629,292,93,68,74,11
330,0.73095703125,564,264,84,64,91,2
330,0.60595703125,1095,273,78,56,97,3
330,0.5849609375,317,227,61,43,118,4
330,0.6259765625,1299,307,95,62,134,6
330,0.85205078125,1736,368,136,81,190,10
331,0.83544921875,1861,758,116,289,10,8
331,0.78271484375,771,331,141,116,17,1
331,0.91845703125,1096,461,216,145,34,5
331,0.87646484375,579,342,133,100,38,7
331,0.8115234375,449,276,89,76,72,9
331,0.68603515625,630,293,93,68,74,11
331,0.69287109375,566,265,86,64,91,2
331,0.55078125,1091,273,77,56,97,3
331,0.57373046875,318,227,61,43,118,4
331,0.57958984375,1294,307,95,62,134,6
331,0.81396484375,1730,366,133,81,190,10
332,0.77978515625,1877,773,85,286,10,8
332,0.7373046875,775,333,142,116,17,1
332,0.93115234375,1105,465,218,147,34,5
332,0.884765625,582,344,134,100,38,7
332,0.79833984375,450,277,90,75,72,9
332,0.662109375,632,293,94,69,74,11
332,0.716796875,567,265,85,64,91,2
332,0.65478515625,1090,273,77,57,97,3
332,0.58154296875,319,227,62,43,118,4
332,0.541015625,282,162,48,58,123,0
332,0.615234375,1290,306,93,62,134,6
332,0.85400390625,1723,365,134,80,190,10
333,0.57763671875,1892,798,54,265,10,8
333,0.77880859375,779,334,142,117,17,1
333,0.9228515625,1115,468,221,148,34,5
333,0.880859375,584,345,135,100,38,7
333,0.7890625,452,278,90,74,72,9
333,0.69775390625,635,295,94,71,74,11
333,0.7265625,568,267,85,65,91,2
333,0.642578125,1087,272,77,57,97,3
333,0.544921875,319,228,63,43,118,4
333,0.611328125,282,163,49,60,123,0
333,0.6298828125,1287,306,94,62,134,6
333,0.82421875,1716,364,133,79,190,10
334,0.80078125,784,335,145,118,17,1
334,0.923828125,1124,471,224,149,34,5
334,0.89111328125,587,347,136,101,38,7
334,0.7958984375,453,279,90,74,72,9
334,0.7431640625,637,296,96,71,74,11
334,0.73583984375,570,267,85,65,91,2
334,0.548828125,1085,272,77,57,97,3
334,0.544921875,320,228,63,43,118,4
334,0.5546875,282,164,49,61,123,0
334,0.6494140625,1282,305,93,61,134,6
334,0.53515625,509,250,57,46,184,12
334,0.8408203125,1710,364,132,79,190,10
335,0.740234375,788,337,146,118,17,1
335,0.93212890625,1133,476,225,151,34,5
335,0.884765625,590,348,137,100,38,7
335,0.79833984375,454,279,91,75,72,9
335,0.66015625,640,297,96,71,74,11
335,0.71875,573,268,87,66,91,2
335,0.541015625,321,229,62,43,118,4
335,0.56591796875,282,164,49,61,123,0
335,0.57958984375,1279,305,92,62,134,6
335,0.80908203125,1704,363,132,79,190,10
336,0.72802734375,791,338,147,120,17,1
336,0.90869140625,1144,479,229,151,34,5
336,0.88330078125,592,349,138,102,38,7
336,0.80078125,455,280,92,75,72,9
336,0.72314453125,641,298,98,71,74,11
336,0.7373046875,574,269,87,67,91,2
336,0.57568359375,321,229,63,42,118,4
336,0.5234375,282,163,48,58,123,0
336,0.513671875,1275,304,92,62,134,6
336,0.541015625,511,251,63,46,184,3
336,0.8291015625,1697,362,132,79,190,10
337,0.740234375,794,340,147,121,17,1
337,0.91357421875,1154,482,233,154,34,5
337,0.8818359375,594,351,139,103,38,7
337,0.8017578125,456,281,92,75,72,9
337,0.75048828125,645,299,97,72,74,11
337,0.7841796875,576,269,87,68,91,2
337,0.55810546875,322,230,62,43,118,4
337,0.5234375,282,163,48,58,123,0
337,0.5908203125,512,252,62,47,184,3
337,0.82568359375,1691,361,130,78,190,10
338,0.61865234375,799,341,149,121,17,1
338,0.9208984375,1164,486,236,156,34,5
338,0.8642578125,597,352,140,104,38,7
338,0.7958984375,458,282,93,75,72,9
338,0.73583984375,648,301,94,73,74,11
338,0.73876953125,578,270,88,68,91,2
338,0.5234375,282,163,48,58,123,0
338,0.521484375,513,252,63,48,184,3
338,0.81982421875,1684,360,129,78,190,10
339,0.7265625,803,343,150,122,17,1
339,0.921875,1174,490,239,158,34,5
339,0.86865234375,600,353,142,104,38,7
339,0.80078125,459,282,93,75,72,9
339,0.6826171875,649,302,97,74,74,11
339,0.7265625,581,271,90,69,91,2
339,0.515625,324,231,63,45,118,4
339,0.501953125,282,162,48,56,123,0
339,0.82421875,1678,359,129,77,190,10
340,0.86962890625,807,344,150,123,17,1
340,0.92724609375,1184,493,242,159,34,5
340,0.86865234375,603,354,142,106,38,7
340,0.8173828125,461,283,93,76,72,9
340,0.65673828125,652,304,97,74,74,11
340,0.77734375,583,272,90,70,91,2
340,0.56591796875,324,231,63,45,118,4
340,0.546875,516,254,65,49,184,3
340,0.82568359375,1671,358,126,77,190,10
340,0.51171875,1068,270,77,55,207,6
341,0.8642578125,811,346,152,124,17,1
341,0.92236328125,1195,497,245,161,34,5
341,0.88330078125,605,356,142,106,38,7
341,0.81396484375,461,284,93,76,72,9
341,0.68603515625,655,303,97,73,74,11
341,0.78271484375,585,272,90,71,91,2
341,0.5888671875,325,231,62,45,118,4
341,0.51953125,518,255,65,49,184,3
341,0.7958984375,1665,357,126,76,190,10
342,0.84716796875,815,347,154,125,17,1
342,0.9189453125,1206,502,248,163,34,5
342,0.875,607,358,143,106,38,7
342,0.82080078125,463,284,94,77,72,9
342,0.71240234375,656,305,99,75,74,11
342,0.78515625,586,273,89,71,91,2
342,0.533203125,1064,269,75,55,97,0
342,0.642578125,326,231,63,45,118,4
342,0.56591796875,283,162,48,57,123,6
342,0.521484375,1252,301,94,59,134,8
342,0.552734375,519,255,64,50,184,3
342,0.78662109375,1658,356,125,75,190,10
343,0.84375,819,349,153,126,17,1
343,0.9189453125,1218,505,251,164,34,5
343,0.88330078125,610,360,144,108,38,7
343,0.841796875,464,285,93,77,72,9
343,0.716796875,659,305,100,73,74,11
343,0.7705078125,587,274,89,72,91,2
343,0.66015625,327,231,63,45,118,4
343,0.642578125,284,163,48,59,123,6
343,0.60595703125,1248,300,94,59,134,8
343,0.55078125,520,255,65,51,184,3
343,0.8115234375,1652,355,125,76,190,10
344,0.78662109375,824,350,154,127,17,1
344,0.92041015625,1229,510,254,166,34,5
344,0.880859375,613,361,145,108,38,7
344,0.8310546875,465,286,94,78,72,9
344,0.76904296875,661,305,101,73,74,11
344,0.7431640625,590,274,90,71,91,2
344,0.55078125,1059,268,74,55,97,0
344,0.6318359375,327,231,63,45,118,4
344,0.5869140625,284,163,49,59,123,6
344,0.60205078125,1245,299,95,59,134,8
344,0.61328125,520,255,66,52,184,3
344,0.81982421875,1646,353,123,75,190,10
345,0.8291015625,828,351,155,127,17,1
345,0.9189453125,1241,513,259,169,34,5
345,0.8759765625,616,363,146,108,38,7
345,0.80908203125,467,286,94,78,72,9
345,0.76611328125,664,306,103,74,74,11
345,0.75634765625,592,275,92,71,91,2
345,0.529296875,1057,267,74,55,97,0
345,0.62451171875,329,232,64,45,118,4
345,0.6279296875,284,163,49,60,123,6
345,0.541015625,1242,298,95,59,134,8
345,0.640625,522,256,67,52,184,3
345,0.830078125,1640,352,123,76,190,10
346,0.521484375,737,216,34,27,8,12
346,0.6943359375,833,353,156,128,17,1
346,0.90380859375,1252,517,262,171,34,5
346,0.880859375,619,364,148,108,38,7
346,0.810546875,468,287,95,77,72,9
346,0.77197265625,665,306,104,73,74,11
346,0.78662109375,593,275,92,72,91,2
346,0.658203125,329,233,63,46,118,4
346,0.69287109375,283,163,50,59,123,6
346,0.67724609375,522,257,67,52,184,3
346,0.8291015625,1634,351,122,76,190,10
347,0.56201171875,737,215,34,27,8,12
347,0.72802734375,838,354,157,129,17,1
347,0.916015625,1264,522,268,173,34,5
347,0.87744140625,622,366,149,108,38,7
347,0.77197265625,470,287,96,78,72,9
347,0.74169921875,668,307,104,74,74,11
347,0.78125,596,276,93,72,91,2
347,0.7041015625,330,233,64,46,118,4
347,0.63330078125,284,162,50,57,123,6
347,0.509765625,1236,297,97,59,134,0
347,0.69580078125,524,257,68,52,184,3
347,0.77978515625,1628,350,122,75,190,10
348,0.61328125,736,215,34,27,8,12
348,0.64794921875,842,355,159,131,17,1
348,0.9248046875,1277,527,271,175,34,5
348,0.8818359375,625,368,151,108,38,7
348,0.810546875,472,287,96,80,72,9
348,0.69921875,672,308,103,74,74,11
348,0.79443359375,598,277,94,73,91,2
348,0.673828125,331,233,64,46,118,4
348,0.65673828125,284,162,51,58,123,6
348,0.60009765625,1233,296,98,59,134,0
348,0.689453125,526,257,66,51,184,3
348,0.81640625,1622,350,120,74,190,10
349,0.61865234375,736,214,34,27,8,12
349,0.77587890625,847,357,161,132,17,1
349,0.92724609375,1291,531,275,178,34,5
349,0.8818359375,628,369,151,110,38,7
349,0.79931640625,473,287,98,81,72,9
349,0.7490234375,674,310,104,76,74,11
349,0.7958984375,601,277,96,73,91,2
349,0.57373046875,1046,266,73,54,97,8
349,0.69091796875,333,233,62,46,118,4
349,0.67578125,285,163,51,61,123,6
349,0.5908203125,1229,295,99,59,134,0
349,0.689453125,527,257,66,52,184,3
349,0.81640625,1617,349,120,74,190,10
350,0.5888671875,735,214,33,27,8,12
350,0.841796875,852,359,163,132,17,1
350,0.92919921875,1303,535,278,179,34,5
350,0.8818359375,631,370,152,110,38,7
350,0.81396484375,474,288,98,81,72,9
350,0.751953125,676,309,105,75,74,11
350,0.7646484375,601,277,94,74,91,2
350,0.5849609375,1044,265,73,56,97,8
350,0.67724609375,334,233,62,46,118,4
350,0.689453125,285,163,52,60,123,6
350,0.501953125,1226,294,99,58,134,0
350,0.69921875,529,258,67,52,184,3
350,0.8173828125,1611,348,117,74,190,10
351,0.505859375,734,214,34,27,8,12
351,0.74169921875,857,360,163,134,17,1
351,0.92822265625,1317,540,284,181,34,5
351,0.88818359375,633,371,154,111,38,7
351,0.8115234375,476,289,98,80,72,9
351,0.75048828125,678,310,106,77,74,11
351,0.75927734375,603,278,94,74,91,2
351,0.6669921875,335,233,62,46,118,4
351,0.69775390625,285,164,53,61,123,6
351,0.58154296875,1223,294,99,58,134,0
351,0.66552734375,529,258,67,52,184,3
351,0.75048828125,1607,346,118,74,190,10
352,0.8447265625,862,361,165,135,17,1
352,0.92578125,1330,544,287,183,34,5
352,0.89111328125,636,373,155,110,38,7
352,0.82568359375,477,289,99,80,72,9
352,0.7578125,681,310,108,76,74,11
352,0.7548828125,605,278,95,75,91,2
352,0.642578125,1039,264,72,55,97,8
352,0.66015625,336,234,62,46,118,4
352,0.70751953125,285,164,53,61,123,6
352,0.51171875,1220,293,100,57,134,0
352,0.658203125,531,258,67,52,184,3
352,0.83984375,1600,345,117,74,190,10
353,0.841796875,866,363,167,135,17,1
353,0.92578125,1345,548,291,187,34,5
353,0.89404296875,640,375,157,112,38,7
353,0.82568359375,479,290,99,80,72,9
353,0.689453125,684,311,108,77,74,11
353,0.69775390625,608,279,96,76,91,2
353,0.57177734375,1037,263,70,54,97,8
353,0.716796875,337,233,63,46,118,4
353,0.75341796875,285,164,53,63,123,6
353,0.59814453125,1217,292,100,57,134,0
353,0.6259765625,533,259,68,52,184,3
353,0.82568359375,1594,344,116,74,190,10
354,0.87646484375,871,365,169,136,17,1
354,0.927734375,1359,554,296,190,34,5
354,0.8984375,643,377,157,114,38,7
354,0.81982421875,479,290,99,81,72,9
354,0.76611328125,686,311,109,74,74,11
354,0.73388671875,609,279,97,76,91,2
354,0.5390625,1034,263,71,54,97,8
354,0.72314453125,337,234,64,46,118,4
354,0.76904296875,286,165,54,65,123,6
354,0.62451171875,1214,292,100,57,134,0
354,0.6494140625,534,259,68,52,184,3
354,0.7919921875,1589,343,115,73,190,10
355,0.88818359375,876,366,168,137,17,1
355,0.92529296875,1373,559,301,192,34,5
355,0.88720703125,646,378,158,114,38,7
355,0.830078125,481,291,99,82,72,9
355,0.76220703125,689,312,109,75,74,11
355,0.7294921875,611,280,98,76,91,2
355,0.541015625,1033,262,71,54,97,8
355,0.70263671875,338,234,63,45,118,4
355,0.7607421875,286,165,53,66,123,6
355,0.51171875,1211,291,101,56,134,0
355,0.65478515625,536,259,66,53,184,3
355,0.81982421875,1583,342,116,72,190,10
356,0.8671875,882,368,171,138,17,1
356,0.92724609375,1389,565,307,195,34,5
356,0.90380859375,649,380,160,116,38,7
356,0.83544921875,483,291,100,83,72,9
356,0.7744140625,692,314,109,80,74,11
356,0.69287109375,614,280,97,77,91,2
356,0.71875,339,234,63,46,118,4
356,0.751953125,286,165,53,67,123,6
356,0.57958984375,1208,291,102,56,134,0
356,0.662109375,536,260,66,53,184,3
356,0.80322265625,1577,342,115,71,190,10
357,0.896484375,887,370,171,140,17,1
357,0.9326171875,1405,570,311,196,34,5
357,0.89501953125,652,381,161,117,38,7
357,0.83447265625,484,291,100,85,72,9
357,0.75927734375,695,314,110,79,74,11
357,0.74462890625,616,280,97,77,91,2
357,0.5078125,1028,260,71,56,97,8
357,0.71240234375,340,234,64,47,118,4
357,0.7490234375,286,164,52,66,123,6
357,0.638671875,537,260,67,53,184,3
357,0.7744140625,1571,341,114,71,190,10
358,0.896484375,892,371,173,141,17,1
358,0.93505859375,1421,576,317,200,34,5
358,0.88232421875,655,383,162,118,38,7
358,0.8232421875,486,291,101,85,72,9
358,0.7607421875,698,314,111,80,74,11
358,0.71044921875,617,281,96,78,91,2
358,0.658203125,341,234,66,47,118,4
358,0.6943359375,286,163,52,63,123,6
358,0.5908203125,539,260,67,53,184,3
358,0.83447265625,1567,339,114,72,190,10
359,0.892578125,897,373,175,142,17,1
359,0.93408203125,1436,581,322,202,34,5
359,0.89013671875,658,384,163,118,38,7
359,0.82080078125,487,291,102,87,72,9
359,0.78662109375,700,314,111,79,74,11
359,0.70556640625,619,282,98,78,91,2
359,0.67724609375,342,234,67,48,118,4
359,0.7138671875,287,163,52,64,123,6
359,0.5927734375,541,260,69,54,184,3
359,0.7734375,1562,338,113,71,190,10
360,0.52734375,729,211,36,26,8,0
360,0.89013671875,903,375,176,144,17,1
360,0.927734375,1453,587,328,206,34,5
360,0.88623046875,661,386,165,120,38,7
360,0.8291015625,488,292,103,86,72,9
360,0.80078125,703,315,112,79,74,11
360,0.7705078125,622,282,99,78,91,2
360,0.6689453125,1021,260,69,54,97,8
360,0.67724609375,342,234,68,49,118,4
360,0.7373046875,287,163,52,66,123,6
360,0.62451171875,542,261,70,54,184,3
360,0.7607421875,1557,338,113,71,190,10
361,0.83740234375,908,377,179,145,17,1
361,0.9267578125,1470,593,334,208,34,5
361,0.8896484375,665,388,166,121,38,7
361,0.8154296875,490,293,104,86,72,9
361,0.8115234375,706,316,114,80,74,11
361,0.7841796875,624,282,101,78,91,2
361,0.537109375,1018,259,68,52,97,8
361,0.6826171875,343,234,68,49,118,4
361,0.73876953125,287,163,52,66,123,6
361,0.544921875,1193,287,103,56,134,12
361,0.64404296875,543,261,71,54,184,3
361,0.77880859375,1551,337,113,70,190,10
362,0.501953125,727,211,35,26,8,0
362,0.89013671875,914,378,180,146,17,1
362,0.92919921875,1489,600,342,211,34,5
362,0.89404296875,669,389,169,122,38,7
362,0.81298828125,491,293,104,87,72,9
362,0.830078125,709,317,115,80,74,11
362,0.7578125,627,283,103,78,91,2
362,0.537109375,1016,259,70,52,97,8
362,0.6513671875,344,235,69,49,118,4
362,0.71240234375,287,163,52,66,123,6
362,0.70751953125,544,261,70,54,184,3
362,0.80078125,1545,336,112,70,190,10
363,0.89990234375,920,380,180,147,17,1
363,0.9306640625,1507,606,348,216,34,5
363,0.8974609375,673,391,170,121,38,7
363,0.77734375,493,294,106,88,72,9
363,0.81884765625,712,317,115,80,74,11
363,0.76611328125,629,284,104,79,91,2
363,0.6318359375,1014,258,69,53,97,8
363,0.6279296875,346,235,69,50,118,4
363,0.7138671875,287,162,52,65,123,6
363,0.69091796875,546,261,69,54,184,3
363,0.7373046875,1541,335,111,70,190,10
364,0.896484375,926,381,182,148,17,1
364,0.92724609375,1526,613,356,219,34,5
364,0.88818359375,676,393,170,123,38,7
364,0.8115234375,495,294,105,90,72,9
364,0.82421875,715,318,116,81,74,11
364,0.78515625,632,285,105,80,91,2
364,0.689453125,1012,258,69,54,97,8
364,0.61669921875,347,235,70,50,118,4
364,0.69921875,287,162,52,64,123,6
364,0.5546875,1184,285,104,54,134,0
364,0.6943359375,546,262,70,55,184,3
364,0.53515625,1535,335,109,69,190,10
365,0.88818359375,932,383,184,150,17,1
365,0.93310546875,1544,620,364,222,34,5
365,0.8896484375,680,395,171,123,38,7
365,0.75048828125,497,295,105,91,72,9
365,0.83447265625,718,319,116,80,74,11
365,0.77880859375,634,286,105,80,91,2
365,0.515625,1010,258,68,54,97,8
365,0.6298828125,348,235,71,51,118,4
365,0.6318359375,287,161,52,63,123,6
365,0.51171875,1181,285,104,54,134,0
365,0.67724609375,548,262,69,55,184,3
365,0.71240234375,1530,334,109,69,190,10
366,0.9033203125,938,386,185,151,17,1
366,0.9345703125,1564,627,371,225,34,5
366,0.8896484375,683,397,173,126,38,7
366,0.79296875,499,296,105,89,72,9
366,0.8232421875,721,320,118,81,74,11
366,0.7548828125,635,287,104,81,91,2
366,0.521484375,1008,257,68,54,97,8
366,0.60205078125,350,235,69,51,118,4
366,0.642578125,288,161,50,63,123,6
366,0.69580078125,549,262,69,55,184,3
366,0.82568359375,1525,333,109,68,190,10
367,0.87158203125,945,388,188,153,17,1
367,0.92626953125,1584,635,379,229,34,5
367,0.8984375,687,401,174,124,38,7
367,0.80908203125,500,297,106,88,72,9
367,0.78515625,724,325,119,92,74,11
367,0.7548828125,637,288,103,82,91,2
367,0.56982421875,1006,256,68,54,97,8
367,0.640625,351,236,69,51,118,4
367,0.658203125,288,160,49,61,123,6
367,0.6669921875,552,263,68,55,184,3
367,0.7919921875,1520,332,110,68,190,10
367,0.5,277,200,40,30,216,0
368,0.88330078125,951,390,190,154,17,1
368,0.9326171875,1605,642,387,233,34,5
368,0.90478515625,690,402,175,126,38,7
368,0.8017578125,502,298,106,88,72,9
368,0.79931640625,727,323,119,86,74,11
368,0.7431640625,640,288,105,82,91,2
368,0.63330078125,351,237,69,50,118,4
368,0.67041015625,288,160,48,61,123,6
368,0.66015625,553,264,68,56,184,3
368,0.80419921875,1515,332,107,68,190,10
369,0.82763671875,957,392,191,156,17,1
369,0.9287109375,1628,650,395,237,34,5
369,0.900390625,694,405,176,127,38,7
369,0.7890625,505,300,108,88,72,9
369,0.7646484375,730,327,121,90,74,11
369,0.71875,642,289,105,83,91,2
369,0.6318359375,352,237,69,50,118,4
369,0.658203125,288,160,46,60,123,6
369,0.56982421875,1169,283,107,53,134,0
369,0.6494140625,554,265,68,57,184,3
369,0.73388671875,1510,331,106,67,190,10
370,0.8642578125,963,395,194,157,17,1
370,0.9365234375,1650,658,403,241,34,5
370,0.91162109375,698,406,178,129,38,7
370,0.8017578125,507,301,109,88,72,9
370,0.80810546875,733,327,121,87,74,11
370,0.73095703125,644,290,104,83,91,2
370,0.66552734375,353,237,68,49,118,4
370,0.609375,289,160,46,61,123,6
370,0.69287109375,557,265,71,57,184,3
370,0.767578125,1505,330,107,68,190,10
370,0.51171875,495,245,64,51,205,8
371,0.89990234375,970,397,195,158,17,1
371,0.93310546875,1673,667,412,244,34,5
371,0.9150390625,703,408,179,130,38,7
371,0.8388671875,509,302,109,88,72,9
371,0.84375,737,327,122,86,74,11
371,0.767578125,647,291,105,84,91,2
371,0.64794921875,354,238,69,50,118,4
371,0.64599609375,289,160,46,59,123,6
371,0.6875,558,265,69,57,184,3
371,0.80419921875,1501,330,105,67,190,10
371,0.57958984375,497,246,64,53,205,8
372,0.89501953125,977,400,197,160,17,1
372,0.9365234375,1697,676,420,249,34,5
372,0.9091796875,707,411,182,131,38,7
372,0.82568359375,510,303,109,89,72,9
372,0.81396484375,739,327,123,86,74,11
372,0.76611328125,650,292,107,84,91,2
372,0.640625,356,239,71,50,118,4
372,0.662109375,288,160,48,58,123,6
372,0.640625,559,266,69,58,184,3
372,0.763671875,1495,329,106,67,190,10
373,0.86328125,984,403,198,162,17,1
373,0.935546875,1712,684,414,256,34,5
373,0.9033203125,711,413,184,133,38,7
373,0.84716796875,512,304,110,90,72,9
373,0.82080078125,743,327,124,85,74,11
373,0.78662109375,650,294,104,84,91,2
373,0.55078125,992,256,67,51,97,0
373,0.74169921875,358,240,70,51,118,4
373,0.67578125,288,160,50,57,123,6
373,0.6943359375,559,267,69,58,184,3
373,0.78271484375,1491,329,106,66,190,10
373,0.56982421875,498,248,66,54,205,8
374,0.8857421875,991,405,200,163,17,1
374,0.9248046875,1722,692,395,258,34,5
374,0.90283203125,714,416,185,134,38,7
374,0.84912109375,513,305,110,90,72,9
374,0.8291015625,745,328,126,84,74,11
374,0.7880859375,654,295,106,84,91,2
374,0.76220703125,358,240,70,50,118,4
374,0.638671875,287,161,52,58,123,6
374,0.6806640625,561,267,69,57,184,3
374,0.71533203125,1486,329,105,66,190,10
374,0.56591796875,500,247,66,51,205,8
375,0.87744140625,998,407,203,164,17,1
375,0.92822265625,1733,700,373,256,34,5
375,0.9033203125,719,418,187,135,38,7
375,0.8291015625,515,306,111,91,72,9
375,0.81982421875,749,330,126,85,74,11
375,0.7841796875,655,295,105,84,91,2
375,0.73876953125,359,241,70,50,118,4
375,0.6943359375,287,161,52,57,123,6
375,0.611328125,563,268,70,57,184,3
375,0.64404296875,1481,328,104,66,190,10
375,0.50390625,502,247,67,50,205,8
376,0.888671875,1005,410,204,166,17,1
376,0.931640625,1744,709,351,259,34,5
376,0.90283203125,722,421,190,138,38,7
376,0.8427734375,517,307,112,92,72,9
376,0.80419921875,753,332,126,86,74,11
376,0.7890625,658,296,107,84,91,2
376,0.7548828125,361,242,70,51,118,4
376,0.69091796875,286,162,53,57,123,6
376,0.615234375,564,269,67,58,184,3
376,0.7890625,1477,328,103,65,190,10
376,0.529296875,502,249,67,52,205,8
377,0.9072265625,1012,413,206,167,17,1
377,0.93017578125,1755,718,328,264,34,5
377,0.90185546875,727,423,190,138,38,7
377,0.85302734375,518,308,112,93,72,9
377,0.8154296875,756,333,127,86,74,11
377,0.75341796875,661,297,108,85,91,2
377,0.74169921875,361,242,71,52,118,4
377,0.7138671875,286,163,53,58,123,6
377,0.6875,564,270,69,57,184,3
377,0.79833984375,1472,328,102,65,190,10
377,0.56591796875,503,248,68,51,205,8
378,0.8642578125,1020,415,209,170,17,1
378,0.93310546875,1766,728,307,269,34,5
378,0.9072265625,732,426,192,139,38,7
378,0.85009765625,520,309,113,93,72,9
378,0.81884765625,759,334,128,86,74,11
378,0.78662109375,664,298,109,85,91,2
378,0.517578125,982,255,65,50,97,0
378,0.7607421875,362,242,72,53,118,4
378,0.67041015625,287,166,53,64,123,6
378,0.732421875,566,271,70,58,184,3
378,0.77197265625,1467,327,102,65,190,10
378,0.51953125,505,249,67,51,205,8
379,0.85498046875,1028,418,212,171,17,1
379,0.92822265625,1777,739,284,274,34,5
379,0.892578125,737,428,193,141,38,7
379,0.85595703125,522,311,113,93,72,9
379,0.810546875,763,336,129,87,74,11
379,0.79052734375,667,299,109,85,91,2
379,0.505859375,980,255,65,50,97,0
379,0.75927734375,364,242,72,54,118,4
379,0.71044921875,288,166,54,66,123,6
379,0.763671875,567,271,70,59,184,3
379,0.8017578125,1463,327,102,65,190,10
379,0.5927734375,506,249,66,49,205,8
380,0.85693359375,1035,421,214,172,17,1
380,0.9189453125,1790,750,258,280,34,5
380,0.89697265625,741,432,195,142,38,7
380,0.85498046875,524,311,113,94,72,9
380,0.830078125,767,338,131,88,74,11
380,0.8154296875,670,300,113,86,91,2
380,0.5546875,978,255,65,50,97,0
380,0.77734375,364,243,71,54,118,4
380,0.74462890625,289,167,55,67,123,6
380,0.7578125,569,272,70,59,184,3
380,0.72802734375,1459,326,101,65,190,10
380,0.57373046875,507,250,67,49,205,8
381,0.85595703125,1044,424,215,174,17,1
381,0.92138671875,1803,762,233,285,34,5
381,0.89501953125,746,435,197,143,38,7
381,0.861328125,526,312,114,95,72,9
381,0.84375,771,339,132,88,74,11
381,0.80322265625,673,301,115,87,91,2
381,0.60400390625,976,254,66,50,97,0
381,0.79296875,365,244,71,53,118,4
381,0.7490234375,289,167,55,67,123,6
381,0.74462890625,570,272,70,59,184,3
381,0.7373046875,1454,325,101,65,190,10
381,0.63525390625,507,250,67,48,205,8
381,0.517578125,1117,279,71,51,231,12
381,0.56005859375,1169,281,46,43,242,13
382,0.806640625,1052,427,217,177,17,1
382,0.921875,1816,775,206,291,34,5
382,0.89892578125,750,438,199,144,38,7
382,0.85791015625,528,313,115,95,72,9
382,0.83203125,774,341,132,90,74,11
382,0.79833984375,676,302,115,88,91,2
382,0.57177734375,973,254,67,50,97,0
382,0.78662109375,366,245,73,52,118,4
382,0.71533203125,289,167,54,66,123,6
382,0.71533203125,570,273,72,60,184,3
382,0.75634765625,1449,325,100,64,190,10
382,0.62060546875,508,250,67,48,205,8
382,0.57958984375,1166,281,47,42,242,13
383,0.875,1059,429,220,180,17,1
383,0.9111328125,1829,775,180,274,34,5
383,0.89501953125,755,440,202,145,38,7
383,0.8671875,530,314,117,98,72,9
383,0.830078125,777,342,133,90,74,11
383,0.83349609375,678,303,116,89,91,2
383,0.53515625,971,254,67,51,97,0
383,0.80078125,367,246,75,52,118,4
383,0.66357421875,290,167,53,67,123,6
383,0.73388671875,571,274,74,60,184,3
383,0.78515625,1445,324,100,64,190,10
383,0.62255859375,509,250,66,49,205,8
383,0.53515625,1112,280,73,51,231,12
383,0.67236328125,1162,280,48,42,242,13
384,0.861328125,1068,432,223,181,17,1
384,0.89892578125,1844,775,148,255,34,5
384,0.88232421875,760,443,204,147,38,7
384,0.85498046875,532,314,117,100,72,9
384,0.8291015625,781,344,132,92,74,11
384,0.83447265625,682,305,118,90,91,2
384,0.806640625,368,247,75,53,118,4
384,0.6298828125,289,166,51,64,123,6
384,0.708984375,573,275,73,59,184,3
384,0.708984375,1441,324,99,64,190,10
384,0.642578125,510,250,67,48,205,8
385,0.78125,1077,436,227,183,17,1
385,0.8671875,1859,779,116,238,34,5
385,0.87744140625,766,446,207,149,38,7
385,0.84912109375,534,316,117,99,72,9
385,0.83447265625,785,346,134,92,74,11
385,0.79443359375,683,305,116,91,91,2
385,0.806640625,369,247,74,52,118,4
385,0.61328125,289,166,51,63,123,6
385,0.67919921875,575,276,71,58,184,3
385,0.72802734375,1437,323,98,64,190,10
385,0.5908203125,511,251,66,47,205,8
385,0.57958984375,1105,279,72,50,231,0
385,0.68408203125,1157,281,48,43,242,12
386,0.76904296875,1085,439,228,184,17,1
386,0.78271484375,1874,792,88,227,34,5
386,0.908203125,771,449,209,150,38,7
386,0.8408203125,536,317,119,100,72,9
386,0.85009765625,789,347,135,92,74,11
386,0.810546875,685,306,116,91,91,2
386,0.796875,370,248,73,53,118,4
386,0.56982421875,289,166,51,64,123,6
386,0.642578125,576,276,73,60,184,3
386,0.751953125,1432,322,98,65,190,10
386,0.54296875,512,252,67,46,205,8
386,0.548828125,1102,278,70,49,231,0
386,0.56201171875,1155,280,48,42,242,12
387,0.875,1094,441,231,187,17,1
387,0.62451171875,1891,810,55,216,34,5
387,0.8984375,775,452,211,152,38,7
387,0.84814453125,538,318,120,100,72,9
387,0.84716796875,793,348,137,92,74,11
387,0.80810546875,688,307,116,91,91,2
387,0.79833984375,371,248,74,52,118,4
387,0.517578125,289,166,51,63,123,6
387,0.66357421875,577,276,76,60,184,3
387,0.77734375,1428,322,98,65,190,10
387,0.56005859375,513,252,69,47,205,8
388,0.85009765625,1104,445,234,187,17,1
388,0.9111328125,781,455,213,154,38,7
388,0.85693359375,540,320,121,100,72,9
388,0.85107421875,797,350,137,94,74,11
388,0.82568359375,692,308,119,92,91,2
388,0.77978515625,371,249,74,53,118,4
388,0.51953125,289,165,50,62,123,6
388,0.6533203125,579,277,76,61,184,3
388,0.79833984375,1424,322,97,64,190,10
388,0.61669921875,514,253,68,47,205,8
389,0.86328125,1113,448,236,190,17,1
389,0.90673828125,786,458,214,156,38,7
389,0.861328125,542,320,121,102,72,9
389,0.85009765625,800,351,138,94,74,11
389,0.8388671875,696,309,120,92,91,2
389,0.77978515625,373,249,73,53,118,4
389,0.53515625,289,165,51,63,123,6
389,0.6513671875,581,278,76,61,184,3
389,0.80322265625,1419,321,96,65,190,10
389,0.556640625,515,253,69,47,205,8
390,0.7548828125,1122,451,239,192,17,1
390,0.92236328125,791,462,217,157,38,7
390,0.8427734375,544,321,122,103,72,9
390,0.86083984375,804,353,140,94,74,11
390,0.83203125,698,310,121,93,91,2
390,0.796875,374,250,74,53,118,4
390,0.51953125,289,165,51,62,123,6
390,0.65673828125,582,278,76,61,184,3
390,0.80908203125,1415,320,95,65,190,10
390,0.57568359375,516,253,70,48,205,8
390,0.548828125,1091,277,70,50,231,0
390,0.61669921875,1145,279,48,42,242,5
391,0.73583984375,1132,454,242,194,17,1
391,0.90869140625,796,464,220,158,38,7
391,0.84814453125,547,322,123,103,72,9
391,0.85400390625,810,354,139,94,74,11
391,0.80810546875,701,311,121,94,91,2
391,0.513671875,956,253,63,47,97,12
391,0.78515625,374,250,75,54,118,4
391,0.50390625,289,165,50,63,123,6
391,0.60205078125,584,279,76,63,184,3
391,0.73583984375,1411,319,95,63,190,10
391,0.5908203125,518,254,70,49,205,8
391,0.56201171875,1089,276,71,50,231,0
391,0.5947265625,1143,278,48,42,242,5
392,0.8232421875,1142,457,245,196,17,1
392,0.9150390625,802,467,223,161,38,7
392,0.84716796875,549,324,124,102,72,9
392,0.84912109375,814,355,140,95,74,11
392,0.80908203125,705,312,123,95,91,2
392,0.57958984375,954,252,64,47,97,12
392,0.80078125,376,251,74,53,118,4
392,0.65478515625,585,280,79,64,184,3
392,0.70751953125,1407,319,95,63,190,10
392,0.62255859375,518,254,70,49,205,8
392,0.56982421875,1087,276,70,50,231,0
392,0.6689453125,1140,278,48,42,242,5
393,0.79296875,1152,461,249,199,17,1
393,0.91650390625,808,470,225,163,38,7
393,0.85595703125,551,324,125,103,72,9
393,0.873046875,817,356,142,97,74,11
393,0.82421875,707,313,122,95,91,2
393,0.8115234375,376,251,75,53,118,4
393,0.6513671875,586,281,79,63,184,3
393,0.7744140625,1402,318,95,63,190,10
393,0.6669921875,519,255,72,50,205,8
393,0.54296875,1137,277,50,42,242,5
394,0.81298828125,1162,464,252,202,17,1
394,0.9091796875,814,473,226,164,38,7
394,0.85595703125,553,325,126,103,72,9
394,0.86083984375,822,357,143,96,74,11
394,0.8291015625,711,314,124,96,91,2
394,0.609375,950,252,63,47,97,0
394,0.81396484375,377,252,75,53,118,4
394,0.6669921875,588,281,79,65,184,3
394,0.70263671875,1398,317,94,61,190,10
394,0.61328125,521,255,71,49,205,8
394,0.544921875,1081,274,70,50,231,6
394,0.64794921875,1135,277,49,41,242,5
395,0.841796875,1173,468,254,204,17,1
395,0.91259765625,821,478,229,165,38,7
395,0.85693359375,556,326,126,105,72,9
395,0.8662109375,827,359,143,97,74,11
395,0.83447265625,714,315,126,97,91,2
395,0.56982421875,948,252,64,47,97,0
395,0.82421875,379,252,75,53,118,4
395,0.61669921875,589,282,80,65,184,3
395,0.77880859375,1394,316,94,61,190,10
395,0.5888671875,522,255,72,50,205,8
395,0.56591796875,1077,273,69,50,231,6
395,0.541015625,1133,276,50,41,242,5
396,0.8818359375,1184,471,257,206,17,1
396,0.90869140625,827,481,233,168,38,7
396,0.85107421875,558,327,126,106,72,9
396,0.87060546875,831,361,146,98,74,11
396,0.84716796875,718,315,127,97,91,2
396,0.82568359375,380,253,76,54,118,4
396,0.68603515625,590,282,81,65,184,3
396,0.68603515625,1390,315,94,62,190,10
396,0.615234375,524,256,73,49,205,8
396,0.62060546875,1075,273,69,49,231,6
396,0.61328125,1130,276,48,41,242,5
397,0.80419921875,1194,475,262,208,17,1
397,0.9150390625,833,484,236,170,38,7
397,0.85791015625,560,328,125,105,72,9
397,0.86962890625,835,362,147,99,74,11
397,0.85009765625,721,316,128,98,91,2
397,0.830078125,380,253,77,55,118,4
397,0.521484375,291,167,52,68,123,0
397,0.658203125,589,283,85,65,184,3
397,0.6875,1386,314,93,62,190,10
397,0.63525390625,525,256,74,50,205,8
397,0.59619140625,1072,272,69,48,231,6
397,0.61328125,1128,275,49,41,242,5
398,0.75341796875,1206,479,266,211,17,1
398,0.9091796875,839,487,238,172,38,7
398,0.85205078125,562,329,126,106,72,9
398,0.87158203125,839,364,148,100,74,11
398,0.8388671875,723,317,128,98,91,2
398,0.83642578125,382,253,76,55,118,4
398,0.56005859375,291,167,53,69,123,0
398,0.673828125,590,283,88,66,184,3
398,0.73876953125,1382,314,92,61,190,10
398,0.66357421875,526,256,75,50,205,8
398,0.60595703125,1070,272,68,48,231,6
398,0.62060546875,1126,275,49,41,242,5
399,0.74755859375,1217,482,270,213,17,1
399,0.8798828125,845,490,240,174,38,7
399,0.841796875,565,330,127,107,72,9
399,0.8671875,844,365,149,100,74,11
399,0.8154296875,728,318,130,99,91,2
399,0.82666015625,383,253,77,55,118,4
399,0.544921875,291,167,53,69,123,0
399,0.60400390625,592,284,89,66,184,3
399,0.708984375,1378,313,92,60,190,10
399,0.6875,527,257,74,50,205,8
399,0.509765625,1124,275,49,42,242,5
400,0.8916015625,1229,485,273,215,17,1
400,0.89306640625,852,494,243,175,38,7
400,0.85595703125,567,331,127,107,72,9
400,0.87744140625,848,366,148,100,74,11
400,0.83203125,731,319,131,99,91,2
400,0.82666015625,384,253,78,55,118,4
400,0.55810546875,292,167,53,70,123,0
400,0.6318359375,594,284,90,65,184,3
400,0.7958984375,1374,312,92,61,190,10
400,0.67041015625,528,257,74,51,205,8
400,0.56396484375,1121,274,50,41,242,5
401,0.525390625,702,209,32,25,8,6
401,0.86865234375,1242,489,278,218,17,1
401,0.9072265625,858,498,248,177,38,7
401,0.8681640625,570,332,129,108,72,9
401,0.88232421875,853,367,149,99,74,11
401,0.85302734375,734,320,133,100,91,2
401,0.505859375,937,248,62,47,97,12
401,0.82763671875,386,254,78,56,118,4
401,0.51171875,292,168,53,71,123,0
401,0.658203125,595,284,92,67,184,3
401,0.76904296875,1370,311,91,61,190,10
401,0.6806640625,529,257,74,51,205,8
401,0.70556640625,1118,273,50,41,242,5
402,0.76611328125,1253,493,281,221,17,1
402,0.85498046875,866,502,251,179,38,7
402,0.84912109375,572,333,131,109,72,9
402,0.8857421875,858,368,150,99,74,11
402,0.841796875,737,320,133,101,91,2
402,0.81982421875,388,254,77,55,118,4
402,0.546875,292,167,54,71,123,0
402,0.56201171875,1059,269,69,49,134,13
402,0.64599609375,596,285,94,69,184,3
402,0.751953125,1367,311,91,61,190,10
402,0.67041015625,530,257,74,51,205,8
402,0.70068359375,1116,273,50,41,242,5
403,0.8115234375,1265,497,285,225,17,1
403,0.8857421875,873,506,254,180,38,7
403,0.83740234375,575,334,132,110,72,9
403,0.892578125,862,370,152,101,74,11
403,0.85400390625,740,321,134,102,91,2
403,0.83203125,388,254,78,56,118,4
403,0.56982421875,293,167,53,72,123,0
403,0.67919921875,598,285,93,68,184,3
403,0.83544921875,1363,310,90,61,190,10
403,0.70068359375,531,257,72,52,205,8
403,0.6875,1114,273,51,41,242,5
404,0.71044921875,1279,500,290,229,17,1
404,0.85205078125,881,509,257,182,38,7
404,0.79833984375,577,335,133,110,72,9
404,0.89404296875,867,372,153,102,74,11
404,0.80908203125,744,322,136,102,91,2
404,0.81884765625,389,254,77,55,118,4
404,0.6494140625,293,168,55,73,123,0
404,0.537109375,1055,267,69,50,134,6
404,0.62060546875,600,286,93,69,184,3
404,0.79443359375,1359,309,89,60,190,10
404,0.71044921875,533,258,73,52,205,8
404,0.662109375,1113,272,49,41,242,5
405,0.7578125,1291,504,293,233,17,1
405,0.85986328125,887,513,260,184,38,7
405,0.78271484375,579,336,133,112,72,9
405,0.89990234375,872,373,154,103,74,11
405,0.83740234375,747,323,135,104,91,2
405,0.50390625,929,247,62,43,97,12
405,0.81640625,390,254,77,56,118,4
405,0.56591796875,293,168,56,73,123,0
405,0.607421875,1052,267,69,49,134,6
405,0.57177734375,602,286,90,69,184,3
405,0.7744140625,1354,308,89,60,190,10
405,0.70068359375,535,258,76,52,205,8
405,0.7373046875,1110,271,50,40,242,5
406,0.65478515625,1305,510,299,234,17,1
406,0.85595703125,895,518,263,185,38,7
406,0.82568359375,581,336,134,113,72,9
406,0.9013671875,877,376,156,104,74,11
406,0.8447265625,751,325,136,104,91,2
406,0.82421875,391,255,78,56,118,4
406,0.61328125,293,168,56,73,123,0
406,0.70263671875,1049,266,67,49,134,6
406,0.609375,604,286,92,69,184,3
406,0.6943359375,1350,308,89,60,190,10
406,0.7373046875,536,258,76,52,205,8
406,0.7734375,1107,271,50,39,242,5
407,0.74169921875,1319,515,303,237,17,1
407,0.8408203125,903,523,267,189,38,7
407,0.80810546875,584,338,135,113,72,9
407,0.90478515625,882,377,157,106,74,11
407,0.865234375,755,325,137,104,91,2
407,0.82763671875,393,255,77,55,118,4
407,0.509765625,293,167,55,73,123,0
407,0.615234375,606,287,92,69,184,3
407,0.73095703125,1348,307,89,59,190,10
407,0.7548828125,538,259,76,52,205,8
407,0.6826171875,1106,270,48,39,242,5
408,0.59619140625,1333,519,309,240,17,1
408,0.89990234375,911,526,271,192,38,7
408,0.873046875,586,340,135,112,72,9
408,0.89306640625,887,379,158,107,74,11
408,0.86962890625,758,326,138,105,91,2
408,0.8291015625,394,255,77,55,118,4
408,0.52734375,1046,266,73,49,134,6
408,0.615234375,608,287,92,67,184,3
408,0.62255859375,1344,306,89,59,190,10
408,0.75927734375,539,259,77,52,205,8
408,0.740234375,1105,270,47,40,242,5
409,0.533203125,695,207,31,25,8,0
409,0.6689453125,1348,524,312,242,17,1
409,0.87158203125,918,530,275,195,38,7
409,0.85400390625,589,342,137,112,72,9
409,0.88720703125,892,380,159,109,74,11
409,0.84716796875,762,328,139,106,91,2
409,0.82568359375,395,256,79,55,118,4
409,0.64794921875,609,287,93,68,184,3
409,0.67724609375,1340,306,88,59,190,10
409,0.7734375,540,259,77,53,205,8
409,0.64599609375,1102,269,48,40,242,5
410,0.5888671875,695,206,31,25,8,0
410,0.865234375,1363,529,319,244,17,1
410,0.90673828125,927,534,278,196,38,7
410,0.861328125,592,343,137,111,72,9
410,0.88232421875,896,382,161,110,74,11
410,0.85302734375,766,329,141,107,91,2
410,0.82421875,397,256,78,55,118,4
410,0.5908203125,294,165,55,71,123,6
410,0.6298828125,1041,264,68,48,134,12
410,0.6689453125,611,289,95,70,184,3
410,0.658203125,1336,305,88,59,190,10
410,0.78662109375,541,259,77,53,205,8
410,0.7041015625,1098,268,52,40,242,5
411,0.5546875,695,206,31,25,8,0
411,0.896484375,1379,535,324,249,17,1
411,0.89892578125,935,540,281,197,38,7
411,0.85791015625,594,344,138,112,72,9
411,0.8955078125,903,384,163,110,74,11
411,0.8642578125,769,330,141,107,91,2
411,0.82763671875,397,256,78,55,118,4
411,0.57373046875,293,165,55,70,123,6
411,0.66015625,1038,263,66,47,134,12
411,0.642578125,614,289,96,69,184,3
411,0.546875,1333,304,89,58,190,10
411,0.77197265625,543,260,77,54,205,8
411,0.7041015625,1097,268,51,40,242,5
412,0.8662109375,1394,540,329,253,17,1
412,0.84912109375,945,545,286,200,38,7
412,0.861328125,597,346,139,111,72,9
412,0.89111328125,907,386,164,111,74,11
412,0.85009765625,773,331,142,108,91,2
412,0.8232421875,397,256,78,56,118,4
412,0.5869140625,294,165,54,71,123,6
412,0.513671875,1035,262,68,47,134,12
412,0.66015625,613,289,100,70,184,3
412,0.60400390625,1329,304,87,58,190,10
412,0.76220703125,543,260,78,54,205,8
412,0.66552734375,1092,267,53,39,242,5
413,0.86328125,1411,546,335,256,17,1
413,0.841796875,953,549,289,203,38,7
413,0.8662109375,600,348,140,111,72,9
413,0.89697265625,913,387,166,111,74,11
413,0.84716796875,777,332,143,109,91,2
413,0.81640625,399,256,78,56,118,4
413,0.56787109375,294,165,55,71,123,6
413,0.544921875,1032,262,66,47,134,12
413,0.60009765625,616,290,100,70,184,3
413,0.62060546875,1325,303,87,59,190,10
413,0.73388671875,545,261,80,56,205,8
413,0.63720703125,1090,267,55,39,242,5
414,0.517578125,692,205,32,25,8,0
414,0.888671875,1426,551,341,259,17,1
414,0.884765625,962,554,293,206,38,7
414,0.87255859375,602,348,142,113,72,9
414,0.8818359375,919,388,167,112,74,11
414,0.8310546875,781,334,144,111,91,2
414,0.82568359375,400,257,79,57,118,4
414,0.59619140625,294,166,55,71,123,6
414,0.55810546875,1031,261,67,46,134,12
414,0.61865234375,617,289,100,68,184,3
414,0.65478515625,1322,302,85,58,190,10
414,0.76904296875,547,261,80,55,205,8
414,0.6669921875,1088,267,53,39,242,5
415,0.509765625,692,205,32,25,8,0
415,0.806640625,1443,557,347,261,17,1
415,0.88330078125,972,559,297,210,38,7
415,0.88818359375,605,350,142,114,72,9
415,0.8798828125,925,390,169,113,74,11
415,0.822265625,785,335,144,113,91,2
415,0.8291015625,402,257,80,57,118,4
415,0.65478515625,295,166,56,71,123,6
415,0.615234375,1028,261,66,46,134,12
415,0.611328125,620,289,98,66,184,3
415,0.69287109375,1318,301,86,59,190,10
415,0.76904296875,548,261,80,55,205,8
415,0.63330078125,1087,266,52,40,242,5
416,0.544921875,691,205,30,24,8,0
416,0.74755859375,1460,562,354,267,17,1
416,0.85107421875,981,563,303,214,38,7
416,0.88623046875,608,351,142,116,72,9
416,0.892578125,931,392,170,113,74,11
416,0.7265625,788,336,146,113,91,2
416,0.5546875,911,240,59,47,97,13
416,0.83740234375,404,258,82,58,118,4
416,0.69775390625,296,166,56,72,123,6
416,0.57568359375,622,290,99,68,184,3
416,0.689453125,1315,301,86,59,190,10
416,0.79052734375,549,262,79,55,205,8
416,0.60009765625,1083,266,53,39,242,5
417,0.7490234375,1478,568,361,272,17,1
417,0.83447265625,990,570,308,216,38,7
417,0.8857421875,611,352,142,117,72,9
417,0.88818359375,937,394,172,113,74,11
417,0.82666015625,793,337,147,113,91,2
417,0.82763671875,405,259,83,58,118,4
417,0.70263671875,296,167,57,72,123,6
417,0.55078125,1023,260,65,46,134,12
417,0.63525390625,625,292,100,72,184,3
417,0.6533203125,1311,300,86,57,190,10
417,0.78662109375,550,262,79,55,205,8
417,0.6279296875,1082,265,51,39,242,5
418,0.85888671875,1497,574,367,276,17,1
418,0.78125,1001,576,312,217,38,7
418,0.89111328125,614,353,144,119,72,9
418,0.88720703125,942,396,173,115,74,11
418,0.875,797,339,149,114,91,2
418,0.8291015625,407,259,82,58,118,4
418,0.7041015625,296,167,56,72,123,6
418,0.57373046875,1020,260,65,46,134,12
418,0.65673828125,625,292,103,70,184,3
418,0.67724609375,1308,300,85,57,190,10
418,0.7734375,552,263,80,55,205,8
418,0.6806640625,1080,265,53,39,242,5
419,0.81640625,1516,580,374,281,17,1
419,0.85498046875,1011,582,317,219,38,7
419,0.8818359375,617,355,146,119,72,9
419,0.89306640625,947,399,176,117,74,11
419,0.861328125,801,340,151,116,91,2
419,0.82421875,408,259,82,58,118,4
419,0.7265625,295,167,56,72,123,6
419,0.505859375,1018,259,65,47,134,12
419,0.67041015625,627,291,102,68,184,3
419,0.63330078125,1304,299,86,56,190,10
419,0.77880859375,554,263,80,56,205,8
419,0.607421875,1077,264,55,39,242,5
420,0.89306640625,1536,587,381,284,17,1
420,0.8447265625,1021,588,323,221,38,7
420,0.87646484375,620,356,147,120,72,9
420,0.8974609375,954,401,177,119,74,11
420,0.85986328125,805,342,151,117,91,2
420,0.83740234375,408,260,82,59,118,4
420,0.75927734375,296,167,56,72,123,6
420,0.53515625,1015,258,63,47,134,12
420,0.63525390625,632,291,97,65,184,3
420,0.6513671875,1301,298,85,56,190,10
420,0.78271484375,555,263,82,56,205,8
420,0.5927734375,1075,264,54,39,242,5
421,0.64794921875,1556,595,391,287,17,1
421,0.8759765625,1032,594,328,226,38,7
421,0.873046875,623,358,148,122,72,9
421,0.9013671875,960,404,179,120,74,11
421,0.845703125,809,343,152,118,91,2
421,0.84375,409,261,83,59,118,4
421,0.740234375,296,167,56,72,123,6
421,0.57568359375,1013,258,63,46,134,12
421,0.62060546875,635,292,96,66,184,3
421,0.6298828125,1297,298,84,55,190,10
421,0.7734375,557,264,82,57,205,8
421,0.638671875,1073,264,56,39,242,5
422,0.662109375,1577,602,398,292,17,1
422,0.88623046875,1044,601,332,230,38,7
422,0.87255859375,626,359,149,122,72,9
422,0.89404296875,966,406,181,121,74,11
422,0.875,814,345,153,118,91,2
422,0.83642578125,411,262,83,60,118,4
422,0.7734375,296,167,55,72,123,6
422,0.60205078125,636,292,99,65,184,3
422,0.7294921875,1294,297,84,56,190,10
422,0.79052734375,558,264,82,58,205,8
422,0.56005859375,1073,264,53,39,242,5
423,0.8056640625,1598,610,408,298,17,1
423,0.892578125,1055,607,338,232,38,7
423,0.8857421875,628,362,151,123,72,9
423,0.89697265625,973,408,182,122,74,11
423,0.87744140625,818,346,155,118,91,2
423,0.82568359375,412,262,84,61,118,4
423,0.76220703125,296,167,55,72,123,6
423,0.69091796875,637,293,102,65,184,3
423,0.75927734375,1291,297,83,56,190,10
423,0.7919921875,559,265,83,57,205,8
423,0.59619140625,1071,264,49,39,242,5
424,0.74462890625,1620,618,418,302,17,1
424,0.89111328125,1066,613,344,236,38,7
424,0.873046875,631,363,152,123,72,9
424,0.90283203125,979,411,183,123,74,11
424,0.8759765625,823,348,156,120,91,2
424,0.83203125,414,262,83,61,118,4
424,0.75927734375,296,167,55,73,123,6
424,0.556640625,1006,258,63,45,134,0
424,0.67236328125,640,293,102,64,184,3
424,0.70263671875,1287,297,83,56,190,10
424,0.80419921875,561,266,83,58,205,8
424,0.662109375,1067,264,53,39,242,5
425,0.822265625,1643,625,427,308,17,1
425,0.77880859375,1079,620,349,240,38,7
425,0.875,634,365,154,123,72,9
425,0.9072265625,985,413,185,124,74,11
425,0.87890625,826,350,158,121,91,2
425,0.83447265625,415,263,84,60,118,4
425,0.69091796875,295,167,54,73,123,6
425,0.60400390625,1004,258,63,45,134,0
425,0.73095703125,641,293,103,62,184,3
425,0.66552734375,1283,296,83,56,190,10
425,0.80908203125,562,266,83,58,205,8
425,0.72314453125,1065,263,53,39,242,5
426,0.81396484375,1666,633,436,315,17,1
426,0.89990234375,1091,627,354,243,38,7
426,0.884765625,637,365,155,126,72,9
426,0.90869140625,991,416,186,125,74,11
426,0.8671875,832,352,158,122,91,2
426,0.82763671875,416,264,83,61,118,4
426,0.69580078125,295,167,54,73,123,6
426,0.60009765625,1002,257,62,46,134,0
426,0.70068359375,643,293,104,61,184,3
426,0.640625,1280,296,83,55,190,10
426,0.77587890625,563,266,85,58,205,8
426,0.70556640625,1063,263,54,38,242,5
427,0.76904296875,1691,640,445,323,17,1
427,0.9091796875,1103,634,361,247,38,7
427,0.896484375,641,367,156,129,72,9
427,0.908203125,998,418,188,126,74,11
427,0.8955078125,836,354,159,123,91,2
427,0.82763671875,417,264,84,61,118,4
427,0.76220703125,295,167,54,74,123,6
427,0.6826171875,644,294,107,60,184,3
427,0.611328125,1276,295,83,56,190,10
427,0.7958984375,564,267,85,58,205,8
427,0.5830078125,1061,263,54,39,242,5
428,0.8759765625,1703,649,432,329,17,1
428,0.9111328125,1116,643,368,250,38,7
428,0.8857421875,644,369,156,130,72,9
428,0.89990234375,1004,421,191,127,74,11
428,0.89892578125,840,355,160,123,91,2
428,0.537109375,891,236,56,46,97,0
428,0.830078125,419,265,85,62,118,4
428,0.77587890625,296,168,54,74,123,6
428,0.69775390625,646,296,107,62,184,3
428,0.5947265625,1273,295,82,56,190,10
428,0.79931640625,566,268,86,58,205,8
428,0.640625,1060,262,54,38,242,5
429,0.83544921875,1714,656,411,332,17,1
429,0.90869140625,1130,650,375,254,38,7
429,0.88232421875,647,372,157,128,72,9
429,0.90283203125,1012,423,192,129,74,11
429,0.8896484375,845,357,161,124,91,2
429,0.82666015625,420,266,85,62,118,4
429,0.79052734375,296,168,54,74,123,6
429,0.662109375,995,257,64,45,134,12
429,0.77197265625,649,297,106,62,184,3
429,0.796875,567,269,85,57,205,8
429,0.51953125,318,211,49,37,216,13
429,0.6943359375,1057,262,53,38,242,5
430,0.80810546875,1724,664,390,330,17,1
430,0.92578125,1144,657,380,259,38,7
430,0.900390625,650,374,158,129,72,9
430,0.9072265625,1019,426,194,129,74,11
430,0.8916015625,850,359,164,125,91,2
430,0.83642578125,421,267,85,61,118,4
430,0.7890625,296,168,55,74,123,6
430,0.521484375,993,257,62,45,134,12
430,0.7607421875,650,297,110,61,184,3
430,0.556640625,1266,294,82,56,190,0
430,0.80078125,568,270,85,57,205,8
430,0.548828125,318,212,49,38,216,13
430,0.6669921875,1055,262,54,38,242,5
431,0.8388671875,1735,671,368,335,17,1
431,0.93017578125,1159,666,389,265,38,7
431,0.89013671875,653,376,160,131,72,9
431,0.89892578125,1026,429,197,130,74,11
431,0.8955078125,854,361,166,127,91,2
431,0.83984375,423,268,86,61,118,4
431,0.78662109375,297,168,55,74,123,6
431,0.65478515625,990,257,62,45,134,12
431,0.7705078125,652,297,108,59,184,3
431,0.57763671875,1264,294,81,56,190,0
431,0.8154296875,570,271,85,58,205,8
431,0.541015625,319,212,50,37,216,13
431,0.7431640625,1053,262,54,38,242,5
432,0.69287109375,1747,681,344,339,17,1
432,0.9189453125,1174,675,397,270,38,7
432,0.884765625,656,378,161,131,72,9
432,0.900390625,1034,432,200,131,74,11
432,0.90478515625,860,362,167,127,91,2
432,0.8427734375,424,268,86,61,118,4
432,0.7880859375,297,168,55,74,123,6
432,0.61669921875,988,257,62,44,134,12
432,0.74609375,656,297,109,58,184,3
432,0.6318359375,1260,293,80,55,190,0
432,0.82080078125,572,272,86,58,205,8
432,0.7265625,1051,262,54,38,242,5
433,0.57568359375,1759,692,320,346,17,1
433,0.908203125,1189,684,404,274,38,7
433,0.8857421875,660,379,163,134,72,9
433,0.89990234375,1041,434,201,132,74,11
433,0.90380859375,865,364,168,127,91,2
433,0.8447265625,425,269,88,62,118,4
433,0.78662109375,297,168,55,74,123,6
433,0.61669921875,986,257,62,43,134,12
433,0.75634765625,659,298,110,58,184,3
433,0.544921875,1257,293,80,55,190,0
433,0.81884765625,573,272,85,58,205,8
433,0.501953125,321,213,50,36,216,10
433,0.70263671875,1050,262,53,38,242,5
434,0.70263671875,1771,701,296,353,17,1
434,0.90966796875,1204,691,412,279,38,7
434,0.888671875,664,381,164,136,72,9
434,0.896484375,1049,437,203,134,74,11
434,0.90380859375,870,366,169,129,91,2
434,0.841796875,427,269,88,63,118,4
434,0.7890625,297,169,55,75,123,6
434,0.5888671875,985,257,62,44,134,12
434,0.73876953125,662,297,109,56,184,3
434,0.57177734375,1253,292,80,54,190,0
434,0.80078125,575,273,86,59,205,8
434,0.5234375,321,214,50,37,216,10
434,0.72802734375,1048,261,52,38,242,5
435,0.55810546875,1783,712,272,360,17,1
435,0.9033203125,1220,701,421,284,38,7
435,0.892578125,667,383,166,135,72,9
435,0.900390625,1056,440,206,136,74,11
435,0.89990234375,875,369,170,131,91,2
435,0.8388671875,428,270,88,63,118,4
435,0.79296875,297,169,55,75,123,6
435,0.56005859375,982,256,60,44,134,12
435,0.7841796875,665,299,109,58,184,3
435,0.6826171875,1250,292,80,55,190,0
435,0.806640625,577,273,88,59,205,8
435,0.615234375,322,214,50,37,216,10
435,0.56201171875,1045,261,53,38,242,5
436,0.7373046875,1797,724,245,369,17,1
436,0.92822265625,1236,711,429,290,38,7
436,0.89501953125,671,385,167,136,72,9
436,0.9013671875,1063,443,209,137,74,11
436,0.9033203125,880,370,171,132,91,2
436,0.8291015625,429,270,88,64,118,4
436,0.79052734375,297,170,56,75,123,6
436,0.5830078125,980,256,62,44,134,12
436,0.78662109375,666,300,109,57,184,3
436,0.60205078125,1247,292,80,54,190,0
436,0.80322265625,578,274,88,59,205,8
436,0.64599609375,323,214,51,37,216,10
436,0.60400390625,1043,261,53,38,242,5
437,0.83544921875,1810,736,218,376,17,1
437,0.87890625,1254,721,439,296,38,7
437,0.8896484375,675,388,168,137,72,9
437,0.89990234375,1071,447,211,138,74,11
437,0.9091796875,885,372,173,133,91,2
437,0.81640625,430,271,89,64,118,4
437,0.7880859375,298,170,56,76,123,6
437,0.7880859375,669,301,108,58,184,3
437,0.80908203125,579,274,88,60,205,8
437,0.65478515625,324,214,51,37,216,10
437,0.6689453125,1042,261,53,38,242,5
438,0.5869140625,1825,741,188,373,17,1
438,0.91552734375,1272,731,448,302,38,7
438,0.89111328125,679,389,170,140,72,9
438,0.9091796875,1079,450,215,140,74,11
438,0.89306640625,891,374,175,134,91,2
438,0.81298828125,431,272,90,64,118,4
438,0.7890625,298,170,56,76,123,6
438,0.75634765625,671,302,111,61,184,3
438,0.57958984375,1241,292,79,54,190,0
438,0.80810546875,581,275,88,60,205,8
438,0.64404296875,324,214,52,38,216,10
438,0.552734375,1039,261,54,38,242,5
439,0.55810546875,1840,736,158,348,17,1
439,0.900390625,1291,742,459,308,38,7
439,0.89892578125,682,391,171,142,72,9
439,0.90283203125,1088,452,216,144,74,11
439,0.89697265625,896,377,176,137,91,2
439,0.83203125,433,273,90,63,118,4
439,0.7958984375,298,170,56,75,123,6
439,0.75927734375,674,303,112,61,184,3
439,0.607421875,1238,291,79,54,190,0
439,0.82666015625,582,277,88,61,205,8
439,0.66015625,325,215,53,39,216,10
439,0.552734375,390,203,44,36,235,12
439,0.72021484375,1038,261,53,37,242,5
440,0.91943359375,1310,753,469,315,38,7
440,0.900390625,684,393,174,143,72,9
440,0.90185546875,1097,456,217,144,74,11
440,0.896484375,902,379,178,138,91,2
440,0.83544921875,435,274,90,64,118,4
440,0.7607421875,298,171,56,75,123,6
440,0.7705078125,676,304,112,62,184,3
440,0.5,1235,291,78,54,190,0
440,0.8388671875,584,277,87,61,205,8
440,0.6318359375,326,215,53,40,216,10
440,0.5869140625,390,204,43,36,235,12
440,0.64794921875,1036,260,53,37,242,5
441,0.71533203125,1871,748,95,330,17,1
441,0.9091796875,1330,764,480,322,38,7
441,0.89697265625,688,396,176,143,72,9
441,0.89697265625,1106,459,221,145,74,11
441,0.91162109375,907,381,179,140,91,2
441,0.5908203125,871,235,56,46,97,13
441,0.8408203125,436,275,90,64,118,4
441,0.77734375,299,170,56,75,123,6
441,0.8017578125,679,307,113,66,184,3
441,0.82568359375,585,277,88,61,205,8
441,0.6298828125,326,215,53,41,216,10
441,0.61669921875,390,204,43,35,235,12
441,0.7265625,1034,260,51,36,242,5
442,0.66015625,1889,764,61,323,17,1
442,0.87744140625,1350,778,492,329,38,7
442,0.8984375,692,398,177,143,72,9
442,0.8974609375,1114,463,224,146,74,11
442,0.89111328125,913,382,181,140,91,2
442,0.85205078125,438,275,91,63,118,4
442,0.7578125,299,171,56,75,123,6
442,0.501953125,967,255,61,45,134,0
442,0.740234375,681,312,116,74,184,3
442,0.546875,1229,290,77,53,190,14
442,0.82763671875,587,278,88,62,205,8
442,0.63720703125,327,216,53,39,216,10
442,0.57568359375,391,204,43,35,235,12
442,0.73876953125,1033,260,53,36,242,5
443,0.9189453125,1372,789,506,335,38,7
443,0.8896484375,697,401,178,144,72,9
443,0.89892578125,1122,466,225,146,74,11
443,0.90478515625,919,385,182,142,91,2
443,0.642578125,868,234,55,46,97,13
443,0.85888671875,439,276,91,64,118,4
443,0.7880859375,299,171,56,76,123,6
443,0.75634765625,684,312,116,72,184,3
443,0.6279296875,1226,290,77,53,190,14
443,0.83447265625,588,279,89,62,205,8
443,0.69091796875,328,217,53,38,216,10
443,0.71240234375,1031,260,51,36,242,5
444,0.87060546875,1395,802,518,342,38,7
444,0.89892578125,701,403,178,144,72,9
444,0.9208984375,1132,470,228,148,74,11
444,0.90283203125,926,387,185,143,91,2
444,0.84716796875,441,277,90,64,118,4
444,0.8017578125,299,171,56,76,123,6
444,0.61669921875,962,254,60,43,134,0
444,0.79443359375,687,312,116,71,184,3
444,0.501953125,1223,289,77,53,190,14
444,0.83203125,590,279,90,63,205,8
444,0.70263671875,330,217,54,37,216,10
444,0.76220703125,1029,260,52,36,242,5
445,0.90283203125,1418,814,531,349,38,7
445,0.90185546875,705,405,180,146,72,9
445,0.927734375,1141,473,233,149,74,11
445,0.90869140625,931,388,186,143,91,2
445,0.84716796875,442,278,92,65,118,4
445,0.81640625,299,171,56,76,123,6
445,0.83740234375,689,313,117,71,184,3
445,0.517578125,1220,288,76,52,190,14
445,0.83984375,591,279,90,62,205,8
445,0.7216796875,331,218,53,38,216,10
445,0.5,392,205,45,35,235,1
445,0.76904296875,1027,260,52,36,242,5
446,0.9208984375,1442,827,546,358,38,7
446,0.8896484375,710,407,182,148,72,9
446,0.91064453125,1151,476,234,151,74,11
446,0.90966796875,937,391,188,145,91,2
446,0.8447265625,445,278,92,65,118,4
446,0.81982421875,300,171,57,77,123,6
446,0.8408203125,692,314,117,72,184,3
446,0.51953125,1217,287,75,52,190,14
446,0.8310546875,593,280,90,63,205,8
446,0.7294921875,331,218,53,37,216,10
446,0.521484375,393,205,45,35,235,1
446,0.70263671875,1025,259,51,36,242,5
447,0.908203125,1467,842,561,366,38,7
447,0.888671875,714,408,183,151,72,9
447,0.908203125,1161,480,236,154,74,11
447,0.88623046875,944,393,190,147,91,2
447,0.84814453125,446,279,92,67,118,4
447,0.83203125,300,171,57,77,123,6
447,0.529296875,957,253,59,42,134,0
447,0.82421875,695,315,118,73,184,3
447,0.56201171875,1215,287,75,52,190,14
447,0.8291015625,595,281,91,64,205,8
447,0.73095703125,332,218,52,38,216,10
447,0.7578125,1024,259,51,36,242,5
448,0.9130859375,1494,857,577,375,38,7
448,0.89892578125,718,409,185,154,72,9
448,0.9208984375,1170,483,241,156,74,11
448,0.90576171875,950,395,191,148,91,2
448,0.845703125,448,280,94,67,118,4
448,0.8388671875,300,171,57,77,123,6
448,0.82763671875,698,315,117,72,184,3
448,0.63525390625,1211,287,74,53,190,14
448,0.822265625,596,282,92,64,205,8
448,0.72802734375,333,219,52,38,216,10
448,0.50390625,394,205,45,36,235,1
448,0.62255859375,1022,258,50,36,242,5
449,0.908203125,1521,871,594,381,38,7
449,0.8857421875,722,411,187,157,72,9
449,0.92138671875,1181,487,243,158,74,11
449,0.88818359375,957,398,194,149,91,2
449,0.84814453125,449,280,94,67,118,4
449,0.83203125,300,171,57,78,123,6
449,0.82421875,700,315,118,72,184,3
449,0.63330078125,1209,286,73,53,190,14
449,0.82080078125,598,282,93,64,205,8
449,0.7490234375,333,219,51,38,216,10
449,0.5,394,205,44,36,235,1
449,0.71240234375,1020,258,50,36,242,5
450,0.8896484375,1551,882,614,381,38,7
450,0.90380859375,726,413,187,159,72,9
450,0.92578125,1190,490,246,159,74,11
450,0.89404296875,963,400,196,150,91,2
450,0.8447265625,450,281,94,68,118,4
450,0.8291015625,300,171,57,78,123,6
450,0.62451171875,951,251,61,42,134,0
450,0.8427734375,703,316,119,73,184,3
450,0.82421875,600,282,93,64,205,8
450,0.732421875,334,219,51,38,216,10
450,0.73388671875,1018,257,50,36,242,5
451,0.89404296875,1581,890,630,373,38,7
451,0.9033203125,731,417,189,157,72,9
451,0.91845703125,1201,494,249,161,74,11
451,0.91064453125,969,401,199,151,91,2
451,0.83984375,452,282,95,68,118,4
451,0.81884765625,300,171,57,78,123,6
451,0.59619140625,949,251,60,41,134,0
451,0.81982421875,705,317,121,73,184,3
451,0.525390625,1203,285,74,51,190,1
451,0.83447265625,602,283,93,64,205,8
451,0.72802734375,335,220,52,39,216,10
451,0.50390625,395,206,45,36,235,12
451,0.77587890625,1017,257,50,36,242,5
452,0.88818359375,1603,896,633,360,38,7
452,0.89697265625,736,418,191,160,72,9
452,0.91552734375,1212,498,254,163,74,11
452,0.89111328125,977,404,200,153,91,2
452,0.84814453125,454,282,96,69,118,4
452,0.81884765625,300,171,57,78,123,6
452,0.525390625,946,251,60,42,134,0
452,0.81298828125,708,318,121,75,184,3
452,0.5888671875,1201,284,74,51,190,1
452,0.8408203125,604,284,93,65,205,8
452,0.716796875,336,220,52,38,216,10
452,0.51171875,395,205,45,36,235,12
452,0.66015625,1015,256,50,36,242,5
453,0.91064453125,1613,902,612,348,38,7
453,0.89306640625,740,420,193,161,72,9
453,0.91259765625,1223,502,257,164,74,11
453,0.9033203125,983,406,201,155,91,2
453,0.8427734375,455,282,96,69,118,4
453,0.83544921875,301,171,58,78,123,6
453,0.56591796875,944,251,60,42,134,0
453,0.8310546875,711,319,121,75,184,3
453,0.59814453125,1197,284,73,52,190,1
453,0.85205078125,605,284,93,65,205,8
453,0.7265625,336,220,52,38,216,10
453,0.51953125,395,205,45,36,235,12
453,0.689453125,1013,256,50,36,242,5
454,0.908203125,1625,908,589,333,38,7
454,0.875,745,422,194,164,72,9
454,0.91650390625,1234,506,260,167,74,11
454,0.89892578125,990,408,203,156,91,2
454,0.83984375,456,283,96,69,118,4
454,0.82666015625,301,171,59,79,123,6
454,0.83447265625,714,321,121,76,184,3
454,0.5849609375,1195,283,74,52,190,1
454,0.84375,607,285,93,65,205,8
454,0.70263671875,338,220,53,38,216,10
454,0.5234375,396,205,45,37,235,12
454,0.56201171875,1011,256,50,36,242,5
455,0.91650390625,1636,915,566,318,38,7
455,0.83642578125,750,425,197,164,72,9
455,0.91552734375,1245,510,263,169,74,11
455,0.8955078125,998,410,206,158,91,2
455,0.83642578125,458,283,96,69,118,4
455,0.8056640625,302,170,60,80,123,6
455,0.548828125,941,249,58,40,134,0
455,0.751953125,717,323,122,80,184,3
455,0.845703125,608,285,94,65,205,8
455,0.71533203125,338,219,53,38,216,10
455,0.62451171875,1009,254,50,37,242,5
456,0.908203125,1649,923,541,305,38,7
456,0.7490234375,755,427,200,166,72,9
456,0.90283203125,1257,514,268,170,74,11
456,0.88720703125,1004,413,207,160,91,2
456,0.841796875,459,284,96,70,118,4
456,0.79296875,302,170,61,80,123,6
456,0.62451171875,939,249,57,40,134,0
456,0.8056640625,721,322,123,79,184,3
456,0.546875,1189,282,74,51,190,1
456,0.830078125,610,286,94,65,205,8
456,0.71044921875,340,219,54,38,216,10
456,0.69775390625,1007,253,50,37,242,5
457,0.89697265625,1663,930,513,289,38,7
457,0.8642578125,760,431,202,166,72,9
457,0.908203125,1269,519,272,172,74,11
457,0.91064453125,1012,416,209,162,91,2
457,0.515625,847,230,52,44,97,12
457,0.85400390625,462,285,96,69,118,4
457,0.81396484375,303,170,61,80,123,6
457,0.60205078125,937,248,57,40,134,0
457,0.82080078125,724,323,123,80,184,3
457,0.537109375,1186,281,72,51,190,1
457,0.830078125,612,286,94,65,205,8
457,0.740234375,341,219,54,38,216,10
457,0.521484375,397,205,48,38,235,13
457,0.68603515625,1006,253,49,37,242,5
458,0.8974609375,1678,938,483,272,38,7
458,0.8955078125,765,434,204,168,72,9
458,0.91748046875,1281,523,276,175,74,11
458,0.9287109375,1019,418,212,162,91,2
458,0.548828125,845,229,51,44,97,12
458,0.85205078125,463,285,98,70,118,4
458,0.80908203125,303,170,61,80,123,6
458,0.64599609375,935,248,56,40,134,0
458,0.7958984375,727,325,124,82,184,3
458,0.58154296875,1183,281,72,51,190,1
458,0.8291015625,614,287,94,66,205,8
458,0.7216796875,341,219,54,38,216,10
458,0.56396484375,398,205,48,37,235,13
458,0.75927734375,1004,253,50,37,242,5
459,0.908203125,1692,946,455,256,38,7
459,0.90380859375,770,436,206,169,72,9
459,0.923828125,1293,528,281,176,74,11
459,0.90673828125,1026,420,214,165,91,2
459,0.85302734375,465,286,98,70,118,4
459,0.8291015625,303,170,62,80,123,6
459,0.71240234375,933,248,56,41,134,0
459,0.82421875,731,326,125,83,184,3
459,0.83984375,616,287,95,67,205,8
459,0.73583984375,342,219,54,38,216,10
459,0.57958984375,398,205,48,37,235,13
459,0.751953125,1002,253,50,37,242,5
460,0.89697265625,1706,954,427,238,38,7
460,0.93359375,775,439,208,171,72,9
460,0.9228515625,1306,532,285,178,74,11
460,0.83740234375,1034,422,216,166,91,2
460,0.85205078125,466,286,97,71,118,4
460,0.83544921875,303,170,61,80,123,6
460,0.546875,930,248,56,41,134,0
460,0.85107421875,734,327,128,83,184,3
460,0.83203125,618,287,95,67,205,8
460,0.740234375,343,219,53,38,216,10
460,0.513671875,399,205,47,38,235,13
460,0.658203125,1000,253,48,37,242,5
461,0.84912109375,1724,963,391,218,38,7
461,0.92041015625,780,442,210,173,72,9
461,0.9267578125,1319,537,289,181,74,11
461,0.8896484375,1043,425,218,168,91,2
461,0.85205078125,468,287,97,71,118,4
461,0.8408203125,303,170,61,80,123,6
461,0.69580078125,930,247,56,40,134,0
461,0.85693359375,737,327,129,82,184,3
461,0.83544921875,620,288,96,68,205,8
461,0.72802734375,345,219,55,38,216,10
461,0.544921875,400,204,46,38,235,13
461,0.7490234375,998,252,48,36,242,5
462,0.7841796875,1740,968,359,205,38,7
462,0.91259765625,785,444,211,175,72,9
462,0.923828125,1332,542,293,184,74,11
462,0.87744140625,1050,427,221,170,91,2
462,0.85400390625,470,287,97,71,118,4
462,0.8427734375,303,170,62,80,123,6
462,0.84814453125,740,328,128,83,184,3
462,0.67041015625,1172,279,72,50,190,1
462,0.8427734375,622,288,97,68,205,8
462,0.732421875,346,219,54,38,216,10
462,0.505859375,400,204,46,38,235,13
462,0.60400390625,997,251,47,36,242,5
463,0.86083984375,1758,984,322,179,38,7
463,0.91650390625,790,446,214,177,72,9
463,0.92822265625,1346,546,297,187,74,11
463,0.8818359375,1059,430,222,170,91,2
463,0.861328125,472,287,98,71,118,4
463,0.8447265625,304,170,62,79,123,6
463,0.57568359375,925,246,57,40,134,0
463,0.85009765625,742,329,128,83,184,3
463,0.5869140625,1169,278,72,50,190,1
463,0.84375,624,289,98,69,205,8
463,0.74755859375,347,220,55,39,216,10
463,0.52734375,401,204,46,38,235,13
463,0.69091796875,995,250,49,36,242,5
464,0.85302734375,1777,997,284,156,38,7
464,0.916015625,796,449,215,181,72,9
464,0.9208984375,1360,550,302,190,74,11
464,0.87890625,1067,433,225,173,91,2
464,0.86083984375,474,288,100,71,118,4
464,0.845703125,304,170,63,79,123,6
464,0.53515625,923,246,57,40,134,0
464,0.8310546875,746,331,129,83,184,3
464,0.84716796875,626,290,99,69,205,8
464,0.78271484375,348,220,55,39,216,10
464,0.57177734375,402,204,45,38,235,13
464,0.68603515625,994,250,48,36,242,5
465,0.916015625,802,452,218,184,72,9
465,0.921875,1374,556,308,193,74,11
465,0.888671875,1075,436,229,174,91,2
465,0.85595703125,476,289,101,72,118,4
465,0.84716796875,304,170,63,79,123,6
465,0.662109375,922,245,56,40,134,0
465,0.845703125,748,332,129,85,184,3
465,0.84814453125,627,290,99,70,205,8
465,0.763671875,349,220,56,39,216,10
465,0.525390625,402,204,45,39,235,13
465,0.72021484375,992,250,50,36,242,5
466,0.91845703125,807,455,220,186,72,9
466,0.91748046875,1389,561,314,194,74,11
466,0.8154296875,1083,439,231,176,91,2
466,0.86083984375,477,290,102,72,118,4
466,0.841796875,305,170,64,80,123,6
466,0.5927734375,920,245,56,40,134,0
466,0.84375,752,333,130,85,184,3
466,0.84814453125,629,291,99,70,205,8
466,0.767578125,350,220,58,40,216,10
466,0.51171875,403,204,45,39,235,13
466,0.68408203125,990,250,49,36,242,5
467,0.9091796875,813,458,222,187,72,9
467,0.921875,1404,568,320,197,74,11
467,0.91552734375,1092,442,233,177,91,2
467,0.85400390625,479,290,102,73,118,4
467,0.83447265625,306,170,63,80,123,6
467,0.69775390625,918,244,56,39,134,0
467,0.84716796875,755,334,130,85,184,3
467,0.861328125,631,292,99,70,205,8
467,0.76904296875,351,221,58,40,216,10
467,0.52734375,403,205,45,39,235,13
467,0.7138671875,989,250,49,36,242,5
468,0.91162109375,819,460,224,190,72,9
468,0.923828125,1419,573,325,199,74,11
468,0.91064453125,1101,445,235,180,91,2
468,0.86083984375,481,291,103,74,118,4
468,0.82666015625,306,170,63,80,123,6
468,0.5546875,916,244,55,37,134,0
468,0.8447265625,758,335,131,85,184,3
468,0.54296875,1156,275,70,49,190,1
468,0.85498046875,633,292,100,70,205,8
468,0.7744140625,352,221,58,41,216,10
468,0.533203125,404,204,47,39,235,13
468,0.70751953125,987,250,50,35,242,5
469,0.90869140625,825,463,227,193,72,9
469,0.931640625,1435,579,330,202,74,11
469,0.89501953125,1110,449,239,182,91,2
469,0.505859375,831,226,51,42,97,7
469,0.86083984375,483,291,103,74,118,4
469,0.82421875,306,170,63,80,123,6
469,0.521484375,915,243,56,38,134,0
469,0.85693359375,763,337,133,86,184,3
469,0.85986328125,635,293,100,70,205,8
469,0.7890625,353,221,57,41,216,10
469,0.56982421875,404,205,48,39,235,13
469,0.73095703125,985,250,49,35,242,5
470,0.9111328125,832,467,230,195,72,9
470,0.92431640625,1452,585,336,206,74,11
470,0.87255859375,1120,452,242,183,91,2
470,0.8623046875,484,292,102,74,118,4
470,0.8427734375,306,170,63,80,123,6
470,0.56787109375,912,243,54,38,134,0
470,0.85693359375,766,339,134,88,184,3
470,0.8681640625,637,294,101,70,205,8
470,0.78271484375,354,221,55,40,216,10
470,0.55078125,404,205,48,39,235,13
470,0.763671875,984,249,48,34,242,5
471,0.91748046875,838,470,233,197,72,9
471,0.9248046875,1469,591,343,208,74,11
471,0.85888671875,1131,455,247,186,91,2
471,0.8642578125,486,293,103,74,118,4
471,0.86083984375,306,170,63,80,123,6
471,0.61328125,910,243,54,39,134,0
471,0.861328125,770,340,135,89,184,3
471,0.541015625,1149,274,69,50,190,1
471,0.8642578125,639,294,102,71,205,8
471,0.79931640625,355,222,55,40,216,10
471,0.60009765625,405,205,47,40,235,13
471,0.740234375,982,249,48,35,242,5
472,0.9150390625,844,474,238,198,72,9
472,0.92529296875,1486,598,351,211,74,11
472,0.88720703125,1140,458,249,188,91,2
472,0.86083984375,488,293,104,74,118,4
472,0.8662109375,306,170,64,80,123,6
472,0.56396484375,909,243,54,39,134,0
472,0.861328125,773,341,135,90,184,3
472,0.5078125,1146,273,68,49,190,1
472,0.865234375,642,295,102,71,205,8
472,0.7890625,356,222,55,40,216,10
472,0.59619140625,406,206,47,39,235,13
472,0.7373046875,981,249,48,35,242,5
473,0.916015625,850,478,241,201,72,9
473,0.931640625,1505,605,356,216,74,11
473,0.88330078125,1149,462,252,190,91,2
473,0.87158203125,490,294,105,75,118,4
473,0.86865234375,307,170,64,80,123,6
473,0.5888671875,908,242,54,38,134,0
473,0.8759765625,776,343,136,91,184,3
473,0.86962890625,643,296,103,72,205,8
473,0.78271484375,356,223,54,41,216,10
473,0.6318359375,406,206,47,39,235,13
473,0.73388671875,979,249,48,35,242,5
474,0.90869140625,857,481,243,204,72,9
474,0.9267578125,1523,611,364,219,74,11
474,0.8955078125,1160,466,254,192,91,2
474,0.8759765625,492,295,106,76,118,4
474,0.87841796875,307,170,64,81,123,6
474,0.66357421875,906,242,54,39,134,0
474,0.87255859375,780,345,136,92,184,3
474,0.87060546875,645,297,102,72,205,8
474,0.7880859375,357,223,54,41,216,10
474,0.6318359375,407,207,47,39,235,13
474,0.7265625,978,249,48,35,242,5
475,0.9140625,865,485,245,206,72,9
475,0.9306640625,1542,618,371,222,74,11
475,0.8623046875,1170,470,257,195,91,2
475,0.86962890625,494,296,106,76,118,4
475,0.88232421875,307,171,64,81,123,6
475,0.529296875,904,242,54,39,134,0
475,0.873046875,784,347,138,93,184,3
475,0.8662109375,648,298,103,73,205,8
475,0.796875,358,224,55,42,216,10
475,0.61865234375,407,207,47,39,235,13
475,0.7265625,976,249,47,35,242,5
476,0.91748046875,872,489,248,208,72,9
476,0.92822265625,1561,626,379,225,74,11
476,0.88818359375,1180,474,260,196,91,2
476,0.8623046875,495,297,108,77,118,4
476,0.87890625,307,171,64,82,123,6
476,0.67041015625,901,242,55,38,134,0
476,0.87646484375,787,349,138,94,184,3
476,0.8759765625,650,299,104,73,205,8
476,0.78662109375,359,224,55,42,216,10
476,0.6513671875,408,207,46,39,235,13
476,0.708984375,974,249,47,35,242,5
477,0.92138671875,879,494,251,210,72,9
477,0.92529296875,1581,634,388,229,74,11
477,0.88427734375,1191,478,264,198,91,2
477,0.86865234375,497,298,108,78,118,4
477,0.873046875,307,171,64,82,123,6
477,0.537109375,900,242,55,38,134,0
477,0.880859375,791,350,140,95,184,3
477,0.865234375,653,300,105,73,205,8
477,0.77734375,360,224,55,42,216,10
477,0.6318359375,409,207,46,40,235,13
477,0.69287109375,972,249,48,35,242,5
477,0.56396484375,1903,400,28,59,289,1
478,0.91796875,887,498,254,212,72,9
478,0.93115234375,1603,642,397,233,74,11
478,0.85400390625,1202,481,269,200,91,2
478,0.8623046875,499,300,108,78,118,4
478,0.8662109375,307,172,64,83,123,6
478,0.7138671875,898,241,55,38,134,0
478,0.87890625,794,352,141,97,184,3
478,0.61328125,1131,272,68,49,190,7
478,0.873046875,655,301,105,73,205,8
478,0.79052734375,361,225,56,42,216,10
478,0.63720703125,410,207,45,39,235,13
478,0.75048828125,970,249,48,35,242,5
478,0.67236328125,1900,395,37,67,289,1
479,0.91748046875,894,504,257,211,72,9
479,0.92724609375,1624,649,406,237,74,11
479,0.83447265625,1214,486,273,202,91,2
479,0.865234375,502,301,109,78,118,4
479,0.8408203125,307,172,64,83,123,6
479,0.5830078125,897,240,56,39,134,0
479,0.8798828125,799,354,142,98,184,3
479,0.86083984375,657,302,106,73,205,8
479,0.76611328125,362,225,57,42,216,10
479,0.548828125,410,207,46,40,235,13
479,0.5830078125,969,249,48,36,242,5
480,0.9208984375,902,508,262,216,72,9
480,0.93017578125,1646,657,415,242,74,11
480,0.8017578125,1225,490,276,206,91,2
480,0.85595703125,505,302,111,79,118,4
480,0.84814453125,307,172,65,83,123,6
480,0.67041015625,895,240,56,39,134,0
480,0.880859375,803,355,143,99,184,3
480,0.86328125,659,302,106,73,205,8
480,0.7705078125,364,226,58,42,216,10
480,0.56005859375,411,208,46,41,235,13
480,0.63720703125,967,249,48,36,242,5
480,0.60400390625,1891,391,57,79,289,1
481,0.92138671875,910,512,266,218,72,9
481,0.93505859375,1668,667,426,247,74,11
481,0.68603515625,1237,494,279,209,91,2
481,0.861328125,507,303,111,80,118,4
481,0.8310546875,308,172,65,83,123,6
481,0.62060546875,893,240,55,39,134,0
481,0.8798828125,807,357,145,99,184,3
481,0.87255859375,661,304,107,74,205,8
481,0.77734375,366,226,60,43,216,10
481,0.505859375,411,209,46,41,235,13
481,0.64599609375,965,248,47,36,242,5
481,0.65478515625,1885,390,66,79,289,1
482,0.9189453125,918,516,269,222,72,9
482,0.92822265625,1692,676,438,250,74,11
482,0.83447265625,1248,497,284,211,91,2
482,0.87060546875,509,304,112,80,118,4
482,0.84716796875,308,172,65,83,123,6
482,0.57763671875,892,239,54,39,134,0
482,0.87744140625,811,358,144,100,184,3
482,0.607421875,1121,271,68,49,190,7
482,0.86962890625,664,305,109,74,205,8
482,0.79833984375,367,226,61,43,216,10
482,0.52734375,411,209,47,41,235,13
482,0.68603515625,964,248,47,36,242,5
482,0.7431640625,1881,389,75,79,289,1
483,0.91796875,926,521,272,225,72,9
483,0.93310546875,1706,684,427,255,74,11
483,0.6875,1260,502,287,213,91,2
483,0.87158203125,510,305,112,80,118,4
483,0.861328125,308,173,66,83,123,6
483,0.501953125,890,239,53,39,134,0
483,0.8740234375,814,360,146,102,184,3
483,0.66015625,1118,272,68,48,190,7
483,0.86083984375,666,305,108,74,205,8
483,0.763671875,368,227,61,43,216,10
483,0.533203125,412,210,46,40,235,13
483,0.63720703125,962,248,47,36,242,5
483,0.69580078125,1876,388,85,80,289,1
484,0.92431640625,934,526,274,226,72,9
484,0.921875,1716,692,407,256,74,11
484,0.88720703125,1274,507,292,216,91,2
484,0.873046875,512,306,111,80,118,4
484,0.85986328125,308,173,66,84,123,6
484,0.875,819,362,147,102,184,3
484,0.61865234375,1117,271,68,48,190,7
484,0.85302734375,668,306,108,75,205,8
484,0.75634765625,369,227,61,44,216,10
484,0.57177734375,413,210,46,40,235,13
484,0.6689453125,961,248,47,35,242,5
484,0.77978515625,1872,388,92,79,289,1
485,0.92578125,943,531,279,228,72,9
485,0.92919921875,1726,702,387,258,74,11
485,0.880859375,1287,512,296,219,91,2
485,0.875,515,307,112,80,118,4
485,0.85595703125,308,174,64,84,123,6
485,0.525390625,887,240,53,39,134,0
485,0.8818359375,823,364,149,103,184,3
485,0.85986328125,671,307,108,75,205,8
485,0.7744140625,370,228,59,43,216,10
485,0.56005859375,413,211,46,40,235,13
485,0.611328125,959,248,47,35,242,5
485,0.68603515625,1868,387,100,79,289,1
486,0.9208984375,952,537,283,229,72,9
486,0.93212890625,1737,712,365,264,74,11
486,0.8115234375,1300,516,300,223,91,2
486,0.86962890625,517,308,114,81,118,4
486,0.85009765625,308,174,64,84,123,6
486,0.888671875,827,366,150,103,184,3
486,0.513671875,1112,271,66,48,190,7
486,0.85791015625,673,308,108,76,205,8
486,0.7607421875,370,229,59,43,216,10
486,0.53515625,413,211,46,41,235,13
486,0.65478515625,958,248,47,34,242,5
486,0.7607421875,1863,386,111,79,289,1
487,0.921875,961,543,287,233,72,9
487,0.943359375,1747,722,344,269,74,11
487,0.865234375,1313,521,305,226,91,2
487,0.8671875,518,309,113,81,118,4
487,0.83984375,308,174,63,84,123,6
487,0.6513671875,884,241,53,39,134,0
487,0.8818359375,832,368,150,104,184,3
487,0.67724609375,1110,271,66,47,190,7
487,0.86083984375,676,309,109,77,205,8
487,0.7705078125,371,229,59,43,216,10
487,0.529296875,414,212,45,41,235,13
487,0.642578125,956,248,47,35,242,5
487,0.78271484375,1860,386,119,80,289,1
488,0.9130859375,971,547,292,238,72,9
488,0.93359375,1759,733,321,275,74,11
488,0.79296875,1327,526,310,229,91,2
488,0.8671875,520,310,115,82,118,4
488,0.83984375,308,174,63,84,123,6
488,0.5078125,883,241,53,39,134,0
488,0.87890625,836,370,151,104,184,3
488,0.73095703125,1108,270,66,47,190,7
488,0.86328125,678,310,110,77,205,8
488,0.76904296875,372,229,60,44,216,10
488,0.50390625,415,212,47,42,235,13
488,0.6875,955,247,47,34,242,5
488,0.72314453125,1856,385,127,80,289,1
489,0.92236328125,980,552,296,241,72,9
489,0.92724609375,1771,743,297,279,74,11
489,0.884765625,1340,531,314,231,91,2
489,0.88623046875,523,311,115,82,118,4
489,0.85693359375,308,175,63,85,123,6
489,0.55810546875,880,241,53,39,134,0
489,0.8955078125,840,371,152,104,184,3
489,0.8671875,680,311,111,78,205,8
489,0.76220703125,373,230,59,43,216,10
489,0.505859375,416,212,46,41,235,13
489,0.67041015625,953,247,46,33,242,5
489,0.71533203125,1851,384,136,81,289,1
490,0.9140625,989,557,302,246,72,9
490,0.9208984375,1783,756,272,285,74,11
490,0.85205078125,1356,537,320,234,91,2
490,0.884765625,525,313,114,82,118,4
490,0.84716796875,309,175,62,84,123,6
490,0.90478515625,845,373,153,104,184,3
490,0.505859375,1103,269,64,47,190,7
490,0.8671875,683,312,112,79,205,8
490,0.78271484375,374,231,59,43,216,10
490,0.7216796875,952,247,47,33,242,5
490,0.71533203125,1846,384,140,81,289,1
491,0.8955078125,999,562,307,249,72,9
491,0.91650390625,1796,767,247,292,74,11
491,0.77978515625,1371,543,326,236,91,2
491,0.89013671875,527,314,115,82,118,4
491,0.8447265625,309,175,62,85,123,6
491,0.548828125,877,240,53,39,134,0
491,0.88623046875,850,375,155,105,184,3
491,0.86865234375,686,313,113,79,205,8
491,0.78271484375,375,231,60,44,216,10
491,0.54296875,417,213,46,40,235,12
491,0.7216796875,951,247,46,33,242,5
491,0.69091796875,1838,383,141,80,289,1
492,0.91943359375,1008,568,309,252,72,9
492,0.91796875,1809,779,221,298,74,11
492,0.8955078125,1386,548,332,239,91,2
492,0.8857421875,530,315,116,83,118,4
492,0.85400390625,310,175,63,85,123,6
492,0.8955078125,854,377,157,106,184,3
492,0.87841796875,688,314,113,80,205,8
492,0.78515625,376,231,60,43,216,10
492,0.64599609375,417,214,47,40,235,12
492,0.740234375,949,247,47,33,242,5
492,0.72802734375,1830,382,141,80,289,1
493,0.90576171875,1020,574,314,257,72,9
493,0.9140625,1822,788,195,292,74,11
493,0.8671875,1402,554,338,243,91,2
493,0.87646484375,532,316,116,83,118,4
493,0.87255859375,310,176,63,86,123,6
493,0.6513671875,874,240,53,38,134,0
493,0.88232421875,859,378,157,107,184,3
493,0.5830078125,1096,269,65,47,190,7
493,0.88232421875,691,316,114,79,205,8
493,0.7919921875,378,232,62,44,216,10
493,0.642578125,418,214,46,40,235,12
493,0.751953125,948,247,47,33,242,5
493,0.82568359375,1822,381,141,80,289,1
494,0.93359375,1030,580,320,261,72,9
494,0.9072265625,1836,786,166,267,74,11
494,0.87841796875,1417,559,344,248,91,2
494,0.875,534,317,116,84,118,4
494,0.865234375,311,176,64,86,123,6
494,0.89892578125,863,380,158,108,184,3
494,0.59814453125,1094,269,63,47,190,7
494,0.88818359375,693,316,114,79,205,8
494,0.7958984375,379,233,63,44,216,10
494,0.66357421875,419,215,46,41,235,12
494,0.716796875,946,247,47,33,242,5
494,0.830078125,1814,380,139,80,289,1
495,0.927734375,1041,586,325,265,72,9
495,0.88330078125,1851,789,135,252,74,11
495,0.85595703125,1434,565,350,251,91,2
495,0.87255859375,536,319,118,85,118,4
495,0.8671875,311,176,64,86,123,6
495,0.888671875,868,382,160,109,184,3
495,0.66015625,1092,268,65,46,190,7
495,0.8916015625,696,317,115,80,205,8
495,0.79296875,380,233,63,44,216,10
495,0.6875,419,215,46,41,235,12
495,0.732421875,944,246,47,33,242,5
495,0.82080078125,1805,378,136,79,289,1
496,0.9140625,1052,592,330,268,72,9
496,0.7841796875,1865,799,108,237,74,11
496,0.72509765625,1451,571,356,255,91,2
496,0.8671875,539,320,118,85,118,4
496,0.86865234375,311,176,65,86,123,6
496,0.89892578125,874,383,161,110,184,3
496,0.6279296875,1089,268,63,46,190,7
496,0.880859375,699,318,116,80,205,8
496,0.79443359375,381,233,61,45,216,10
496,0.67724609375,419,215,47,41,235,12
496,0.72314453125,942,246,47,32,242,5
496,0.81640625,1797,376,137,79,289,1
497,0.91943359375,1064,598,335,271,72,9
497,0.76220703125,1882,815,74,225,74,11
497,0.88330078125,1469,577,360,259,91,2
497,0.8662109375,542,321,120,86,118,4
497,0.86962890625,311,176,64,86,123,6
497,0.8896484375,878,385,163,111,184,3
497,0.640625,1087,268,64,46,190,7
497,0.87158203125,701,319,117,81,205,8
497,0.78125,381,233,61,45,216,10
497,0.6494140625,420,215,47,41,235,12
497,0.72802734375,941,246,45,32,242,5
497,0.81640625,1789,375,135,78,289,1
498,0.92431640625,1077,605,341,276,72,9
498,0.6513671875,1898,834,42,207,74,11
498,0.84912109375,1487,583,368,264,91,2
498,0.8681640625,544,322,121,88,118,4
498,0.8681640625,311,176,64,86,123,6
498,0.5078125,865,238,50,37,134,0
498,0.90185546875,883,387,164,111,184,3
498,0.70751953125,1084,267,64,46,190,7
498,0.8759765625,704,320,118,82,205,8
498,0.7841796875,383,234,61,45,216,10
498,0.5947265625,421,215,47,41,235,12
498,0.69287109375,939,246,46,32,242,5
498,0.83984375,1780,374,134,78,289,1
499,0.896484375,1087,611,347,280,72,9
499,0.85791015625,1504,590,375,269,91,2
499,0.87255859375,547,323,125,89,118,4
499,0.865234375,311,176,64,86,123,6
499,0.6943359375,864,237,50,37,134,0
499,0.90576171875,888,389,167,113,184,3
499,0.642578125,1082,267,63,45,190,7
499,0.87158203125,707,321,118,83,205,8
499,0.7890625,383,234,61,44,216,10
499,0.57763671875,422,215,46,41,235,12
499,0.716796875,938,246,46,32,242,5
499,0.767578125,1772,372,133,78,289,1
500,0.90283203125,1101,618,354,285,72,9
500,0.85595703125,1524,597,384,272,91,2
500,0.880859375,549,324,126,89,118,4
500,0.8681640625,311,176,64,86,123,6
500,0.607421875,862,238,50,37,134,0
500,0.90283203125,893,391,168,114,184,3
500,0.87158203125,709,322,118,83,205,8
500,0.7841796875,385,234,60,44,216,10
500,0.609375,423,215,46,42,235,12
500,0.6826171875,936,246,47,31,242,5
500,0.79443359375,1764,371,131,78,289,1
501,0.90966796875,1114,625,360,289,72,9
501,0.84716796875,1544,604,392,276,91,2
501,0.88623046875,551,325,126,90,118,4
501,0.8662109375,312,176,64,86,123,6
501,0.65478515625,861,237,50,37,134,0
501,0.8974609375,899,392,170,114,184,3
501,0.64599609375,1078,267,62,45,190,7
501,0.8759765625,712,322,119,84,205,8
501,0.7919921875,386,235,61,44,216,10
501,0.640625,424,215,47,42,235,12
501,0.6298828125,935,245,45,32,242,5
501,0.83349609375,1757,370,130,77,289,1
502,0.91845703125,1127,632,365,293,72,9
502,0.822265625,1564,610,400,282,91,2
502,0.87841796875,554,326,125,91,118,4
502,0.85791015625,312,176,64,86,123,6
502,0.57373046875,859,237,50,38,134,0
502,0.90673828125,904,395,171,116,184,3
502,0.66552734375,1076,267,62,45,190,7
502,0.87158203125,716,323,121,84,205,8
502,0.7880859375,388,235,62,45,216,10
502,0.56982421875,424,215,46,42,235,12
502,0.67041015625,934,245,45,31,242,5
502,0.79443359375,1749,369,130,77,289,1
503,0.91650390625,1140,639,373,298,72,9
503,0.8310546875,1585,617,407,286,91,2
503,0.86865234375,557,326,125,91,118,4
503,0.85302734375,312,176,65,86,123,6
503,0.58154296875,857,236,50,37,134,0
503,0.91162109375,909,397,171,116,184,3
503,0.60009765625,1073,266,62,45,190,7
503,0.884765625,718,324,121,85,205,8
503,0.7880859375,389,235,63,45,216,10
503,0.5390625,425,215,46,42,235,12
503,0.609375,932,245,44,31,242,5
503,0.7548828125,1742,368,127,77,289,1
504,0.9248046875,1155,646,381,304,72,9
504,0.83203125,1606,625,417,291,91,2
504,0.875,560,327,125,91,118,4
504,0.85791015625,312,176,66,86,123,6
504,0.60009765625,856,236,48,37,134,0
504,0.90478515625,915,398,172,118,184,3
504,0.75341796875,1072,265,62,45,190,7
504,0.87255859375,721,325,121,86,205,8
504,0.79052734375,390,236,63,45,216,10
504,0.513671875,426,215,45,42,235,12
504,0.7041015625,931,244,44,32,242,5
504,0.70751953125,1734,366,126,76,289,1
505,0.91943359375,1170,655,388,308,72,9
505,0.84716796875,1628,632,427,295,91,2
505,0.87744140625,562,328,125,92,118,4
505,0.85205078125,312,176,67,87,123,6
505,0.642578125,854,236,49,36,134,0
505,0.8974609375,920,400,175,120,184,3
505,0.6806640625,1070,265,62,46,190,7
505,0.86865234375,724,326,121,86,205,8
505,0.80322265625,391,235,64,45,216,10
505,0.53515625,426,215,45,42,235,12
505,0.70068359375,929,244,44,32,242,5
505,0.822265625,1726,364,126,75,289,1
506,0.87060546875,1186,662,397,313,72,9
506,0.8408203125,1652,640,436,301,91,2
506,0.875,565,329,127,92,118,4
506,0.83740234375,312,175,68,87,123,6
506,0.70556640625,853,235,48,37,134,0
506,0.90283203125,926,402,177,120,184,3
506,0.6806640625,1068,264,62,46,190,7
506,0.8759765625,728,327,123,87,205,8
506,0.77880859375,393,236,63,46,216,10
506,0.57568359375,428,215,44,42,235,12
506,0.73095703125,928,244,44,32,242,5
506,0.7880859375,1719,363,124,75,289,1
507,0.8896484375,1201,670,404,318,72,9
507,0.85693359375,1676,648,448,305,91,2
507,0.875,567,330,127,93,118,4
507,0.85107421875,313,176,69,87,123,6
507,0.7431640625,852,235,49,37,134,0
507,0.9091796875,932,404,177,121,184,3
507,0.75341796875,1065,264,62,45,190,7
507,0.873046875,731,327,124,88,205,8
507,0.78515625,394,236,63,45,216,10
507,0.5869140625,428,215,45,42,235,12
507,0.708984375,926,243,44,32,242,5
507,0.84375,1712,362,123,73,289,1
508,0.8974609375,1217,679,412,326,72,9
508,0.87744140625,1696,656,447,312,91,2
508,0.87744140625,570,331,129,93,118,4
508,0.85302734375,314,176,70,88,123,6
508,0.63525390625,851,235,50,37,134,0
508,0.916015625,938,406,179,123,184,3
508,0.6279296875,1063,263,61,45,190,7
508,0.87744140625,734,328,126,88,205,8
508,0.78271484375,395,236,63,45,216,10
508,0.56201171875,428,215,45,42,235,12
508,0.68408203125,925,242,44,31,242,5
508,0.7919921875,1705,361,123,74,289,1
509,0.91552734375,1233,687,421,333,72,9
509,0.87158203125,1705,663,428,315,91,2
509,0.87646484375,573,332,130,93,118,4
509,0.85888671875,314,175,69,88,123,6
509,0.60009765625,849,234,49,37,134,0
509,0.91796875,943,408,181,124,184,3
509,0.60400390625,1061,262,61,45,190,7
509,0.88623046875,737,329,127,89,205,8
509,0.77587890625,396,236,63,45,216,10
509,0.611328125,429,215,46,42,235,12
509,0.57958984375,923,241,43,31,242,5
509,0.8173828125,1697,359,123,74,289,1
510,0.908203125,1251,696,432,339,72,9
510,0.75341796875,1715,671,408,319,91,2
510,0.8740234375,576,333,131,94,118,4
510,0.8671875,315,175,67,88,123,6
510,0.60009765625,848,234,48,37,134,0
510,0.9150390625,949,410,182,124,184,3
510,0.69921875,1059,262,61,45,190,7
510,0.88427734375,740,330,127,89,205,8
510,0.77734375,397,236,64,46,216,10
510,0.6318359375,430,215,45,42,235,12
510,0.6513671875,922,241,44,31,242,5
510,0.77197265625,1691,358,121,74,289,1
511,0.921875,1269,706,441,345,72,9
511,0.8154296875,1726,679,387,323,91,2
511,0.875,579,334,132,96,118,4
511,0.86083984375,315,175,66,89,123,6
511,0.52734375,846,233,50,37,134,0
511,0.91650390625,956,412,184,125,184,3
511,0.87744140625,743,331,127,90,205,8
511,0.76904296875,399,236,64,48,216,10
511,0.5830078125,431,215,45,42,235,12
511,0.552734375,921,241,44,31,242,5
511,0.62255859375,1684,356,120,73,289,1
512,0.90966796875,1287,716,451,352,72,9
512,0.88330078125,1737,688,365,329,91,2
512,0.5234375,778,219,46,34,97,7
512,0.8798828125,582,336,133,96,118,4
512,0.86328125,315,175,67,89,123,6
512,0.615234375,844,232,48,37,134,0
512,0.91748046875,962,414,187,126,184,3
512,0.6806640625,1055,261,60,44,190,11
512,0.8662109375,746,332,128,90,205,8
512,0.7705078125,400,236,63,48,216,10
512,0.60205078125,430,215,46,42,235,12
512,0.638671875,920,241,44,31,242,5
512,0.517578125,377,197,42,32,260,13
512,0.64404296875,1677,355,120,73,289,1
513,0.8671875,1306,726,462,362,72,9
513,0.88330078125,1748,697,342,335,91,2
513,0.8896484375,585,338,133,96,118,4
513,0.865234375,315,175,67,89,123,6
513,0.60595703125,843,232,49,37,134,0
513,0.9140625,968,416,189,128,184,3
513,0.67041015625,1053,260,59,44,190,11
513,0.86865234375,749,333,129,90,205,8
513,0.78271484375,401,237,64,49,216,10
513,0.60205078125,431,215,46,42,235,12
513,0.56787109375,918,241,44,30,242,5
513,0.7646484375,1670,354,119,73,289,1
514,0.921875,1327,736,472,369,72,9
514,0.85595703125,1759,707,320,341,91,2
514,0.896484375,587,339,133,98,118,4
514,0.8623046875,315,175,68,89,123,6
514,0.6513671875,841,232,48,37,134,0
514,0.91796875,974,419,189,129,184,3
514,0.5830078125,1051,259,59,44,190,11
514,0.8681640625,752,333,129,91,205,8
514,0.77734375,402,237,63,50,216,10
514,0.60205078125,432,215,46,42,235,12
514,0.56787109375,916,240,43,30,242,5
514,0.6943359375,1663,353,117,73,289,1
515,0.908203125,1346,747,484,376,72,9
515,0.83740234375,1772,718,295,348,91,2
515,0.57958984375,774,217,44,35,97,7
515,0.89111328125,590,340,134,98,118,4
515,0.87158203125,316,175,69,89,123,6
515,0.61328125,840,231,49,37,134,0
515,0.91259765625,981,421,191,131,184,3
515,0.87255859375,755,335,130,91,205,8
515,0.77734375,403,237,65,50,216,10
515,0.5908203125,433,215,46,42,235,12
515,0.552734375,915,239,44,30,242,5
515,0.525390625,378,196,43,32,260,13
515,0.84375,1656,352,115,72,289,1
516,0.90478515625,1367,759,497,386,72,9
516,0.89404296875,1785,729,269,355,91,2
516,0.888671875,593,341,136,99,118,4
516,0.8681640625,316,175,69,89,123,6
516,0.56396484375,838,230,48,36,134,0
516,0.916015625,988,423,192,132,184,3
516,0.5888671875,1047,259,60,44,190,11
516,0.875,759,336,131,90,205,8
516,0.7705078125,405,237,64,50,216,10
516,0.611328125,434,216,46,43,235,12
516,0.56396484375,914,239,43,30,242,5
516,0.56005859375,379,196,43,33,260,13
516,0.80908203125,1649,350,116,72,289,1
517,0.884765625,1390,771,508,393,72,9
517,0.85888671875,1798,739,242,364,91,2
517,0.888671875,596,342,137,100,118,4
517,0.8623046875,316,175,69,90,123,6
517,0.58154296875,838,230,48,36,134,0
517,0.9150390625,994,426,195,132,184,3
517,0.87060546875,763,337,133,90,205,8
517,0.79052734375,406,237,65,50,216,10
517,0.5888671875,434,215,47,42,235,12
517,0.6513671875,912,238,43,31,242,5
517,0.556640625,380,196,43,32,260,13
517,0.732421875,1643,349,114,72,289,1
518,0.88623046875,1414,783,523,401,72,9
518,0.82666015625,1812,750,214,371,91,2
518,0.89013671875,599,344,139,100,118,4
518,0.86083984375,316,175,68,89,123,6
518,0.5927734375,836,230,47,36,134,0
518,0.9091796875,1001,428,198,133,184,3
518,0.55810546875,1043,258,60,44,190,7
518,0.865234375,767,338,133,92,205,8
518,0.7744140625,408,237,65,50,216,10
518,0.54296875,434,215,48,42,235,12
518,0.62060546875,911,238,43,32,242,5
518,0.5078125,380,196,43,31,260,13
518,0.7890625,1636,348,113,72,289,1
519,0.91259765625,1437,795,539,410,72,9
519,0.892578125,1826,744,187,340,91,2
519,0.888671875,603,345,141,100,118,4
519,0.8623046875,316,175,68,89,123,6
519,0.56591796875,835,229,48,35,134,0
519,0.9189453125,1008,431,200,134,184,3
519,0.529296875,1040,257,59,43,190,7
519,0.87890625,770,340,134,93,205,8
519,0.77978515625,409,238,66,51,216,10
519,0.56396484375,435,216,49,43,235,12
519,0.61865234375,910,238,43,31,242,5
519,0.7216796875,1630,348,113,71,289,1
520,0.91552734375,1462,809,553,420,72,9
520,0.86865234375,1841,745,157,324,91,2
520,0.51171875,769,216,44,36,97,11
520,0.896484375,606,347,141,101,118,4
520,0.86962890625,316,175,68,90,123,6
520,0.6259765625,832,229,48,35,134,0
520,0.9091796875,1015,433,202,135,184,3
520,0.501953125,1039,257,59,43,190,7
520,0.884765625,773,342,135,93,205,8
520,0.7744140625,410,239,67,50,216,10
520,0.60205078125,436,216,48,44,235,12
520,0.60009765625,909,237,43,32,242,5
520,0.7548828125,1624,346,113,71,289,1
521,0.8896484375,1488,822,570,430,72,9
521,0.85791015625,1856,749,127,316,91,2
521,0.89306640625,609,348,140,101,118,4
521,0.87158203125,316,175,68,90,123,6
521,0.63525390625,832,229,48,35,134,0
521,0.90966796875,1023,436,205,137,184,3
521,0.60205078125,1037,257,58,43,190,7
521,0.88720703125,777,343,135,94,205,8
521,0.78515625,412,240,66,50,216,10
521,0.60009765625,437,216,48,45,235,12
521,0.61669921875,907,238,42,30,242,5
521,0.7880859375,1617,345,113,70,289,1
522,0.8662109375,1515,837,586,437,72,9
522,0.77734375,1871,761,95,310,91,2
522,0.89501953125,612,349,143,101,118,4
522,0.87060546875,317,175,68,90,123,6
522,0.609375,830,229,48,35,134,0
522,0.9091796875,1029,439,206,139,184,3
522,0.73876953125,1034,256,59,43,190,7
522,0.89013671875,780,344,137,96,205,8
522,0.8115234375,413,241,67,50,216,10
522,0.63720703125,437,216,49,44,235,12
522,0.515625,905,238,43,29,242,5
522,0.82666015625,1610,344,111,70,289,1
523,0.8681640625,1544,849,608,442,72,9
523,0.5546875,1889,784,61,290,91,2
523,0.892578125,616,351,143,103,118,4
523,0.865234375,317,175,69,90,123,6
523,0.66015625,829,228,48,35,134,0
523,0.91064453125,1038,442,207,140,184,3
523,0.62060546875,1033,256,59,42,190,7
523,0.88330078125,784,345,138,96,205,8
523,0.806640625,414,241,67,50,216,10
523,0.57958984375,439,216,49,44,235,12
523,0.673828125,1605,343,111,70,289,1
524,0.79052734375,1573,857,626,438,72,9
524,0.884765625,619,353,144,103,118,4
524,0.8681640625,318,175,69,91,123,6
524,0.56591796875,828,228,48,36,134,0
524,0.90380859375,1045,444,209,141,184,3
524,0.7431640625,1031,256,58,42,190,7
524,0.88623046875,788,346,139,96,205,8
524,0.8017578125,416,241,66,50,216,10
524,0.5546875,439,217,48,44,235,12
524,0.58154296875,904,237,43,28,242,5
524,0.84912109375,1599,342,108,69,289,1
525,0.6298828125,1599,863,637,428,72,9
525,0.88427734375,622,354,145,104,118,4
525,0.873046875,318,175,69,90,123,6
525,0.63720703125,826,228,47,35,134,0
525,0.90673828125,1052,447,212,142,184,3
525,0.69580078125,1030,256,59,42,190,7
525,0.88623046875,791,348,141,97,205,8
525,0.80419921875,416,241,67,51,216,10
525,0.544921875,440,217,48,44,235,12
525,0.611328125,902,237,41,28,242,5
525,0.78271484375,1592,341,110,69,289,1
526,0.90283203125,1611,869,616,416,72,9
526,0.8857421875,625,356,146,105,118,4
526,0.86328125,318,175,68,91,123,6
526,0.56396484375,825,228,47,36,134,0
526,0.916015625,1061,450,215,144,184,3
526,0.64599609375,1027,255,58,42,190,7
526,0.8896484375,795,349,141,97,205,8
526,0.7958984375,418,242,65,51,216,10
526,0.5234375,440,217,49,44,235,12
526,0.6669921875,900,237,41,28,242,5
526,0.79296875,1586,341,108,67,289,1
527,0.88720703125,1623,874,592,403,72,9
527,0.8896484375,628,357,146,106,118,4
527,0.861328125,318,176,68,91,123,6
527,0.62060546875,823,228,47,35,134,0
527,0.9072265625,1068,452,218,146,184,3
527,0.73388671875,1025,255,57,42,190,7
527,0.89990234375,799,351,142,98,205,8
527,0.80078125,420,243,66,51,216,10
527,0.6494140625,899,236,41,29,242,5
527,0.830078125,1581,340,107,68,289,1
528,0.9150390625,1634,880,571,391,72,9
528,0.89697265625,632,360,148,107,118,4
528,0.85009765625,318,176,68,92,123,6
528,0.5927734375,821,228,47,35,134,0
528,0.91064453125,1076,456,220,148,184,3
528,0.67578125,1023,255,58,42,190,7
528,0.89990234375,803,352,142,99,205,8
528,0.79296875,421,243,66,52,216,10
528,0.673828125,897,236,42,29,242,5
528,0.8115234375,1576,339,107,68,289,1
529,0.90478515625,1646,886,546,378,72,9
529,0.89990234375,636,361,149,108,118,4
529,0.84814453125,318,177,68,92,123,6
529,0.5927734375,820,228,48,35,134,0
529,0.91357421875,1085,460,224,150,184,3
529,0.716796875,1021,254,59,42,190,7
529,0.892578125,808,354,144,99,205,8
529,0.79931640625,422,244,67,52,216,10
529,0.529296875,443,218,48,45,235,2
529,0.66357421875,895,236,43,30,242,5
529,0.53125,386,198,43,33,260,11
529,0.7373046875,1569,339,107,67,289,1
530,0.9306640625,1659,892,520,364,72,9
530,0.8974609375,639,363,150,108,118,4
530,0.85009765625,318,177,68,91,123,6
530,0.56591796875,819,228,48,35,134,0
530,0.9208984375,1093,463,225,150,184,3
530,0.76220703125,1019,254,57,42,190,7
530,0.88818359375,811,355,145,99,205,8
530,0.810546875,423,245,67,51,216,10
530,0.5,444,218,48,46,235,2
530,0.6513671875,893,236,43,31,242,5
530,0.7578125,1563,338,105,67,289,1
531,0.92529296875,1673,899,493,349,72,9
531,0.8974609375,643,365,151,109,118,4
531,0.86865234375,318,177,69,91,123,6
531,0.57373046875,818,228,49,34,134,0
531,0.91748046875,1102,466,229,151,184,3
531,0.71044921875,1018,254,57,42,190,7
531,0.89111328125,815,357,145,100,205,8
531,0.8115234375,425,246,67,52,216,10
531,0.55078125,444,219,48,46,235,2
531,0.61865234375,892,235,44,32,242,5
531,0.5234375,386,198,43,33,260,11
531,0.8310546875,1558,337,104,66,289,1
532,0.92919921875,1687,906,465,333,72,9
532,0.896484375,647,367,152,109,118,4
532,0.8662109375,318,177,69,91,123,6
532,0.544921875,817,228,48,34,134,0
532,0.91162109375,1111,470,232,152,184,3
532,0.7041015625,1016,254,56,42,190,7
532,0.89697265625,819,359,146,102,205,8
532,0.82666015625,426,246,68,52,216,10
532,0.5947265625,445,219,48,46,235,2
532,0.544921875,891,236,42,32,242,5
532,0.537109375,387,199,43,34,260,11
532,0.8173828125,1552,336,104,66,289,1
533,0.9248046875,1701,915,437,318,72,9
533,0.90185546875,650,369,153,111,118,4
533,0.84716796875,319,177,70,92,123,6
533,0.5888671875,815,228,48,34,134,0
533,0.916015625,1120,474,234,154,184,3
533,0.708984375,1014,254,56,42,190,7
533,0.900390625,824,361,147,103,205,8
533,0.822265625,427,246,67,51,216,10
533,0.52734375,445,219,48,45,235,2
533,0.609375,890,235,44,32,242,5
533,0.55078125,388,199,43,34,260,11
533,0.78662109375,1546,336,104,66,289,1
534,0.9287109375,1717,923,405,301,72,9
534,0.90283203125,654,371,156,111,118,4
534,0.83740234375,319,178,70,91,123,6
534,0.68408203125,814,228,47,34,134,0
534,0.91357421875,1129,477,236,156,184,3
534,0.70751953125,1012,254,56,42,190,7
534,0.89892578125,829,362,149,105,205,8
534,0.8291015625,429,247,70,53,216,10
534,0.60205078125,889,236,42,31,242,5
534,0.57958984375,388,199,43,35,260,11
534,0.72021484375,1541,335,103,65,289,1
535,0.921875,1735,932,369,285,72,9
535,0.8974609375,657,372,157,112,118,4
535,0.845703125,319,178,70,92,123,6
535,0.662109375,812,228,45,34,134,0
535,0.916015625,1139,481,241,158,184,3
535,0.609375,1010,254,56,43,190,7
535,0.8955078125,833,363,150,105,205,8
535,0.83447265625,430,248,71,52,216,10
535,0.61669921875,887,235,42,31,242,5
535,0.509765625,389,200,43,35,260,11
535,0.7607421875,1535,334,102,66,289,1
536,0.89990234375,1753,941,332,267,72,9
536,0.896484375,661,375,158,113,118,4
536,0.85107421875,319,178,70,93,123,6
536,0.6533203125,811,228,47,34,134,0
536,0.91357421875,1149,484,243,160,184,3
536,0.67041015625,1009,254,56,42,190,7
536,0.8916015625,837,365,152,106,205,8
536,0.82763671875,431,249,72,52,216,10
536,0.5908203125,885,235,42,31,242,5
536,0.708984375,1529,334,103,65,289,1
537,0.89892578125,1771,950,296,249,72,9
537,0.9052734375,665,377,160,115,118,4
537,0.841796875,320,179,71,93,123,6
537,0.67724609375,810,228,45,34,134,0
537,0.916015625,1158,489,247,161,184,3
537,0.609375,1007,254,56,42,190,7
537,0.8955078125,841,367,153,105,205,8
537,0.8232421875,433,250,74,53,216,10
537,0.529296875,448,221,51,44,235,2
537,0.5947265625,884,235,41,31,242,5
537,0.708984375,1524,334,102,65,289,1
538,0.830078125,1794,960,251,228,72,9
538,0.8955078125,669,380,160,116,118,4
538,0.84375,320,180,72,94,123,6
538,0.66015625,809,228,46,34,134,0
538,0.9287109375,1169,493,250,163,184,3
538,0.72802734375,1005,254,56,42,190,7
538,0.89111328125,845,370,155,106,205,8
538,0.82568359375,435,251,74,54,216,10
538,0.517578125,450,222,53,46,235,2
538,0.55810546875,883,235,41,31,242,5
538,0.7958984375,1519,333,99,64,289,1
539,0.85693359375,1816,972,207,207,72,9
539,0.89501953125,674,382,163,117,118,4
539,0.85693359375,320,179,73,94,123,6
539,0.66357421875,807,228,46,34,134,0
539,0.9189453125,1179,496,252,165,184,3
539,0.6513671875,1003,253,56,42,190,7
539,0.89404296875,850,372,156,105,205,8
539,0.81884765625,437,252,73,53,216,10
539,0.56982421875,450,221,53,44,235,2
539,0.63330078125,883,235,40,31,242,5
539,0.505859375,390,201,44,34,260,11
539,0.80419921875,1513,332,101,64,289,1
540,0.900390625,677,384,165,119,118,4
540,0.84375,320,180,73,93,123,6
540,0.62060546875,806,228,47,34,134,0
540,0.91845703125,1190,501,256,167,184,3
540,0.63330078125,1001,253,56,42,190,7
540,0.900390625,855,373,156,105,205,8
540,0.80322265625,438,252,73,53,216,10
540,0.55810546875,881,236,42,30,242,5
540,0.7705078125,1508,332,99,64,289,1
541,0.90869140625,680,386,167,119,118,4
541,0.85205078125,320,180,74,94,123,6
541,0.5888671875,805,228,49,34,134,0
541,0.91845703125,1200,505,259,168,184,3
541,0.57373046875,999,253,56,42,190,7
541,0.89892578125,859,375,156,107,205,8
541,0.7880859375,440,253,73,53,216,10
541,0.52734375,452,221,53,43,235,2
541,0.56396484375,880,236,42,29,242,5
541,0.521484375,390,202,43,35,260,9
541,0.74609375,1502,331,98,64,289,1
542,0.8974609375,684,387,169,120,118,4
542,0.84716796875,321,180,74,94,123,6
542,0.56005859375,804,228,48,33,134,0
542,0.9130859375,1210,509,263,170,184,3
542,0.5908203125,997,253,56,42,190,7
542,0.90283203125,864,377,158,108,205,8
542,0.79296875,442,254,73,53,216,10
542,0.52734375,453,221,51,43,235,2
542,0.56201171875,879,236,42,29,242,5
542,0.501953125,391,203,42,35,260,9
542,0.75341796875,1497,331,98,63,289,1
543,0.9033203125,688,389,168,121,118,4
543,0.84912109375,321,180,74,95,123,6
543,0.537109375,802,228,49,34,134,0
543,0.91162109375,1222,513,266,172,184,3
543,0.61669921875,996,253,55,41,190,7
543,0.89013671875,869,379,159,110,205,8
543,0.81396484375,443,255,74,52,216,10
543,0.54296875,454,221,52,42,235,2
543,0.5869140625,877,236,41,29,242,5
543,0.513671875,392,203,42,35,260,9
543,0.81298828125,1492,330,98,63,289,1
543,0.509765625,247,189,35,26,349,11
544,0.9111328125,693,392,169,121,118,4
544,0.84716796875,321,181,75,95,123,6
544,0.60400390625,801,228,48,34,134,0
544,0.90966796875,1234,518,270,174,184,3
544,0.67236328125,994,253,56,41,190,7
544,0.89990234375,874,381,161,111,205,8
544,0.80322265625,444,255,75,52,216,10
544,0.59814453125,455,221,53,40,235,2
544,0.5830078125,876,236,40,30,242,5
544,0.544921875,393,203,43,36,260,9
544,0.52734375,200,174,36,27,276,12
544,0.8056640625,1487,330,97,63,289,1
544,0.55078125,247,190,36,24,349,11
545,0.9091796875,697,395,171,122,118,4
545,0.8310546875,321,181,75,95,123,6
545,0.9150390625,1245,523,274,176,184,3
545,0.763671875,992,253,55,41,190,7
545,0.8955078125,879,383,162,112,205,8
545,0.79833984375,445,255,76,55,216,10
545,0.6259765625,456,222,53,41,235,2
545,0.60009765625,393,203,44,36,260,9
545,0.5546875,201,174,36,28,276,12
545,0.8154296875,1481,329,98,64,289,1
545,0.56396484375,247,191,36,23,349,11
546,0.9052734375,702,397,171,123,118,4
546,0.84814453125,321,181,75,96,123,6
546,0.91162109375,1256,527,278,180,184,3
546,0.5830078125,990,252,55,40,190,7
546,0.8974609375,884,385,164,113,205,8
546,0.77880859375,447,255,74,56,216,10
546,0.61669921875,457,223,53,42,235,2
546,0.5869140625,394,204,44,36,260,9
546,0.51171875,201,174,35,28,276,12
547,0.90478515625,706,400,174,125,118,4
547,0.85302734375,322,181,75,96,123,6
547,0.515625,797,228,48,33,134,0
547,0.92041015625,1269,532,282,181,184,3
547,0.67919921875,989,252,55,39,190,7
547,0.89697265625,890,387,165,114,205,8
547,0.763671875,449,256,74,55,216,10
547,0.66552734375,458,220,52,36,235,2
547,0.64404296875,394,204,44,35,260,9
547,0.521484375,202,174,35,28,276,12
547,0.53125,1471,328,96,63,289,1
548,0.9072265625,711,402,175,127,118,4
548,0.84912109375,321,182,76,96,123,6
548,0.60400390625,796,227,46,33,134,0
548,0.92529296875,1281,537,286,183,184,3
548,0.900390625,895,389,167,115,205,8
548,0.7646484375,451,256,75,55,216,10
548,0.64599609375,458,221,54,36,235,2
548,0.65673828125,395,204,43,35,260,9
548,0.642578125,1466,327,95,62,289,1
549,0.9111328125,715,404,178,128,118,4
549,0.84912109375,322,182,77,95,123,6
549,0.5927734375,795,227,46,33,134,0
549,0.923828125,1294,542,290,185,184,3
549,0.59814453125,985,251,54,40,190,5
549,0.9052734375,900,390,168,116,205,8
549,0.767578125,452,257,75,56,216,10
549,0.658203125,457,222,55,37,235,2
549,0.51953125,871,235,41,30,242,7
549,0.68408203125,395,205,43,35,260,9
549,0.79052734375,1462,326,95,61,289,1
550,0.91259765625,719,406,178,128,118,4
550,0.82568359375,322,182,78,95,123,6
550,0.615234375,794,227,46,33,134,0
550,0.92236328125,1307,546,294,187,184,3
550,0.90283203125,905,392,170,116,205,8
550,0.7890625,454,258,75,56,216,10
550,0.70263671875,458,221,55,35,235,2
550,0.69921875,396,205,43,35,260,9
550,0.67578125,1457,325,94,60,289,1
551,0.91943359375,724,408,180,130,118,4
551,0.85107421875,322,182,78,96,123,6
551,0.6689453125,792,227,47,33,134,0
551,0.92529296875,1320,551,299,190,184,3
551,0.546875,982,251,53,40,190,5
551,0.9033203125,910,394,171,116,205,8
551,0.7578125,456,259,76,58,216,10
551,0.662109375,459,221,56,36,235,2
551,0.67578125,397,205,43,35,260,9
551,0.638671875,1452,325,95,60,289,1
551,0.5849609375,249,189,34,26,349,7
552,0.53125,736,214,42,37,97,11
552,0.9208984375,728,411,181,130,118,4
552,0.85400390625,322,182,78,96,123,6
552,0.5869140625,791,227,45,33,134,0
552,0.91845703125,1334,556,304,194,184,3
552,0.505859375,980,251,53,40,190,5
552,0.90185546875,916,396,173,118,205,8
552,0.7646484375,458,259,77,58,216,10
552,0.673828125,459,221,57,37,235,2
552,0.68408203125,397,205,42,35,260,9
552,0.751953125,1447,324,95,60,289,1
552,0.56201171875,249,189,33,26,349,7
553,0.90380859375,733,413,182,131,118,4
553,0.8427734375,322,182,79,96,123,6
553,0.638671875,790,226,45,33,134,0
553,0.9208984375,1348,561,308,195,184,3
553,0.53125,980,251,53,40,190,5
553,0.900390625,922,398,174,119,205,8
553,0.7578125,460,261,76,58,216,10
553,0.69091796875,460,220,59,35,235,2
553,0.65478515625,398,205,41,36,260,9
553,0.81884765625,1442,323,93,60,289,1
553,0.533203125,249,189,33,26,349,7
554,0.9033203125,739,415,185,133,118,4
554,0.83203125,322,182,80,97,123,6
554,0.6689453125,789,226,45,33,134,0
554,0.92138671875,1363,566,314,196,184,3
554,0.65478515625,978,250,53,39,190,5
554,0.9013671875,928,400,175,121,205,8
554,0.78271484375,462,261,76,57,216,10
554,0.6494140625,461,220,59,34,235,2
554,0.57958984375,863,234,40,26,242,11
554,0.66015625,399,205,42,36,260,9
554,0.6826171875,1437,322,94,61,289,1
555,0.91162109375,743,419,187,135,118,4
555,0.82568359375,323,182,79,97,123,6
555,0.546875,788,225,45,33,134,0
555,0.92236328125,1377,572,319,199,184,3
555,0.609375,976,250,53,39,190,5
555,0.90673828125,934,402,176,122,205,8
555,0.79443359375,464,261,77,57,216,10
555,0.63525390625,461,221,59,36,235,2
555,0.66357421875,399,205,44,36,260,9
555,0.501953125,249,189,32,25,349,7
556,0.91357421875,747,421,188,136,118,4
556,0.81982421875,323,182,79,97,123,6
556,0.56005859375,786,225,46,32,134,0
556,0.927734375,1393,577,324,203,184,3
556,0.7216796875,973,249,53,39,190,5
556,0.9013671875,940,404,179,123,205,8
556,0.80078125,465,262,76,58,216,10
556,0.642578125,461,222,59,39,235,2
556,0.55810546875,861,233,42,28,242,1
556,0.68408203125,399,205,45,37,260,9
556,0.767578125,1428,319,92,61,289,11
557,0.9111328125,753,423,190,137,118,4
557,0.83203125,324,181,79,97,123,6
557,0.6513671875,785,224,44,32,134,0
557,0.92626953125,1407,583,330,206,184,3
557,0.58154296875,971,249,54,39,190,5
557,0.90380859375,945,406,180,123,205,8
557,0.79833984375,467,262,76,57,216,10
557,0.658203125,462,223,60,39,235,2
557,0.67041015625,860,233,41,28,242,1
557,0.67578125,399,205,45,37,260,9
557,0.7431640625,1423,319,90,62,289,11
558,0.91259765625,758,425,193,139,118,4
558,0.8310546875,324,181,79,97,123,6
558,0.66357421875,784,223,44,32,134,0
558,0.92578125,1423,588,335,209,184,3
558,0.6689453125,970,249,55,39,190,5
558,0.90576171875,952,408,182,125,205,8
558,0.7919921875,469,262,77,58,216,10
558,0.65673828125,463,223,60,41,235,2
558,0.56787109375,858,233,41,28,242,1
558,0.6943359375,400,205,45,37,260,9
558,0.57763671875,1419,318,90,60,289,11
559,0.5888671875,729,212,41,35,97,7
559,0.90966796875,763,428,194,140,118,4
559,0.8310546875,324,181,80,97,123,6
559,0.74169921875,782,223,45,32,134,0
559,0.9228515625,1440,595,342,211,184,3
559,0.62255859375,968,249,54,39,190,5
559,0.9072265625,958,410,185,125,205,8
559,0.7919921875,470,262,78,59,216,10
559,0.62451171875,463,224,59,42,235,2
559,0.55810546875,857,232,39,28,242,1
559,0.69287109375,401,205,44,38,260,9
559,0.77880859375,1414,317,89,60,289,11
560,0.5869140625,728,212,41,35,97,7
560,0.90478515625,768,430,195,140,118,4
560,0.83447265625,324,181,80,97,123,6
560,0.75341796875,782,223,43,32,134,0
560,0.92529296875,1456,601,348,215,184,3
560,0.67578125,967,248,54,39,190,5
560,0.91259765625,964,412,186,126,205,8
560,0.79052734375,472,263,78,59,216,10
560,0.66552734375,464,224,60,42,235,2
560,0.5869140625,856,232,41,28,242,1
560,0.69775390625,402,205,44,38,260,9
560,0.7734375,1409,316,90,59,289,11
561,0.90478515625,773,433,199,142,118,4
561,0.84912109375,325,181,81,98,123,6
561,0.70263671875,780,223,45,32,134,0
561,0.927734375,1474,606,355,219,184,3
561,0.67578125,964,247,54,39,190,5
561,0.91845703125,970,414,188,126,205,8
561,0.79833984375,474,262,79,59,216,10
561,0.62255859375,465,224,59,42,235,2
561,0.66552734375,855,231,41,28,242,1
561,0.70068359375,402,204,44,38,260,9
561,0.74169921875,1405,315,90,59,289,11
562,0.9091796875,779,437,201,145,118,4
562,0.85986328125,325,181,82,98,123,6
562,0.640625,779,222,44,32,134,0
562,0.92431640625,1491,613,364,224,184,3
562,0.5078125,962,247,53,38,190,5
562,0.9189453125,977,417,189,129,205,8
562,0.82568359375,475,263,79,59,216,10
562,0.70263671875,466,225,59,44,235,2
562,0.70751953125,854,231,39,28,242,1
562,0.70068359375,402,204,44,39,260,9
562,0.72802734375,1400,314,88,59,289,11
563,0.9013671875,784,440,202,146,118,4
563,0.85205078125,325,182,83,99,123,6
563,0.607421875,778,222,42,32,134,0
563,0.92822265625,1509,619,369,228,184,3
563,0.69091796875,962,246,51,38,190,5
563,0.91552734375,984,420,191,131,205,8
563,0.82568359375,477,264,79,58,216,10
563,0.71533203125,467,226,61,45,235,2
563,0.673828125,852,230,40,28,242,1
563,0.67041015625,403,204,44,38,260,9
563,0.83544921875,1396,313,89,59,289,11
564,0.90966796875,790,442,205,148,118,4
564,0.85595703125,326,182,82,98,123,6
564,0.640625,777,222,44,32,134,0
564,0.93212890625,1528,625,378,232,184,3
564,0.67041015625,961,246,51,38,190,5
564,0.923828125,991,422,192,132,205,8
564,0.81640625,479,264,80,59,216,10
564,0.7041015625,469,226,63,45,235,2
564,0.73388671875,851,230,39,27,242,1
564,0.67041015625,403,204,45,38,260,9
564,0.82763671875,1391,313,87,58,289,11
565,0.9140625,797,445,207,149,118,4
565,0.85791015625,327,182,80,98,123,6
565,0.63720703125,776,221,43,31,134,0
565,0.92529296875,1548,633,384,236,184,3
565,0.740234375,959,246,51,38,190,5
565,0.91552734375,997,424,195,133,205,8
565,0.81982421875,480,265,81,59,216,10
565,0.6494140625,469,227,63,46,235,2
565,0.66357421875,851,229,39,28,242,1
565,0.69921875,404,204,45,38,260,9
565,0.69775390625,1387,312,87,58,289,11
566,0.9052734375,802,448,211,151,118,4
566,0.85693359375,327,182,79,98,123,6
566,0.662109375,775,221,44,31,134,0
566,0.92578125,1569,640,394,241,184,3
566,0.69287109375,958,245,51,37,190,5
566,0.9052734375,1004,426,197,133,205,8
566,0.82763671875,482,265,82,60,216,10
566,0.66357421875,470,228,64,47,235,2
566,0.6875,850,229,40,28,242,1
566,0.6943359375,405,205,44,38,260,9
566,0.75048828125,1383,311,86,58,289,11
567,0.9072265625,808,450,212,152,118,4
567,0.85791015625,327,181,80,98,123,6
567,0.69580078125,773,220,44,31,134,0
567,0.93359375,1588,647,400,245,184,3
567,0.73095703125,955,244,50,37,190,5
567,0.90869140625,1011,428,200,133,205,8
567,0.8291015625,484,265,83,60,216,10
567,0.70556640625,471,228,64,48,235,2
567,0.6875,849,228,39,28,242,1
567,0.6875,405,204,44,38,260,9
567,0.72802734375,1378,309,86,58,289,11
568,0.90283203125,814,454,215,155,118,4
568,0.85302734375,327,181,81,99,123,6
568,0.6875,772,220,44,31,134,0
568,0.935546875,1609,654,411,247,184,3
568,0.70263671875,953,244,50,37,190,5
568,0.9072265625,1019,431,201,135,205,8
568,0.8232421875,486,266,84,60,216,10
568,0.6689453125,472,229,63,49,235,2
568,0.658203125,847,228,40,28,242,1
568,0.69091796875,406,204,45,38,260,9
568,0.71240234375,1375,309,86,58,289,11
569,0.92578125,820,457,216,158,118,4
569,0.85888671875,326,181,84,99,123,6
569,0.73388671875,770,220,44,31,134,0
569,0.93701171875,1631,664,421,253,184,3
569,0.69287109375,952,244,51,38,190,5
569,0.91064453125,1026,434,203,137,205,8
569,0.83447265625,487,266,83,60,216,10
569,0.69775390625,473,229,64,49,235,2
569,0.70751953125,846,227,39,28,242,1
569,0.69775390625,406,204,46,38,260,9
569,0.62255859375,1370,308,86,58,289,11
570,0.92529296875,826,460,217,158,118,4
570,0.85400390625,326,181,86,100,123,6
570,0.70751953125,769,220,43,31,134,0
570,0.9384765625,1654,672,430,256,184,3
570,0.673828125,950,243,51,38,190,5
570,0.90576171875,1033,437,206,139,205,8
570,0.83203125,490,266,82,60,216,10
570,0.77734375,473,229,65,49,235,2
570,0.67236328125,844,227,39,29,242,1
570,0.72021484375,407,204,46,38,260,9
570,0.80419921875,1365,308,86,58,289,11
571,0.91943359375,832,464,220,159,118,4
571,0.85888671875,326,181,87,101,123,6
571,0.67041015625,769,219,43,31,134,0
571,0.93359375,1677,682,441,259,184,3
571,0.71533203125,949,243,53,38,190,5
571,0.90185546875,1041,439,207,141,205,8
571,0.83447265625,492,267,83,61,216,10
571,0.7041015625,474,230,66,49,235,2
571,0.689453125,843,227,39,29,242,1
571,0.716796875,407,204,46,38,260,9
571,0.751953125,1361,307,86,57,289,11
572,0.91748046875,838,468,224,160,118,4
572,0.86328125,326,180,88,102,123,6
572,0.5947265625,767,219,42,32,134,0
572,0.93505859375,1698,690,443,262,184,3
572,0.57177734375,947,243,52,38,190,5
572,0.900390625,1049,442,209,141,205,8
572,0.8056640625,494,267,82,60,216,10
572,0.73095703125,476,230,64,49,235,2
572,0.63330078125,842,227,39,28,242,1
572,0.708984375,408,205,45,38,260,9
573,0.91357421875,844,471,229,162,118,4
573,0.8623046875,326,180,88,102,123,6
573,0.6318359375,766,219,43,32,134,0
573,0.93115234375,1708,698,423,262,184,3
573,0.67041015625,946,242,51,37,190,5
573,0.89892578125,1057,444,210,143,205,8
573,0.8173828125,497,269,84,62,216,10
573,0.716796875,476,229,64,48,235,2
573,0.64794921875,841,227,41,28,242,1
573,0.70263671875,409,204,46,38,260,9
573,0.5,1353,306,85,57,289,7
574,0.9072265625,850,474,231,164,118,4
574,0.861328125,327,180,88,103,123,6
574,0.54296875,765,218,43,31,134,0
574,0.9306640625,1718,707,403,264,184,3
574,0.67578125,944,242,51,37,190,5
574,0.8984375,1065,447,213,144,205,8
574,0.82568359375,499,270,85,64,216,10
574,0.67041015625,477,229,64,49,235,2
574,0.607421875,841,227,41,28,242,1
574,0.70068359375,409,204,47,38,260,9
574,0.70556640625,1349,305,85,56,289,7
575,0.90966796875,858,479,233,167,118,4
575,0.85693359375,327,181,89,102,123,6
575,0.537109375,764,218,42,31,134,0
575,0.93310546875,1728,715,383,269,184,3
575,0.7880859375,942,241,51,37,190,5
575,0.9072265625,1074,450,215,146,205,8
575,0.810546875,502,270,86,63,216,10
575,0.71875,479,230,64,48,235,2
575,0.61328125,839,227,39,27,242,1
575,0.662109375,410,205,48,38,260,9
575,0.73388671875,1345,304,84,56,289,7
576,0.91650390625,865,482,235,169,118,4
576,0.8310546875,327,181,90,101,123,6
576,0.5927734375,763,218,42,30,134,0
576,0.94287109375,1739,724,361,276,184,3
576,0.71240234375,941,241,50,37,190,5
576,0.9091796875,1083,453,218,148,205,8
576,0.8232421875,504,271,87,61,216,10
576,0.708984375,479,230,64,49,235,2
576,0.57958984375,838,226,41,27,242,1
576,0.66552734375,410,206,48,38,260,9
576,0.69287109375,1341,304,83,55,289,7
577,0.92578125,873,486,238,173,118,4
577,0.8623046875,327,181,91,102,123,6
577,0.642578125,761,218,42,30,134,0
577,0.93896484375,1750,733,339,282,184,3
577,0.74755859375,940,241,50,36,190,5
577,0.89697265625,1092,456,221,149,205,8
577,0.83544921875,506,272,86,62,216,10
577,0.70751953125,481,231,64,50,235,2
577,0.60009765625,837,226,39,27,242,1
577,0.638671875,412,206,47,38,260,9
577,0.6875,1337,303,83,55,289,7
578,0.92138671875,881,490,241,175,118,4
578,0.85302734375,328,181,90,102,123,6
578,0.66552734375,760,217,42,30,134,0
578,0.93701171875,1761,745,316,286,184,3
578,0.6279296875,938,241,50,36,190,5
578,0.8974609375,1099,460,226,151,205,8
578,0.83642578125,507,273,87,63,216,10
578,0.7646484375,482,231,64,50,235,2
578,0.609375,836,226,39,27,242,1
578,0.6533203125,413,206,47,39,260,9
578,0.6533203125,1333,302,83,55,289,7
579,0.92041015625,888,494,244,176,118,4
579,0.85009765625,329,182,89,101,123,6
579,0.70751953125,759,217,41,29,134,0
579,0.93017578125,1773,757,293,292,184,3
579,0.74755859375,937,241,49,36,190,5
579,0.927734375,1109,463,227,151,205,8
579,0.83642578125,508,274,88,63,216,10
579,0.75634765625,482,231,64,50,235,2
579,0.609375,835,226,39,27,242,1
579,0.69091796875,413,207,48,39,260,9
580,0.92236328125,895,498,247,178,118,4
580,0.83984375,330,182,88,101,123,6
580,0.662109375,758,217,41,30,134,0
580,0.9306640625,1785,768,269,298,184,3
580,0.609375,935,241,50,36,190,5
580,0.90380859375,1119,467,228,152,205,8
580,0.85498046875,511,274,85,63,216,10
580,0.72802734375,483,231,64,51,235,2
580,0.6513671875,833,226,38,27,242,1
580,0.70556640625,413,207,48,39,260,9
580,0.525390625,1325,302,81,55,289,7
581,0.91650390625,903,503,251,181,118,4
581,0.8427734375,331,182,86,101,123,6
581,0.69580078125,757,217,41,30,134,0
581,0.92919921875,1798,780,242,305,184,3
581,0.72021484375,934,241,49,36,190,5
581,0.91650390625,1128,470,231,155,205,8
581,0.84375,514,275,85,63,216,10
581,0.740234375,484,232,64,51,235,2
581,0.57373046875,832,225,38,27,242,1
581,0.70068359375,413,207,48,40,260,9
581,0.74169921875,1321,301,81,56,289,7
582,0.91845703125,911,508,253,182,118,4
582,0.85107421875,332,183,84,101,123,6
582,0.71875,757,217,42,30,134,0
582,0.9189453125,1811,791,216,306,184,3
582,0.71875,932,241,50,36,190,5
582,0.9091796875,1135,473,237,156,205,8
582,0.85302734375,516,276,86,62,216,10
582,0.71875,485,232,64,52,235,2
582,0.68408203125,831,225,38,27,242,1
582,0.69921875,414,207,47,40,260,9
582,0.77978515625,1317,301,82,56,289,7
583,0.9140625,920,513,260,185,118,4
583,0.8388671875,332,183,85,102,123,6
583,0.6875,755,217,42,30,134,0
583,0.92041015625,1825,790,188,283,184,3
583,0.71533203125,931,240,49,36,190,5
583,0.9150390625,1144,477,240,158,205,8
583,0.8388671875,519,277,86,63,216,10
583,0.70068359375,486,233,64,53,235,2
583,0.640625,830,225,37,27,242,1
583,0.7216796875,415,207,47,39,260,9
583,0.66552734375,1313,300,81,55,289,7
584,0.91259765625,929,517,263,188,118,4
584,0.84912109375,332,183,85,102,123,6
584,0.6826171875,754,217,42,30,134,0
584,0.90673828125,1840,794,159,265,184,3
584,0.68603515625,930,240,50,36,190,5
584,0.908203125,1155,481,242,160,205,8
584,0.841796875,520,278,88,63,216,10
584,0.7265625,487,233,65,52,235,2
584,0.5869140625,829,225,38,27,242,1
584,0.71875,416,207,47,40,260,9
584,0.615234375,1309,299,80,55,289,7
585,0.9150390625,937,522,266,191,118,4
585,0.86083984375,333,183,85,103,123,6
585,0.71240234375,753,217,41,30,134,0
585,0.8740234375,1855,799,128,251,184,3
585,0.74609375,928,240,49,35,190,5
585,0.9208984375,1165,485,244,162,205,8
585,0.84814453125,522,279,88,63,216,10
585,0.6943359375,488,233,64,52,235,2
585,0.67578125,828,225,38,27,242,1
585,0.611328125,416,208,47,41,260,9
585,0.60595703125,1306,299,80,54,289,7
586,0.921875,946,527,270,193,118,4
586,0.85205078125,333,184,85,103,123,6
586,0.6875,751,217,41,30,134,0
586,0.81640625,1870,811,97,239,184,3
586,0.7646484375,927,241,50,35,190,5
586,0.92724609375,1176,488,246,163,205,8
586,0.84716796875,525,279,88,64,216,10
586,0.72314453125,489,234,65,53,235,2
586,0.6298828125,827,226,38,26,242,1
586,0.638671875,416,208,48,41,260,9
586,0.60009765625,1302,299,80,54,289,7
587,0.93115234375,954,533,273,195,118,4
587,0.8427734375,333,184,87,103,123,6
587,0.689453125,751,218,40,30,134,0
587,0.74609375,1886,831,64,224,184,3
587,0.75927734375,926,240,49,35,190,5
587,0.9267578125,1186,492,248,165,205,8
587,0.8447265625,527,280,88,65,216,10
587,0.70263671875,491,234,65,53,235,2
587,0.61669921875,826,225,38,27,242,1
587,0.69091796875,417,208,48,40,260,9
587,0.66357421875,1298,299,80,54,289,7
588,0.92724609375,964,538,278,196,118,4
588,0.8408203125,333,184,88,105,123,6
588,0.64599609375,750,218,40,30,134,0
588,0.56787109375,1901,845,30,198,184,3
588,0.75927734375,924,240,50,35,190,5
588,0.9111328125,1197,496,253,166,205,8
588,0.85986328125,529,281,89,65,216,10
588,0.66015625,492,235,65,53,235,2
588,0.6513671875,825,225,38,27,242,1
588,0.71044921875,418,209,48,40,260,9
588,0.67919921875,1295,298,80,53,289,7
589,0.91748046875,973,543,282,200,118,4
589,0.8408203125,334,185,88,105,123,6
589,0.65478515625,748,218,42,31,134,0
589,0.71875,922,241,49,35,190,5
589,0.91845703125,1208,501,257,169,205,8
589,0.85693359375,531,282,90,65,216,10
589,0.7041015625,493,236,66,52,235,2
589,0.611328125,824,225,37,27,242,1
589,0.740234375,419,210,49,40,260,9
589,0.56201171875,1291,298,78,52,289,7
590,0.9150390625,983,549,287,203,118,4
590,0.83544921875,335,185,86,104,123,6
590,0.60400390625,747,217,42,30,134,0
590,0.7265625,921,240,49,35,190,5
590,0.9189453125,1219,505,260,171,205,8
590,0.861328125,534,283,90,66,216,10
590,0.70263671875,494,237,67,52,235,2
590,0.66015625,823,225,38,27,242,1
590,0.732421875,420,210,50,40,260,9
590,0.67578125,1287,298,78,52,289,7
591,0.923828125,993,555,290,205,118,4
591,0.8173828125,336,186,84,104,123,6
591,0.57373046875,746,218,42,30,134,0
591,0.7578125,920,240,48,34,190,5
591,0.91845703125,1231,509,263,173,205,8
591,0.86328125,536,283,91,66,216,10
591,0.71875,495,237,66,53,235,2
591,0.5546875,822,225,38,27,242,1
591,0.7294921875,421,210,51,40,260,9
591,0.70263671875,1283,297,78,52,289,7
592,0.9267578125,1004,560,295,210,118,4
592,0.77587890625,336,186,83,104,123,6
592,0.609375,745,217,42,31,134,0
592,0.763671875,918,240,48,35,190,5
592,0.91845703125,1242,514,266,175,205,8
592,0.86083984375,538,285,91,66,216,10
592,0.70556640625,496,238,66,53,235,2
592,0.609375,820,225,38,27,242,1
592,0.74755859375,421,210,51,40,260,9
592,0.7431640625,1279,297,78,52,289,7
593,0.92919921875,1014,566,299,212,118,4
593,0.78662109375,337,186,83,104,123,6
593,0.56591796875,745,218,42,31,134,0
593,0.7548828125,917,240,47,35,190,5
593,0.9111328125,1255,519,271,178,205,8
593,0.84375,541,286,91,67,216,10
593,0.69580078125,497,238,67,53,235,2
593,0.6494140625,819,225,37,27,242,1
593,0.7294921875,422,211,50,41,260,9
593,0.76904296875,1276,296,77,52,289,7
594,0.9267578125,1025,573,304,215,118,4
594,0.85400390625,338,186,84,105,123,6
594,0.529296875,744,218,41,30,134,0
594,0.77197265625,915,240,47,35,190,5
594,0.91552734375,1267,524,274,179,205,8
594,0.84716796875,543,288,92,68,216,10
594,0.71044921875,499,239,67,53,235,2
594,0.63525390625,817,225,36,27,242,1
594,0.7265625,423,211,50,41,260,9
594,0.767578125,1273,296,76,52,289,7
595,0.93212890625,1036,578,310,218,118,4
595,0.87255859375,338,187,85,107,123,6
595,0.541015625,743,218,41,31,134,0
595,0.73095703125,914,240,47,34,190,5
595,0.9189453125,1279,528,278,180,205,8
595,0.85302734375,546,288,94,69,216,10
595,0.71044921875,500,240,67,53,235,2
595,0.662109375,817,225,36,28,242,1
595,0.71533203125,423,212,50,41,260,9
595,0.615234375,1269,296,76,52,289,7
596,0.923828125,1047,584,314,222,118,4
596,0.8798828125,339,187,86,108,123,6
596,0.5849609375,742,218,40,31,134,0
596,0.7431640625,913,240,47,35,190,5
596,0.93115234375,1292,533,282,183,205,8
596,0.8623046875,548,290,94,69,216,10
596,0.708984375,502,241,69,53,235,2
596,0.70068359375,816,225,36,28,242,1
596,0.716796875,423,212,51,41,260,9
596,0.60009765625,1266,295,76,52,289,7
597,0.9267578125,1059,592,319,225,118,4
597,0.845703125,339,187,85,108,123,6
597,0.72021484375,912,240,47,35,190,5
597,0.92578125,1305,538,288,186,205,8
597,0.8681640625,551,291,94,70,216,10
597,0.71875,503,241,69,54,235,2
597,0.64794921875,815,226,36,28,242,1
597,0.72021484375,424,213,50,41,260,9
597,0.61669921875,1262,295,75,51,289,7
598,0.9306640625,1071,599,325,229,118,4
598,0.8408203125,340,187,85,108,123,6
598,0.5,740,218,40,30,134,0
598,0.69775390625,910,240,47,35,190,5
598,0.92724609375,1319,543,292,187,205,8
598,0.8671875,554,291,95,71,216,10
598,0.73095703125,503,242,69,54,235,2
598,0.67578125,814,226,38,28,242,1
598,0.7216796875,425,214,49,41,260,9
598,0.67919921875,1258,294,74,51,289,7
