Frame,ID,Class,Confidence,X,Y,Width,Height
0,1,car,0.927734375,1710,746,401,178
0,2,car,0.88623046875,1114,689,174,79
0,3,car,0.8857421875,822,666,120,64
0,4,car,0.8759765625,1299,666,147,77
0,5,car,0.85400390625,1533,687,186,103
0,6,car,0.8447265625,945,661,124,63
0,7,car,0.81982421875,611,661,105,58
0,8,truck,0.79296875,379,634,94,64
0,9,car,0.7705078125,503,632,52,30
0,10,car,0.69287109375,1827,720,183,160
0,11,truck,0.68408203125,317,600,53,69
0,12,truck,0.6826171875,810,600,174,61
0,13,car,0.61328125,628,645,94,61
0,14,car,0.57177734375,987,654,79,61
0,15,car,0.541015625,1155,630,87,33
0,16,car,0.439697265625,190,622,53,43
0,17,car,0.37744140625,1411,641,117,31
0,18,car,0.3720703125,98,615,43,39
0,19,truck,0.352294921875,281,603,79,75
0,20,car,0.34521484375,67,615,33,31
0,21,truck,0.325927734375,269,602,53,72
0,22,car,0.287841796875,267,624,51,39
1,1,car,0.91796875,1725,748,386,182
1,2,car,0.8857421875,1124,689,176,80
1,3,car,0.8857421875,827,666,121,64
1,4,car,0.8818359375,1309,666,149,77
1,5,car,0.8759765625,1547,688,183,103
1,6,car,0.85009765625,952,662,124,62
1,7,car,0.77880859375,615,661,109,59
1,8,truck,0.73095703125,382,635,95,63
1,9,car,0.751953125,504,632,53,29
1,11,truck,0.470703125,319,600,51,68
1,12,truck,0.7578125,805,600,172,61
1,13,car,0.65673828125,631,646,97,59
1,14,car,0.5869140625,989,654,89,62
1,15,car,0.414794921875,1146,629,89,32
1,16,car,0.439697265625,190,623,52,43
1,17,car,0.521484375,1405,640,106,31
1,18,car,0.26123046875,98,615,45,38
1,19,truck,0.39990234375,292,603,95,75
1,20,car,0.1591796875,68,615,34,34
1,21,truck,0.33642578125,271,603,52,75
1,22,car,0.24072265625,270,623,49,39
2,1,car,0.91064453125,1740,750,355,181
2,2,car,0.8857421875,1136,690,178,80
2,3,car,0.88818359375,832,667,120,65
2,4,car,0.87158203125,1321,667,152,79
2,5,car,0.8984375,1563,689,185,104
2,6,car,0.84912109375,959,662,126,63
2,7,car,0.83203125,624,663,112,59
2,8,truck,0.74609375,385,636,95,62
2,9,car,0.76611328125,506,632,54,29
2,11,truck,0.78271484375,321,600,50,67
2,12,truck,0.74755859375,799,600,171,61
2,13,car,0.363037109375,629,640,109,49
2,14,car,0.66357421875,991,655,100,60
2,15,car,0.494140625,1134,629,90,30
2,16,car,0.287841796875,194,623,58,42
2,17,car,0.556640625,1396,640,90,32
2,18,car,0.3310546875,104,617,47,35
2,20,car,0.275146484375,69,615,34,31
2,21,truck,0.4609375,272,603,53,75
2,22,car,0.226806640625,271,623,52,40
2,23,car,0.658203125,1866,680,107,80
3,1,car,0.91357421875,1756,753,324,187
3,2,car,0.880859375,1149,691,179,81
3,3,car,0.884765625,840,667,123,65
3,4,car,0.88330078125,1335,667,154,80
3,5,car,0.8740234375,1584,690,195,107
3,6,car,0.8388671875,968,663,128,64
3,7,car,0.82568359375,631,663,113,59
3,8,truck,0.80908203125,390,636,96,62
3,9,car,0.76611328125,509,632,55,30
3,11,truck,0.71044921875,320,600,54,68
3,12,truck,0.7646484375,793,600,169,61
3,13,car,0.420654296875,631,638,115,44
3,14,car,0.61669921875,998,654,103,58
3,15,car,0.60009765625,1118,629,85,29
3,16,car,0.4609375,194,624,55,43
3,17,car,0.414794921875,1376,638,99,33
3,18,car,0.1778564453125,104,616,42,36
3,20,car,0.1981201171875,70,615,34,32
3,21,truck,0.1441650390625,273,600,50,68
3,22,car,0.418701171875,274,624,52,38
3,26,car,0.56787109375,1713,652,104,26
4,1,car,0.92236328125,1774,756,291,193
4,2,car,0.8916015625,1162,692,182,82
4,3,car,0.8798828125,846,667,122,66
4,4,car,0.8759765625,1349,668,153,82
4,5,car,0.8232421875,1612,692,213,109
4,6,car,0.85009765625,978,663,131,65
4,7,car,0.81982421875,638,664,113,60
4,8,truck,0.80908203125,394,636,97,62
4,9,car,0.77734375,512,632,55,30
4,11,truck,0.732421875,322,601,54,69
4,12,truck,0.69287109375,787,600,167,62
4,13,car,0.338134765625,634,638,120,43
4,14,car,0.59619140625,1010,653,97,54
4,15,car,0.37744140625,1106,628,79,28
4,16,car,0.537109375,201,623,65,42
4,18,car,0.273681640625,106,616,41,35
4,20,car,0.2322998046875,71,614,34,31
4,22,car,0.517578125,276,624,51,38
5,1,car,0.89697265625,1791,760,257,195
5,2,car,0.88623046875,1176,693,184,83
5,3,car,0.8798828125,851,667,122,67
5,4,car,0.86962890625,1362,669,155,82
5,5,car,0.8671875,1627,695,205,113
5,6,car,0.845703125,985,664,130,66
5,7,car,0.83349609375,644,664,112,61
5,8,truck,0.740234375,399,637,95,62
5,9,car,0.74462890625,515,632,56,30
5,11,truck,0.689453125,325,601,53,70
5,12,truck,0.5947265625,780,601,165,61
5,13,car,0.11279296875,631,637,110,38
5,14,car,0.6806640625,1020,654,96,57
5,15,car,0.315673828125,1097,628,73,28
5,16,car,0.312255859375,202,623,60,40
5,18,car,0.28466796875,108,618,45,35
5,20,car,0.25390625,71,614,34,29
5,22,car,0.359375,279,625,48,37
5,19,truck,0.291015625,302,601,99,72
6,1,car,0.89111328125,1808,757,223,186
6,2,car,0.89404296875,1189,695,188,84
6,3,car,0.87646484375,858,668,123,67
6,4,car,0.8896484375,1377,669,158,82
6,5,car,0.8642578125,1648,697,209,117
6,6,car,0.8427734375,996,664,133,65
6,7,car,0.84814453125,651,664,112,62
6,8,truck,0.70556640625,403,638,94,62
6,9,car,0.7734375,519,632,56,30
6,11,truck,0.68603515625,326,600,53,70
6,12,truck,0.552734375,774,601,163,61
6,14,car,0.607421875,1028,654,97,57
6,15,truck,0.1375732421875,1088,628,69,28
6,16,car,0.5390625,205,622,63,41
6,18,car,0.2120361328125,108,616,48,37
6,20,car,0.2081298828125,72,614,34,30
6,22,car,0.2239990234375,281,624,50,39
6,34,car,0.435791015625,602,638,46,35
6,19,truck,0.2147216796875,303,599,102,73
7,1,car,0.88720703125,1826,756,187,180
7,2,car,0.880859375,1203,695,189,85
7,3,car,0.873046875,866,669,123,67
7,4,car,0.880859375,1390,670,159,82
7,5,car,0.87646484375,1670,699,217,118
7,6,car,0.845703125,1006,665,138,66
7,7,car,0.85205078125,658,665,113,64
7,8,truck,0.77734375,407,638,96,63
7,9,car,0.7880859375,522,632,56,31
7,11,truck,0.43212890625,328,601,56,71
7,12,truck,0.56201171875,772,602,165,62
7,14,car,0.56201171875,1036,655,101,57
7,15,truck,0.2081298828125,1076,625,63,31
7,16,car,0.57958984375,207,622,64,41
7,20,car,0.204345703125,74,613,35,30
7,22,car,0.46875,282,626,53,39
7,34,car,0.36669921875,603,638,44,36
7,19,truck,0.5927734375,304,601,103,77
7,41,person,0.46484375,1147,1043,77,70
7,13,car,0.390380859375,648,635,89,37
8,1,car,0.8916015625,1844,758,149,180
8,2,car,0.89111328125,1218,696,191,86
8,3,car,0.8662109375,872,670,125,67
8,4,car,0.89013671875,1405,671,161,83
8,5,car,0.87744140625,1692,700,224,120
8,6,car,0.81982421875,1014,664,138,67
8,7,car,0.85107421875,665,666,114,63
8,8,truck,0.767578125,410,638,98,64
8,9,car,0.77587890625,524,632,56,31
8,11,truck,0.120849609375,327,601,63,73
8,12,truck,0.546875,766,603,160,63
8,14,car,0.515625,1045,656,100,57
8,15,truck,0.25830078125,1066,626,63,29
8,16,car,0.525390625,208,622,63,42
8,20,car,0.1470947265625,75,614,34,29
8,34,car,0.509765625,609,638,44,35
8,19,truck,0.73583984375,306,602,105,77
8,41,person,0.486328125,1145,1040,75,76
8,46,car,0.60400390625,1569,649,92,23
8,13,car,0.1259765625,651,635,83,37
9,1,car,0.8662109375,1865,761,109,182
9,2,car,0.89306640625,1232,698,195,85
9,3,car,0.87890625,879,670,125,68
9,4,car,0.88720703125,1420,672,165,84
9,5,car,0.88623046875,1720,701,236,123
9,6,car,0.84716796875,1023,665,140,68
9,7,car,0.84912109375,673,666,116,63
9,8,truck,0.80908203125,414,639,98,65
9,9,car,0.78125,527,632,55,31
9,11,truck,0.193115234375,328,602,63,74
9,12,truck,0.57177734375,759,602,157,61
9,14,car,0.455078125,1060,655,87,54
9,15,truck,0.1251220703125,1053,625,64,25
9,16,car,0.51953125,209,621,62,41
9,34,car,0.59814453125,612,638,42,36
9,19,truck,0.77197265625,308,602,106,76
9,41,person,0.33642578125,1137,1037,89,82
9,46,car,0.56787109375,1555,648,105,22
9,13,car,0.1800537109375,658,636,82,37
10,1,car,0.83447265625,1883,765,67,185
10,2,car,0.89501953125,1246,699,197,86
10,3,car,0.8798828125,887,670,128,67
10,4,car,0.89501953125,1434,673,167,85
10,5,car,0.880859375,1747,702,256,123
10,6,car,0.85595703125,1031,666,141,69
10,7,car,0.84814453125,680,667,117,62
10,8,truck,0.79833984375,419,639,99,65
10,9,car,0.76220703125,530,632,55,32
10,12,truck,0.46875,753,601,155,59
10,14,car,0.312255859375,1065,656,95,54
10,15,car,0.1329345703125,1044,624,68,22
10,16,car,0.552734375,211,622,62,40
10,34,car,0.453369140625,618,638,47,38
10,19,truck,0.79833984375,309,603,106,78
10,41,person,0.478515625,1129,1035,104,86
10,46,car,0.546875,1539,649,96,24
10,13,car,0.443603515625,665,638,90,40
11,1,car,0.609375,1904,763,27,148
11,2,car,0.90478515625,1261,700,200,88
11,3,car,0.87158203125,893,671,129,68
11,4,car,0.89013671875,1450,673,171,86
11,5,car,0.89501953125,1776,704,271,124
11,6,car,0.8388671875,1040,667,140,68
11,7,car,0.83203125,687,668,119,62
11,8,truck,0.83642578125,422,639,101,66
11,9,car,0.73583984375,532,631,54,33
11,12,truck,0.6259765625,747,601,155,58
11,14,car,0.50390625,1077,657,90,58
11,15,car,0.291015625,1028,625,68,22
11,16,car,0.56982421875,212,622,62,40
11,34,car,0.56982421875,621,639,44,37
11,19,truck,0.80908203125,310,602,106,76
11,41,person,0.54296875,1124,1034,111,88
11,46,car,0.2239990234375,1521,648,74,24
11,13,car,0.54296875,670,640,92,42
11,18,car,0.46484375,113,623,48,33
11,22,car,0.445556640625,291,625,58,36
12,2,car,0.9013671875,1276,701,203,89
12,3,car,0.88232421875,901,671,129,68
12,4,car,0.888671875,1464,674,175,86
12,5,car,0.908203125,1790,706,259,127
12,6,car,0.83544921875,1052,667,145,69
12,7,car,0.830078125,694,668,120,63
12,8,truck,0.75927734375,427,639,101,66
12,9,car,0.7607421875,535,630,55,35
12,12,truck,0.6279296875,742,601,152,58
12,14,car,0.401611328125,1087,656,90,55
12,15,car,0.39599609375,1016,625,66,23
12,16,car,0.638671875,213,623,62,41
12,34,car,0.5830078125,626,639,46,38
12,19,truck,0.80419921875,311,602,106,75
12,41,person,0.56591796875,1121,1033,113,88
12,13,car,0.6298828125,673,640,91,43
12,18,car,0.4091796875,114,624,47,34
12,22,car,0.37744140625,294,625,57,38
13,2,car,0.90185546875,1292,702,208,89
13,3,car,0.87744140625,908,672,132,69
13,4,car,0.8955078125,1480,675,177,88
13,5,car,0.8984375,1800,707,238,128
13,6,car,0.8447265625,1062,668,150,69
13,7,car,0.8388671875,702,669,120,64
13,8,truck,0.77880859375,431,639,102,67
13,9,car,0.75048828125,540,630,56,35
13,12,truck,0.7734375,735,601,156,58
13,14,car,0.1656494140625,1100,652,79,45
13,15,car,0.24365234375,1008,628,61,26
13,16,car,0.418701171875,216,622,60,39
13,34,car,0.638671875,629,640,44,39
13,19,truck,0.8310546875,313,602,103,75
13,41,person,0.521484375,1118,1034,112,88
13,13,car,0.67919921875,678,641,93,44
13,18,car,0.1993408203125,116,624,44,36
13,22,car,0.5546875,296,626,57,37
14,2,car,0.91357421875,1308,703,212,91
14,3,car,0.87890625,915,672,133,70
14,4,car,0.87841796875,1496,676,179,88
14,5,car,0.90673828125,1812,708,215,130
14,6,car,0.8408203125,1071,668,149,70
14,7,car,0.83544921875,709,670,122,64
14,8,truck,0.763671875,435,639,104,67
14,9,car,0.77880859375,543,630,58,37
14,12,truck,0.6875,730,601,154,58
14,14,car,0.43017578125,1107,655,84,54
14,15,car,0.3056640625,993,627,70,26
14,16,car,0.494140625,217,622,60,40
14,34,car,0.5830078125,632,640,42,39
14,19,truck,0.81640625,315,602,103,76
14,41,person,0.3115234375,1116,1034,109,87
14,13,car,0.66015625,683,644,92,50
14,18,car,0.453369140625,116,624,44,35
14,22,car,0.368408203125,298,625,56,40
14,17,car,0.7216796875,1255,640,69,23
15,2,car,0.9111328125,1324,704,215,91
15,3,car,0.8818359375,923,672,134,71
15,4,car,0.8916015625,1513,677,182,90
15,5,car,0.90380859375,1823,709,193,130
15,6,car,0.8310546875,1081,669,152,71
15,7,car,0.83642578125,716,670,123,65
15,8,truck,0.73095703125,440,640,103,67
15,9,car,0.708984375,546,631,58,35
15,12,truck,0.64794921875,725,601,154,58
15,15,car,0.2421875,983,627,77,26
15,16,car,0.341552734375,221,622,60,38
15,34,car,0.64794921875,634,640,38,38
15,19,truck,0.796875,317,603,104,78
15,41,person,0.110107421875,1114,1035,108,84
15,13,car,0.69287109375,687,648,92,57
15,18,car,0.482421875,118,625,46,33
15,22,car,0.2281494140625,299,626,57,39
15,64,car,0.525390625,797,626,48,15
15,17,car,0.6318359375,1243,640,72,21
16,2,car,0.90380859375,1340,706,217,93
16,3,car,0.8818359375,930,672,135,71
16,4,car,0.89111328125,1530,677,184,90
16,5,car,0.88330078125,1834,709,171,128
16,6,car,0.84716796875,1092,668,155,74
16,7,car,0.865234375,723,670,125,66
16,8,truck,0.7880859375,444,640,105,68
16,9,car,0.73583984375,550,632,57,33
16,12,truck,0.609375,722,602,150,60
16,15,car,0.1412353515625,973,627,74,26
16,16,car,0.486328125,222,623,59,39
16,34,car,0.505859375,638,640,38,39
16,19,truck,0.8173828125,319,602,103,77
16,41,person,0.2451171875,1123,1036,87,82
16,13,car,0.74609375,693,650,94,61
16,18,car,0.501953125,119,625,46,33
16,22,car,0.401611328125,302,626,61,41
16,64,car,0.31396484375,790,625,49,15
16,17,car,0.470703125,1230,639,71,19
16,69,car,0.505859375,1400,663,89,60
17,2,car,0.90283203125,1357,707,221,94
17,3,car,0.87744140625,937,673,135,73
17,4,car,0.8974609375,1547,678,186,91
17,5,car,0.86328125,1846,709,147,126
17,6,car,0.8388671875,1101,668,155,75
17,7,car,0.85791015625,732,671,124,66
17,8,truck,0.69091796875,448,640,107,68
17,9,car,0.75634765625,553,633,58,33
17,12,truck,0.62451171875,711,612,161,79
17,15,car,0.4072265625,963,627,72,27
17,16,car,0.60400390625,224,623,62,41
17,34,car,0.2568359375,644,640,40,38
17,19,truck,0.8017578125,321,601,104,75
17,41,cow,0.1044921875,1126,1039,76,78
17,13,car,0.67919921875,699,652,95,63
17,18,car,0.462890625,119,625,45,31
17,22,car,0.486328125,305,626,61,41
17,64,car,0.350341796875,781,625,50,16
17,17,car,0.265869140625,1214,639,81,19
17,69,car,0.10894775390625,1400,664,113,61
18,2,car,0.908203125,1374,708,224,94
18,3,car,0.8759765625,944,674,137,72
18,4,car,0.89697265625,1565,679,190,92
18,5,car,0.84375,1858,708,123,128
18,6,car,0.841796875,1112,669,158,75
18,7,car,0.8623046875,740,671,125,67
18,8,truck,0.81298828125,453,640,108,70
18,9,car,0.77734375,556,633,59,33
18,12,truck,0.39990234375,709,615,158,85
18,15,car,0.162353515625,951,627,66,26
18,16,car,0.515625,226,624,60,42
18,34,car,0.509765625,646,641,38,38
18,19,truck,0.845703125,322,603,105,78
18,41,cow,0.10968017578125,1127,1040,73,76
18,13,car,0.69287109375,705,652,97,63
18,18,car,0.55078125,122,624,48,31
18,22,car,0.2783203125,309,627,60,40
18,64,car,0.319091796875,775,625,51,16
18,17,car,0.403564453125,1206,639,77,19
18,74,car,0.642578125,1367,643,99,22
18,75,truck,0.466796875,713,605,148,65
19,2,car,0.91650390625,1392,709,227,95
19,3,car,0.88232421875,953,674,139,72
19,4,car,0.892578125,1582,680,194,94
19,5,car,0.8115234375,1871,712,97,124
19,6,car,0.85595703125,1121,670,157,76
19,7,car,0.8623046875,747,672,127,68
19,8,truck,0.740234375,457,640,109,70
19,9,car,0.71875,559,633,59,33
19,15,car,0.25390625,942,627,67,27
19,16,car,0.46875,228,625,63,43
19,34,car,0.4609375,655,641,47,39
19,19,truck,0.82568359375,324,602,105,77
19,41,cow,0.11920166015625,1127,1041,71,73
19,13,car,0.71044921875,711,652,98,65
19,18,car,0.39794921875,123,624,46,31
19,22,car,0.552734375,310,627,60,40
19,64,car,0.1412353515625,771,626,46,16
19,74,car,0.708984375,1352,643,90,22
19,75,truck,0.4609375,707,608,149,69
20,2,car,0.91259765625,1409,710,230,97
20,3,car,0.8818359375,961,675,140,72
20,4,car,0.8974609375,1600,681,197,94
20,5,car,0.806640625,1883,715,72,122
20,6,car,0.85498046875,1132,670,159,77
20,7,car,0.8427734375,755,673,128,69
20,8,truck,0.8291015625,462,639,109,73
20,9,car,0.66357421875,562,634,59,32
20,15,car,0.357666015625,934,626,70,27
20,16,car,0.521484375,228,625,59,42
20,34,car,0.6259765625,664,641,54,39
20,19,truck,0.81298828125,326,602,107,77
20,41,cow,0.1357421875,1126,1043,69,70
20,13,car,0.74755859375,719,653,102,64
20,18,car,0.4072265625,124,623,45,32
20,22,car,0.57568359375,313,627,59,40
20,74,car,0.66552734375,1331,642,89,21
20,75,truck,0.5830078125,702,603,148,58
20,26,car,0.43017578125,1730,655,137,25
21,2,car,0.90966796875,1427,712,235,98
21,3,car,0.892578125,969,676,141,73
21,4,car,0.88232421875,1619,682,200,95
21,5,car,0.751953125,1896,719,44,119
21,6,car,0.88427734375,1141,671,159,78
21,7,car,0.8662109375,762,673,131,69
21,8,truck,0.79296875,467,640,112,74
21,9,car,0.5546875,565,634,60,32
21,15,car,0.2239990234375,927,625,63,27
21,16,car,0.437744140625,230,625,59,43
21,34,car,0.6494140625,669,642,57,39
21,19,truck,0.8115234375,327,602,105,76
21,41,cow,0.11358642578125,1125,1043,70,70
21,13,car,0.75927734375,725,653,104,66
21,18,car,0.394287109375,127,623,48,31
21,22,car,0.5947265625,316,627,58,40
21,74,car,0.71533203125,1311,642,86,21
21,75,truck,0.552734375,696,601,148,55
21,26,car,0.11199951171875,1726,655,129,27
22,2,car,0.9111328125,1446,713,239,99
22,3,car,0.8916015625,977,676,143,74
22,4,car,0.88330078125,1639,683,203,96
22,5,car,0.5888671875,1909,719,18,87
22,6,car,0.8681640625,1152,671,161,80
22,7,car,0.8759765625,770,674,131,70
22,8,truck,0.7919921875,471,640,114,75
22,9,car,0.3720703125,570,634,58,32
22,15,car,0.25830078125,919,625,62,26
22,16,car,0.449462890625,231,627,62,42
22,34,car,0.6943359375,673,642,55,40
22,19,truck,0.79443359375,329,602,107,76
22,41,cow,0.11126708984375,1123,1042,71,71
22,13,car,0.81298828125,728,653,99,67
22,18,car,0.31396484375,127,624,49,32
22,22,car,0.56787109375,319,626,56,42
22,74,car,0.71044921875,1293,641,86,21
22,75,truck,0.60400390625,689,600,145,53
22,26,car,0.161376953125,1711,654,95,27
22,88,car,0.4921875,1062,649,105,58
23,2,car,0.9052734375,1465,714,243,99
23,3,car,0.88818359375,985,677,144,75
23,4,car,0.89306640625,1658,684,206,97
23,6,car,0.8740234375,1163,672,164,80
23,7,car,0.87841796875,779,675,132,70
23,8,truck,0.81298828125,476,640,116,75
23,9,car,0.60595703125,574,635,57,32
23,15,car,0.29248046875,909,624,66,25
23,16,car,0.39794921875,235,627,65,43
23,34,car,0.6875,678,642,57,40
23,19,truck,0.822265625,331,602,108,77
23,13,car,0.78515625,732,653,97,68
23,18,car,0.341552734375,127,621,46,35
23,22,car,0.62060546875,320,627,61,42
23,74,car,0.642578125,1273,641,89,20
23,75,truck,0.68603515625,685,600,141,52
23,88,car,0.4111328125,1060,649,100,59
24,2,car,0.90283203125,1484,715,248,101
24,3,car,0.89111328125,993,677,146,76
24,4,car,0.89501953125,1677,685,211,98
24,6,car,0.88623046875,1173,672,167,82
24,7,car,0.88232421875,787,675,134,70
24,8,truck,0.861328125,480,640,117,76
24,9,car,0.673828125,578,635,56,32
24,15,car,0.299072265625,900,624,71,25
24,16,car,0.451416015625,238,628,63,40
24,34,car,0.6669921875,682,642,54,40
24,19,truck,0.83984375,332,601,109,75
24,13,car,0.80419921875,737,653,96,67
24,18,car,0.394287109375,130,623,46,32
24,22,car,0.5849609375,321,627,63,43
24,74,car,0.53515625,1262,642,79,21
24,75,truck,0.6298828125,680,600,141,51
24,88,car,0.53125,1058,650,99,58
25,2,car,0.90966796875,1504,716,252,102
25,3,car,0.884765625,1002,678,147,77
25,4,car,0.8974609375,1698,686,213,101
25,6,car,0.8955078125,1184,673,168,82
25,7,car,0.87646484375,795,676,135,71
25,8,truck,0.78662109375,484,641,120,76
25,9,car,0.67919921875,582,635,54,32
25,15,car,0.4072265625,893,624,75,25
25,16,car,0.449462890625,240,626,61,41
25,34,car,0.63525390625,685,642,53,41
25,19,truck,0.8388671875,334,601,111,74
25,13,car,0.80078125,742,654,98,67
25,18,car,0.422607421875,131,624,45,31
25,22,car,0.6298828125,323,627,64,43
25,74,car,0.24365234375,1251,642,66,22
25,75,truck,0.67578125,675,600,138,51
25,88,car,0.2254638671875,1055,651,101,59
25,93,car,0.363037109375,194,620,46,36
25,94,car,0.39794921875,95,620,42,36
26,2,car,0.9052734375,1525,719,257,103
26,3,car,0.88427734375,1011,678,149,77
26,4,car,0.89697265625,1719,687,216,102
26,6,car,0.86865234375,1195,674,170,82
26,7,car,0.880859375,802,677,137,71
26,8,truck,0.81640625,489,641,123,77
26,9,car,0.69287109375,585,635,59,33
26,15,car,0.27978515625,884,623,66,24
26,16,car,0.5830078125,241,626,59,43
26,34,car,0.60009765625,691,643,56,40
26,19,truck,0.78515625,335,601,110,74
26,13,car,0.7890625,749,654,98,68
26,18,car,0.350341796875,132,623,45,31
26,22,car,0.56591796875,325,628,65,44
26,75,truck,0.6494140625,671,600,136,53
26,93,car,0.394287109375,194,619,47,37
26,94,car,0.33447265625,95,620,42,34
27,2,car,0.91845703125,1545,721,262,105
27,3,car,0.88232421875,1019,679,150,77
27,4,car,0.900390625,1740,688,220,104
27,6,car,0.8955078125,1205,674,173,83
27,7,car,0.88720703125,811,678,138,72
27,8,truck,0.79931640625,492,642,123,78
27,9,car,0.6513671875,589,636,58,33
27,15,car,0.33642578125,878,623,73,25
27,16,car,0.60009765625,242,626,59,44
27,34,car,0.73095703125,700,642,65,42
27,19,truck,0.78515625,336,601,111,74
27,13,car,0.80078125,754,655,99,69
27,18,car,0.388671875,132,623,43,30
27,22,car,0.57568359375,328,628,65,44
27,75,truck,0.546875,666,603,131,58
27,93,car,0.418701171875,197,619,46,36
27,94,car,0.307373046875,96,620,42,33
27,98,person,0.362060546875,1082,1033,115,89
28,2,car,0.92041015625,1567,722,268,106
28,3,car,0.8896484375,1029,680,150,77
28,4,car,0.89013671875,1762,689,226,105
28,6,car,0.88818359375,1216,675,176,85
28,7,car,0.87890625,819,679,140,73
28,8,truck,0.69091796875,499,642,119,78
28,9,car,0.62060546875,594,636,56,34
28,15,car,0.281494140625,867,623,65,24
28,16,car,0.54296875,244,626,61,45
28,34,car,0.7373046875,702,642,59,44
28,19,truck,0.81982421875,339,602,112,77
28,13,car,0.810546875,760,656,99,69
28,18,car,0.470703125,135,624,46,32
28,22,car,0.490234375,330,628,64,44
28,75,truck,0.5947265625,662,605,131,61
28,93,car,0.373779296875,198,619,45,36
28,94,car,0.401611328125,97,620,41,34
28,98,person,0.132568359375,1080,1032,117,92
29,2,car,0.92138671875,1588,723,274,107
29,3,car,0.888671875,1038,680,153,78
29,4,car,0.8740234375,1783,690,232,106
29,6,car,0.87255859375,1228,676,177,85
29,7,car,0.90478515625,827,679,143,73
29,8,truck,0.716796875,506,643,119,76
29,9,car,0.71044921875,599,636,52,33
29,15,car,0.291015625,859,623,61,25
29,16,car,0.63525390625,246,627,63,45
29,34,car,0.5849609375,704,642,56,44
29,19,truck,0.75927734375,340,602,113,77
29,13,car,0.83203125,767,656,100,69
29,18,car,0.470703125,136,625,44,32
29,22,car,0.64404296875,333,628,63,44
29,75,truck,0.56982421875,659,606,133,63
29,93,car,0.392333984375,199,623,43,32
29,94,car,0.4072265625,98,622,42,34
29,98,person,0.32080078125,1076,1030,117,93
29,101,car,0.50390625,1513,647,107,21
30,2,car,0.9150390625,1611,724,280,109
30,3,car,0.87744140625,1047,681,155,79
30,4,car,0.88623046875,1802,691,234,107
30,6,car,0.83544921875,1239,677,179,84
30,7,car,0.89404296875,835,679,144,74
30,8,truck,0.78515625,512,644,120,76
30,9,car,0.7041015625,602,636,55,35
30,15,car,0.33447265625,852,623,62,26
30,16,car,0.51171875,248,628,64,45
30,34,car,0.7265625,709,643,56,42
30,19,truck,0.81298828125,343,602,115,76
30,13,car,0.8408203125,775,657,104,70
30,18,car,0.441650390625,138,626,44,33
30,22,car,0.69580078125,336,628,63,44
30,75,truck,0.609375,655,605,131,60
30,93,car,0.359375,200,624,44,31
30,94,car,0.302490234375,99,622,43,35
30,98,person,0.447509765625,1071,1030,118,93
30,101,car,0.56591796875,1493,647,106,21
31,2,car,0.923828125,1634,725,284,110
31,3,car,0.8896484375,1056,681,156,80
31,4,car,0.880859375,1814,692,210,107
31,6,car,0.8681640625,1254,678,176,86
31,7,car,0.8857421875,844,680,145,74
31,8,truck,0.70556640625,519,645,119,77
31,9,car,0.70068359375,606,636,55,35
31,15,car,0.1981201171875,847,623,64,26
31,16,car,0.56201171875,250,628,65,46
31,34,car,0.71044921875,714,643,54,41
31,19,truck,0.80908203125,344,603,117,79
31,13,car,0.8310546875,781,657,105,69
31,18,car,0.39794921875,139,625,44,33
31,22,car,0.498046875,339,629,63,43
31,75,truck,0.67724609375,648,603,131,57
31,93,car,0.453369140625,202,623,43,32
31,94,car,0.312255859375,100,621,46,37
31,98,person,0.52734375,1067,1031,119,93
31,101,car,0.57177734375,1472,647,98,20
31,105,car,0.544921875,1179,664,56,49
32,2,car,0.92236328125,1656,728,288,112
32,3,car,0.8740234375,1066,682,158,81
32,4,car,0.8798828125,1825,692,189,107
32,6,car,0.87744140625,1267,678,177,86
32,7,car,0.87255859375,853,681,147,74
32,8,truck,0.74169921875,524,643,121,81
32,9,car,0.56787109375,608,636,58,36
32,15,car,0.1602783203125,840,624,51,26
32,16,car,0.607421875,252,629,64,45
32,34,car,0.72021484375,720,644,57,41
32,19,truck,0.77880859375,347,603,118,80
32,13,car,0.85693359375,788,658,106,70
32,18,car,0.453369140625,141,626,42,32
32,22,car,0.59814453125,342,629,63,43
32,75,truck,0.640625,644,604,130,57
32,93,car,0.35400390625,203,623,43,33
32,94,car,0.24658203125,101,621,45,37
32,98,person,0.453369140625,1061,1031,118,91
32,101,car,0.67919921875,1448,646,101,19
32,105,car,0.5908203125,1191,665,59,52
33,2,car,0.916015625,1682,730,293,114
33,3,car,0.88623046875,1075,683,161,81
33,4,car,0.85986328125,1837,692,164,108
33,6,car,0.89306640625,1281,679,179,88
33,7,car,0.8759765625,861,682,148,76
33,8,truck,0.7578125,530,645,122,79
33,9,car,0.56787109375,612,636,57,35
33,15,car,0.1571044921875,830,623,52,24
33,16,car,0.62060546875,255,629,64,46
33,34,car,0.72314453125,726,644,58,42
33,19,truck,0.79443359375,350,603,121,80
33,13,car,0.85400390625,793,658,105,71
33,18,car,0.4091796875,142,627,43,32
33,22,car,0.53125,345,629,64,43
33,75,truck,0.53515625,640,604,128,59
33,93,car,0.470703125,206,623,43,30
33,94,car,0.1800537109375,103,622,43,35
33,98,person,0.556640625,1055,1031,119,90
33,101,car,0.57958984375,1426,645,101,20
33,105,car,0.6806640625,1201,665,58,55
33,109,car,0.451416015625,939,627,74,22
34,2,car,0.916015625,1706,731,301,115
34,3,car,0.86328125,1085,684,162,82
34,4,car,0.7890625,1846,693,146,108
34,6,car,0.8759765625,1294,680,183,89
34,7,car,0.87890625,870,682,149,77
34,8,truck,0.78271484375,536,646,124,78
34,9,car,0.6806640625,618,636,56,34
34,15,car,0.10968017578125,823,623,58,25
34,16,car,0.5947265625,257,629,65,46
34,34,car,0.767578125,732,645,60,42
34,19,truck,0.80419921875,354,603,127,79
34,13,car,0.79443359375,799,658,107,72
34,18,car,0.4111328125,143,627,43,32
34,22,car,0.4765625,348,630,66,43
34,75,truck,0.57177734375,637,604,124,58
34,93,car,0.501953125,207,621,44,34
34,94,car,0.1993408203125,106,623,45,35
34,98,person,0.48828125,1050,1032,117,89
34,101,car,0.513671875,1407,645,102,21
34,105,car,0.611328125,1213,667,59,58
34,109,car,0.4091796875,935,627,77,22
35,2,car,0.9306640625,1731,733,305,116
35,3,car,0.865234375,1094,685,164,82
35,4,car,0.70263671875,1859,693,121,108
35,6,car,0.91162109375,1307,681,185,91
35,7,car,0.88232421875,878,683,152,76
35,8,truck,0.76220703125,541,647,124,79
35,9,car,0.69287109375,621,637,55,35
35,15,car,0.20947265625,815,622,60,22
35,16,car,0.513671875,259,629,66,47
35,34,car,0.64599609375,737,645,62,42
35,19,truck,0.7734375,356,603,129,80
35,13,car,0.82080078125,805,659,106,72
35,18,car,0.363037109375,144,627,43,32
35,22,car,0.5390625,351,630,65,44
35,75,truck,0.48828125,633,603,121,56
35,93,car,0.422607421875,209,620,45,34
35,94,car,0.139404296875,106,622,43,36
35,98,person,0.505859375,1045,1033,118,89
35,101,car,0.54296875,1392,644,87,22
35,105,car,0.69580078125,1223,668,58,57
35,109,car,0.4072265625,927,628,78,22
36,2,car,0.9052734375,1756,735,313,118
36,3,car,0.88232421875,1104,686,167,83
36,4,car,0.615234375,1872,692,95,101
36,6,car,0.88232421875,1320,682,188,92
36,7,car,0.875,886,684,155,77
36,8,truck,0.7548828125,547,647,125,81
36,9,car,0.67724609375,626,636,54,34
36,15,car,0.18359375,805,621,57,20
36,16,car,0.54296875,261,629,66,47
36,34,car,0.6279296875,744,646,65,42
36,19,truck,0.845703125,360,602,131,79
36,13,car,0.82763671875,812,660,108,73
36,18,car,0.20556640625,145,627,45,32
36,22,car,0.5390625,353,629,66,45
36,75,truck,0.453369140625,630,604,119,58
36,93,car,0.458984375,211,621,45,32
36,98,person,0.36572265625,1039,1033,117,89
36,105,car,0.59619140625,1234,668,61,56
36,109,car,0.375732421875,917,627,78,22
37,2,car,0.892578125,1771,738,296,120
37,3,car,0.8798828125,1115,687,169,84
37,4,car,0.486328125,1886,685,67,87
37,6,car,0.86865234375,1335,683,189,92
37,7,car,0.87060546875,896,684,154,77
37,8,truck,0.7578125,554,647,126,82
37,9,car,0.751953125,630,637,55,34
37,15,car,0.17333984375,796,621,52,19
37,16,car,0.51953125,263,629,65,48
37,34,car,0.607421875,749,646,66,43
37,19,truck,0.83447265625,361,602,133,79
37,13,car,0.84814453125,820,660,111,74
37,18,car,0.46484375,147,627,44,32
37,22,car,0.6689453125,355,629,67,45
37,75,truck,0.17333984375,626,604,119,58
37,93,car,0.53125,212,621,43,33
37,98,person,0.10821533203125,1034,1032,120,89
37,105,car,0.63330078125,1248,669,66,57
37,109,car,0.36669921875,911,628,75,24
37,94,car,0.27978515625,108,622,41,35
38,2,car,0.91845703125,1783,740,272,121
38,3,car,0.90673828125,1126,688,171,85
38,4,car,0.46484375,1899,683,38,77
38,6,car,0.89697265625,1349,683,192,94
38,7,car,0.87744140625,905,685,156,79
38,8,truck,0.7880859375,560,648,127,81
38,9,car,0.611328125,635,638,52,35
38,16,car,0.5908203125,265,629,65,47
38,34,car,0.51953125,754,646,65,43
38,19,truck,0.8447265625,362,602,132,79
38,13,car,0.8896484375,827,660,113,75
38,18,car,0.32080078125,148,627,45,32
38,22,car,0.7373046875,358,629,68,45
38,75,truck,0.1766357421875,622,603,115,57
38,93,car,0.46875,214,622,46,32
38,98,person,0.132568359375,1028,1030,128,93
38,105,car,0.638671875,1260,669,70,59
38,109,car,0.1883544921875,906,629,74,25
38,114,car,0.416748046875,1745,653,140,31
38,94,car,0.1500244140625,110,622,45,37
39,2,car,0.896484375,1795,742,248,123
39,3,car,0.8955078125,1137,688,171,86
39,6,car,0.892578125,1363,684,194,95
39,7,car,0.8916015625,914,686,158,80
39,8,truck,0.80810546875,566,649,128,81
39,9,car,0.64599609375,640,637,53,36
39,16,car,0.57373046875,268,630,67,47
39,34,car,0.501953125,764,646,74,44
39,19,truck,0.82763671875,364,602,133,79
39,13,car,0.875,832,660,112,75
39,18,car,0.310791015625,149,626,46,32
39,22,car,0.74169921875,361,629,67,46
39,93,car,0.52734375,216,620,45,36
39,98,person,0.609375,1023,1028,136,97
39,105,car,0.439697265625,1279,669,85,60
39,109,car,0.1519775390625,902,630,72,25
39,114,car,0.59814453125,1725,652,140,30
39,94,car,0.1519775390625,112,624,46,34
40,2,car,0.9013671875,1809,743,221,124
40,3,car,0.89111328125,1147,689,173,87
40,6,car,0.8916015625,1378,685,198,96
40,7,car,0.865234375,923,687,161,82
40,8,truck,0.830078125,571,647,131,86
40,9,car,0.6279296875,643,636,53,38
40,16,car,0.57568359375,271,630,67,48
40,34,car,0.67724609375,767,647,67,44
40,19,truck,0.83447265625,366,601,134,79
40,13,car,0.87060546875,840,661,114,75
40,18,car,0.341552734375,150,626,45,32
40,22,car,0.77197265625,364,629,68,46
40,93,car,0.416748046875,217,619,45,37
40,98,person,0.708984375,1018,1025,144,103
40,105,car,0.6943359375,1287,668,82,63
40,114,car,0.6318359375,1704,651,129,28
40,94,car,0.1895751953125,113,624,49,35
40,117,car,0.6279296875,1792,651,101,33
41,2,car,0.88330078125,1822,745,194,125
41,3,car,0.900390625,1157,690,176,88
41,6,car,0.89306640625,1393,686,200,97
41,7,car,0.8896484375,932,688,162,81
41,8,truck,0.74609375,577,648,135,86
41,9,car,0.640625,648,636,52,40
41,16,car,0.56787109375,273,630,66,48
41,34,car,0.69921875,772,647,68,46
41,19,truck,0.83740234375,366,602,131,81
41,13,car,0.8388671875,848,662,114,76
41,18,car,0.265869140625,152,626,44,32
41,22,car,0.74609375,367,630,68,46
41,93,car,0.5234375,219,619,45,37
41,98,person,0.7265625,1014,1022,146,108
41,105,car,0.59619140625,1294,670,72,62
41,114,car,0.6669921875,1680,651,125,28
41,94,car,0.1519775390625,114,624,50,35
41,117,car,0.607421875,1772,651,99,34
41,119,car,0.4072265625,509,632,55,52
41,101,car,0.310791015625,1278,641,73,18
42,2,car,0.865234375,1835,744,168,118
42,3,car,0.89501953125,1168,691,178,88
42,6,car,0.908203125,1408,686,203,98
42,7,car,0.87158203125,941,689,164,82
42,8,truck,0.78125,582,648,137,87
42,9,car,0.474609375,657,638,44,37
42,16,car,0.57763671875,275,630,69,47
42,34,car,0.79833984375,777,647,69,45
42,19,truck,0.841796875,369,601,131,80
42,13,car,0.845703125,855,662,118,75
42,22,car,0.75634765625,370,630,69,47
42,93,car,0.4091796875,221,619,44,37
42,98,person,0.78515625,1010,1020,151,114
42,105,car,0.73095703125,1308,672,76,61
42,114,car,0.67919921875,1659,651,124,28
42,117,car,0.67578125,1750,651,98,34
42,119,car,0.2213134765625,513,632,54,52
42,101,car,0.2147216796875,1260,641,76,17
43,2,car,0.85888671875,1849,744,141,115
43,3,car,0.8818359375,1180,692,180,88
43,6,car,0.8818359375,1423,688,207,98
43,7,car,0.87841796875,950,690,165,82
43,8,truck,0.6259765625,590,648,136,88
43,9,car,0.5078125,662,640,41,35
43,16,car,0.55810546875,277,631,69,47
43,34,car,0.79443359375,782,648,69,46
43,19,truck,0.83544921875,370,601,130,80
43,13,car,0.84912109375,862,662,120,76
43,22,car,0.77978515625,372,630,68,46
43,93,car,0.4765625,222,620,45,37
43,98,person,0.830078125,1006,1017,155,119
43,105,car,0.7548828125,1321,672,82,61
43,114,car,0.45703125,1636,650,137,28
43,117,car,0.708984375,1728,650,98,33
43,119,car,0.43408203125,518,632,56,52
43,18,car,0.2783203125,155,626,44,31
44,2,car,0.84375,1863,747,112,113
44,3,car,0.892578125,1192,692,182,89
44,6,car,0.87744140625,1439,689,210,99
44,7,car,0.88330078125,959,691,167,82
44,8,truck,0.70263671875,596,649,136,88
44,9,car,0.509765625,669,639,37,35
44,16,car,0.63330078125,280,631,69,47
44,34,car,0.8017578125,788,648,70,46
44,19,truck,0.82080078125,371,600,128,79
44,13,car,0.84716796875,869,662,120,78
44,22,car,0.71240234375,376,631,69,46
44,93,car,0.45703125,224,622,45,35
44,98,person,0.8115234375,1001,1015,160,122
44,105,car,0.74609375,1334,673,82,61
44,114,car,0.75634765625,1618,649,132,28
44,117,car,0.73583984375,1709,648,96,31
44,119,car,0.445556640625,521,632,54,53
44,18,car,0.265869140625,156,625,47,30
45,2,car,0.84814453125,1878,751,83,110
45,3,car,0.8916015625,1204,694,184,90
45,6,car,0.8916015625,1455,690,214,99
45,7,car,0.87060546875,969,692,170,83
45,8,truck,0.525390625,606,651,131,86
45,9,car,0.546875,672,639,38,35
45,16,car,0.609375,283,632,68,48
45,34,car,0.767578125,795,648,70,45
45,19,truck,0.85400390625,372,600,125,79
45,13,car,0.8623046875,876,663,121,78
45,22,car,0.67578125,379,631,69,46
45,93,car,0.392333984375,227,623,47,34
45,98,person,0.83203125,997,1015,160,124
45,105,car,0.80419921875,1347,674,86,62
45,114,car,0.66015625,1600,649,121,27
45,117,car,0.767578125,1689,648,95,32
45,119,car,0.25244140625,525,632,51,52
45,18,car,0.26904296875,157,625,47,29
45,12,car,0.474609375,609,652,126,84
46,2,car,0.5908203125,1893,757,50,101
46,3,car,0.888671875,1216,694,187,90
46,6,car,0.87890625,1471,691,218,101
46,7,car,0.873046875,979,692,171,85
46,8,truck,0.57177734375,615,652,130,86
46,9,car,0.329345703125,677,640,39,35
46,16,car,0.66357421875,286,632,68,48
46,34,car,0.75048828125,802,648,74,46
46,19,truck,0.83544921875,374,600,125,79
46,13,car,0.84716796875,884,663,122,78
46,22,car,0.732421875,382,632,69,46
46,93,car,0.405517578125,228,623,45,35
46,98,person,0.82666015625,992,1015,162,124
46,105,car,0.76220703125,1360,675,89,63
46,114,car,0.673828125,1585,648,114,27
46,117,car,0.74755859375,1669,648,95,32
46,119,car,0.20556640625,531,633,57,53
46,18,car,0.33447265625,158,624,46,28
46,129,car,0.4091796875,734,621,57,20
46,12,car,0.42431640625,613,653,127,85
46,94,car,0.267333984375,120,625,49,34
47,2,car,0.5947265625,1909,757,18,80
47,3,car,0.896484375,1227,695,189,91
47,6,car,0.87255859375,1488,693,221,99
47,7,car,0.87890625,988,693,175,85
47,8,truck,0.5927734375,621,652,132,87
47,9,car,0.2337646484375,682,640,35,35
47,16,car,0.6689453125,287,632,70,49
47,34,car,0.767578125,808,649,75,46
47,19,truck,0.8408203125,377,600,128,79
47,13,car,0.85009765625,892,664,125,80
47,22,car,0.80322265625,385,632,70,47
47,93,car,0.381103515625,230,622,43,34
47,98,person,0.810546875,988,1016,160,123
47,105,car,0.810546875,1372,676,89,63
47,114,car,0.609375,1571,648,98,28
47,117,car,0.75927734375,1651,648,91,32
47,129,car,0.265869140625,733,621,65,22
47,12,car,0.422607421875,618,653,131,87
47,94,car,0.273681640625,121,625,47,33
47,75,truck,0.556640625,564,618,112,83
48,3,car,0.90283203125,1240,696,191,94
48,6,car,0.8759765625,1505,695,224,99
48,7,car,0.892578125,998,694,177,85
48,8,truck,0.75927734375,625,653,137,87
48,16,car,0.609375,289,632,72,49
48,34,car,0.767578125,814,650,75,46
48,19,truck,0.85498046875,377,600,124,78
48,13,car,0.85595703125,898,664,124,82
48,22,car,0.81640625,388,632,71,46
48,93,car,0.3720703125,231,623,44,34
48,98,person,0.81396484375,984,1016,160,121
48,105,car,0.7646484375,1385,677,90,63
48,114,car,0.39794921875,1558,649,90,30
48,117,car,0.69921875,1634,647,94,31
48,129,car,0.19677734375,728,622,65,23
48,94,car,0.226806640625,122,625,48,33
48,75,truck,0.449462890625,566,619,115,84
48,119,truck,0.445556640625,548,621,73,78
49,3,car,0.89501953125,1253,697,194,93
49,6,car,0.88720703125,1522,697,227,98
49,7,car,0.88232421875,1008,695,177,85
49,8,truck,0.822265625,630,652,144,90
49,16,car,0.689453125,291,632,73,49
49,34,car,0.7431640625,821,650,76,47
49,19,truck,0.85107421875,382,600,131,79
49,13,car,0.8447265625,907,665,125,81
49,22,car,0.82080078125,392,632,72,47
49,93,car,0.32421875,233,623,41,34
49,98,person,0.8056640625,980,1017,158,120
49,105,car,0.82763671875,1399,676,91,64
49,114,car,0.482421875,1524,651,127,34
49,117,car,0.662109375,1616,647,95,29
49,129,car,0.1710205078125,719,621,52,23
49,75,truck,0.642578125,568,619,113,85
49,119,truck,0.1365966796875,554,619,78,83
50,3,car,0.8916015625,1266,698,196,93
50,6,car,0.9052734375,1540,698,232,100
50,7,car,0.8896484375,1019,696,178,86
50,8,truck,0.78515625,637,652,146,92
50,16,car,0.71533203125,294,632,71,49
50,34,car,0.81884765625,828,650,77,47
50,19,truck,0.841796875,384,600,132,80
50,13,car,0.85693359375,915,665,128,83
50,22,car,0.83740234375,394,632,72,47
50,93,car,0.350341796875,235,624,44,34
50,98,person,0.7958984375,977,1017,155,118
50,105,car,0.80078125,1414,677,95,63
50,114,car,0.19677734375,1510,650,120,33
50,117,car,0.67724609375,1599,647,93,31
50,129,car,0.1883544921875,711,627,46,34
50,75,truck,0.6298828125,571,619,115,86
50,94,car,0.43017578125,140,625,78,32
51,3,car,0.9033203125,1279,700,200,94
51,6,car,0.90283203125,1558,699,237,103
51,7,car,0.88818359375,1028,697,182,87
51,8,truck,0.796875,644,653,147,91
51,16,car,0.68408203125,297,632,70,50
51,34,car,0.82080078125,834,649,78,49
51,19,truck,0.83203125,385,600,132,80
51,13,car,0.84814453125,922,665,127,84
51,22,car,0.81982421875,397,632,72,48
51,93,car,0.2861328125,238,624,46,34
51,98,person,0.78125,972,1019,152,115
51,105,car,0.80908203125,1427,678,96,63
51,114,car,0.107421875,1492,650,94,34
51,117,car,0.403564453125,1584,648,86,34
51,129,car,0.12249755859375,709,626,50,32
51,75,truck,0.611328125,576,619,117,85
51,94,car,0.451416015625,144,624,85,32
51,119,truck,0.329345703125,562,618,82,84
52,3,car,0.8984375,1293,700,201,95
52,6,car,0.8857421875,1577,701,242,102
52,7,car,0.875,1039,698,185,88
52,8,truck,0.8056640625,651,653,148,93
52,16,car,0.7216796875,299,632,72,49
52,34,car,0.82421875,841,650,79,49
52,19,truck,0.82421875,386,599,130,79
52,13,car,0.85400390625,931,666,129,83
52,22,car,0.80810546875,401,632,73,48
52,93,car,0.392333984375,240,624,46,33
52,98,person,0.7578125,969,1019,149,114
52,105,car,0.546875,1442,679,98,64
52,114,car,0.204345703125,1477,646,88,26
52,117,car,0.1883544921875,1570,645,92,27
52,129,car,0.1175537109375,706,628,46,36
52,75,truck,0.67236328125,567,620,108,86
52,94,car,0.517578125,147,624,88,32
53,3,car,0.90576171875,1306,701,205,96
53,6,car,0.88818359375,1596,702,246,103
53,7,car,0.88720703125,1049,699,188,89
53,8,truck,0.8232421875,657,655,150,92
53,16,car,0.70068359375,301,632,71,50
53,34,car,0.740234375,847,650,80,51
53,19,truck,0.83203125,389,601,132,81
53,13,car,0.85009765625,940,667,132,83
53,22,car,0.77734375,404,632,73,48
53,93,car,0.458984375,242,624,47,33
53,98,person,0.77587890625,967,1019,147,114
53,105,car,0.7294921875,1456,680,99,63
53,114,car,0.4111328125,1462,644,86,23
53,117,car,0.10089111328125,1555,646,107,27
53,94,car,0.216064453125,150,624,90,32
53,119,truck,0.439697265625,573,630,77,61
54,3,car,0.908203125,1320,702,208,97
54,6,car,0.8857421875,1617,702,250,106
54,7,car,0.88330078125,1059,700,189,90
54,8,truck,0.83544921875,665,656,151,91
54,16,car,0.7578125,303,633,74,50
54,34,car,0.71240234375,857,650,89,51
54,19,truck,0.82666015625,393,601,132,82
54,13,car,0.85009765625,947,668,131,83
54,22,car,0.7734375,408,632,74,49
54,93,car,0.494140625,244,624,47,33
54,98,person,0.81298828125,964,1020,148,114
54,105,car,0.76904296875,1470,681,101,65
54,114,car,0.57958984375,1441,643,94,22
54,117,car,0.403564453125,1532,648,89,35
54,94,car,0.48828125,152,625,90,32
54,119,car,0.34326171875,581,633,71,55
55,3,car,0.89697265625,1334,704,212,97
55,6,car,0.87841796875,1637,702,254,108
55,7,car,0.89404296875,1070,701,193,90
55,8,truck,0.7607421875,672,656,153,91
55,16,car,0.708984375,305,633,74,51
55,34,car,0.796875,862,650,87,51
55,19,truck,0.87060546875,395,601,133,81
55,13,car,0.845703125,956,668,132,83
55,22,car,0.7607421875,410,633,75,49
55,93,car,0.498046875,246,624,47,32
55,98,person,0.81298828125,959,1020,145,114
55,105,car,0.806640625,1485,681,102,66
55,114,car,0.273681640625,1426,642,95,21
55,117,car,0.443603515625,1514,645,85,31
55,94,car,0.27978515625,153,625,91,33
55,119,car,0.3486328125,588,634,71,54
55,18,car,0.325927734375,174,626,48,31
56,3,car,0.89990234375,1349,704,214,98
56,6,car,0.8662109375,1657,704,260,107
56,7,car,0.89501953125,1079,702,195,91
56,8,truck,0.81396484375,679,657,156,92
56,16,car,0.70263671875,307,633,76,52
56,34,car,0.830078125,868,651,84,53
56,19,truck,0.865234375,398,601,135,81
56,13,car,0.8623046875,965,669,135,86
56,22,car,0.73095703125,413,633,76,49
56,93,car,0.515625,248,625,50,32
56,98,person,0.8017578125,957,1019,143,116
56,105,car,0.80908203125,1503,682,110,67
56,114,car,0.36474609375,1413,642,97,23
56,117,car,0.5849609375,1499,644,83,28
56,94,car,0.498046875,154,626,90,33
56,119,car,0.57373046875,594,635,73,56
56,136,truck,0.37744140625,550,601,104,46
57,3,car,0.89990234375,1363,706,218,100
57,6,car,0.8671875,1677,708,263,106
57,7,car,0.90576171875,1091,702,197,92
57,8,truck,0.810546875,685,657,160,93
57,16,car,0.70263671875,311,633,75,52
57,34,car,0.79443359375,875,651,84,52
57,19,truck,0.85498046875,400,600,135,80
57,13,car,0.85791015625,974,669,137,85
57,22,car,0.68408203125,416,633,78,50
57,93,car,0.513671875,249,625,48,33
57,98,person,0.82666015625,954,1018,143,118
57,105,car,0.8232421875,1519,683,113,68
57,114,car,0.640625,1399,642,96,24
57,117,car,0.7265625,1485,643,83,27
57,94,car,0.43212890625,156,626,89,35
57,119,car,0.537109375,597,636,76,57
57,136,truck,0.319091796875,547,602,107,47
57,138,car,0.486328125,1059,642,67,31
57,140,car,0.443603515625,1631,660,145,35
58,3,car,0.892578125,1379,707,221,100
58,6,car,0.875,1698,709,269,107
58,7,car,0.90283203125,1102,703,199,93
58,8,truck,0.8427734375,693,658,161,93
58,16,car,0.73388671875,313,634,76,52
58,34,car,0.8173828125,882,651,85,52
58,19,truck,0.85498046875,401,601,136,81
58,13,car,0.85498046875,983,669,138,85
58,22,car,0.689453125,419,633,79,51
58,93,car,0.5234375,251,625,49,34
58,98,person,0.8173828125,951,1016,141,123
58,105,car,0.8173828125,1535,685,116,70
58,114,car,0.63330078125,1384,643,98,25
58,117,car,0.69921875,1470,643,85,29
58,94,car,0.43408203125,157,627,89,35
58,119,car,0.5947265625,602,636,80,57
58,136,truck,0.352294921875,542,604,109,52
58,138,car,0.1365966796875,1055,641,59,29
58,140,car,0.33642578125,1650,660,153,35
59,3,car,0.90185546875,1394,708,225,102
59,6,car,0.87744140625,1722,710,273,109
59,7,car,0.90380859375,1113,704,202,93
59,8,truck,0.80322265625,701,659,161,93
59,16,car,0.73583984375,316,633,76,51
59,34,car,0.8154296875,889,652,86,54
59,19,truck,0.85400390625,403,601,137,81
59,13,car,0.85791015625,992,670,140,87
59,22,car,0.66015625,423,633,80,51
59,93,car,0.56591796875,253,625,49,35
59,98,person,0.83203125,948,1014,146,127
59,105,car,0.83544921875,1553,685,119,71
59,114,car,0.61865234375,1370,643,97,24
59,117,car,0.7744140625,1456,643,86,28
59,94,car,0.26904296875,160,627,89,36
59,119,car,0.638671875,608,636,85,56
59,136,truck,0.31396484375,537,603,112,50
59,140,car,0.34521484375,1669,661,158,38
59,142,car,0.32421875,224,616,44,33
59,18,car,0.34521484375,181,627,52,34
60,3,car,0.90869140625,1410,708,228,104
60,6,car,0.8818359375,1745,711,278,109
60,7,car,0.90966796875,1125,705,204,94
60,8,truck,0.7548828125,709,660,163,95
60,16,car,0.763671875,318,633,77,51
60,34,car,0.80810546875,896,652,87,55
60,19,truck,0.830078125,404,601,137,82
60,13,car,0.8623046875,1001,671,141,88
60,22,car,0.6875,427,633,79,51
60,93,car,0.56982421875,255,624,47,34
60,98,person,0.8408203125,944,1012,146,130
60,105,car,0.841796875,1570,686,124,73
60,114,car,0.70263671875,1355,643,98,24
60,117,car,0.70556640625,1442,642,86,28
60,94,car,0.26904296875,161,627,89,36
60,119,car,0.63330078125,613,636,88,56
60,136,truck,0.281494140625,533,603,109,48
60,140,car,0.3486328125,1691,663,166,39
60,142,car,0.361083984375,224,615,41,33
61,3,car,0.9013671875,1426,710,230,104
61,6,car,0.8857421875,1767,713,282,110
61,7,car,0.908203125,1136,706,206,95
61,8,truck,0.8427734375,716,660,165,96
61,16,car,0.76611328125,321,634,75,51
61,34,car,0.8232421875,903,654,87,51
61,19,truck,0.79296875,406,601,135,81
61,13,car,0.85302734375,1010,672,143,88
61,22,car,0.55078125,430,633,82,51
61,93,car,0.375732421875,257,625,44,34
61,98,person,0.8310546875,942,1011,145,134
61,105,car,0.81982421875,1588,687,128,74
61,114,car,0.56005859375,1345,642,90,23
61,117,car,0.80322265625,1428,643,84,29
61,94,car,0.455078125,152,627,67,35
61,119,car,0.462890625,618,636,89,57
61,136,truck,0.1302490234375,531,605,105,52
61,140,car,0.45703125,1712,664,165,40
61,142,car,0.31396484375,226,617,42,34
62,3,car,0.90576171875,1442,711,233,105
62,6,car,0.9033203125,1782,715,274,113
62,7,car,0.9091796875,1147,707,209,96
62,8,truck,0.79296875,725,660,165,96
62,16,car,0.7734375,324,634,75,52
62,34,car,0.82421875,910,655,89,50
62,19,truck,0.83984375,408,601,134,81
62,13,car,0.8623046875,1020,672,147,90
62,22,car,0.70068359375,433,633,83,52
62,93,car,0.43408203125,260,626,47,34
62,98,person,0.740234375,938,1010,146,135
62,105,car,0.7841796875,1607,688,133,74
62,114,car,0.689453125,1330,641,91,22
62,117,car,0.7705078125,1414,642,83,29
62,94,car,0.338134765625,161,626,82,35
62,119,car,0.53515625,625,636,94,57
62,140,car,0.341552734375,1730,666,164,41
62,142,car,0.307373046875,228,617,43,35
63,3,car,0.908203125,1459,712,238,106
63,6,car,0.89697265625,1793,715,253,114
63,7,car,0.9111328125,1159,708,210,98
63,8,truck,0.6875,731,661,168,97
63,16,car,0.75634765625,327,634,75,52
63,34,car,0.8310546875,918,655,91,50
63,19,truck,0.84912109375,410,601,134,82
63,13,car,0.84912109375,1029,673,149,91
63,22,car,0.63525390625,438,633,82,53
63,93,car,0.498046875,262,626,49,34
63,98,person,0.8447265625,936,1009,146,135
63,105,car,0.79833984375,1624,689,133,75
63,114,car,0.7041015625,1316,641,90,23
63,117,car,0.76220703125,1400,642,83,28
63,94,car,0.18359375,157,626,70,35
63,119,car,0.56005859375,630,637,94,59
63,140,car,0.2069091796875,1752,669,169,46
63,142,car,0.2861328125,229,617,41,34
64,3,car,0.90380859375,1477,713,242,107
64,6,car,0.9150390625,1804,717,230,114
64,7,car,0.9130859375,1171,709,213,98
64,8,truck,0.85400390625,739,662,171,99
64,16,car,0.79296875,330,635,77,52
64,34,car,0.845703125,926,656,92,51
64,19,truck,0.85693359375,412,601,135,82
64,13,car,0.85595703125,1040,673,152,90
64,22,car,0.57568359375,442,633,81,54
64,93,car,0.490234375,265,625,48,35
64,98,person,0.82568359375,932,1009,145,135
64,105,car,0.8310546875,1642,690,137,76
64,114,car,0.740234375,1302,640,91,23
64,117,car,0.7646484375,1386,642,85,28
64,94,car,0.2239990234375,160,626,76,39
64,119,car,0.57373046875,636,637,97,59
64,140,car,0.1800537109375,1773,673,169,52
64,142,car,0.2861328125,231,616,42,35
65,3,car,0.89990234375,1494,714,245,108
65,6,car,0.91162109375,1816,718,206,116
65,7,car,0.9130859375,1183,710,216,99
65,8,truck,0.85791015625,747,662,173,100
65,16,car,0.78125,333,635,78,53
65,34,car,0.8291015625,934,656,93,51
65,19,truck,0.8447265625,415,601,136,81
65,13,car,0.85791015625,1049,674,153,91
65,22,car,0.546875,445,633,82,55
65,93,car,0.513671875,267,626,49,35
65,98,person,0.7705078125,928,1009,142,135
65,105,car,0.84716796875,1662,692,138,77
65,114,car,0.70263671875,1289,640,93,23
65,117,car,0.77880859375,1374,641,84,28
65,94,car,0.420654296875,153,626,62,38
65,119,car,0.72021484375,641,637,97,60
65,140,car,0.55810546875,1793,685,173,74
65,142,car,0.32763671875,231,617,41,38
65,18,car,0.3701171875,190,634,52,44
66,3,car,0.896484375,1511,715,248,110
66,6,car,0.89697265625,1827,721,184,114
66,7,car,0.91162109375,1195,711,219,101
66,8,truck,0.8056640625,756,663,174,100
66,16,car,0.76904296875,335,635,78,53
66,34,car,0.845703125,942,656,95,54
66,19,truck,0.74169921875,417,601,137,82
66,13,car,0.8642578125,1060,675,155,92
66,22,car,0.350341796875,448,634,84,54
66,93,car,0.53125,269,626,48,35
66,98,person,0.78515625,924,1009,142,135
66,105,car,0.84912109375,1682,693,145,78
66,114,car,0.6669921875,1278,640,89,23
66,117,car,0.7705078125,1361,640,84,28
66,94,car,0.392333984375,152,627,56,36
66,119,car,0.74609375,647,637,100,60
66,140,car,0.60400390625,1813,688,174,79
66,142,car,0.264404296875,233,617,40,34
66,18,car,0.368408203125,194,636,46,45
67,3,car,0.90478515625,1529,717,253,113
67,6,car,0.896484375,1839,721,161,110
67,7,car,0.91064453125,1207,713,223,101
67,8,truck,0.81982421875,764,663,176,101
67,16,car,0.8056640625,338,635,78,53
67,34,car,0.85693359375,950,655,96,56
67,19,truck,0.642578125,420,606,141,93
67,13,car,0.880859375,1071,675,158,93
67,22,car,0.1451416015625,451,633,85,56
67,93,car,0.381103515625,272,626,48,35
67,98,person,0.81396484375,920,1010,141,133
67,105,car,0.810546875,1701,694,149,79
67,114,car,0.69287109375,1266,640,85,22
67,117,car,0.79443359375,1347,640,84,27
67,94,car,0.35400390625,152,627,56,37
67,119,car,0.78662109375,653,637,102,59
67,140,car,0.3056640625,1833,691,169,83
67,142,car,0.2069091796875,235,620,39,34
67,18,car,0.282958984375,195,634,48,42
68,3,car,0.91796875,1548,719,257,114
68,6,car,0.87255859375,1850,722,138,108
68,7,car,0.9111328125,1219,713,226,102
68,8,truck,0.873046875,773,664,176,102
68,16,car,0.8017578125,341,636,79,54
68,34,car,0.830078125,958,656,96,55
68,19,truck,0.638671875,422,603,140,86
68,13,car,0.85986328125,1081,676,161,94
68,22,car,0.435791015625,455,634,85,55
68,93,car,0.3720703125,275,626,48,35
68,98,person,0.81640625,915,1011,138,131
68,105,car,0.81396484375,1721,695,152,80
68,114,car,0.59619140625,1254,640,82,22
68,117,car,0.77978515625,1335,639,86,27
68,94,car,0.4111328125,154,626,54,35
68,119,car,0.74609375,659,638,103,60
68,140,car,0.4921875,1845,693,148,82
68,142,car,0.175537109375,237,619,38,31
68,18,car,0.388671875,195,634,52,42
69,3,car,0.9189453125,1568,720,262,115
69,6,car,0.85107421875,1862,723,114,105
69,7,car,0.90185546875,1232,714,228,103
69,8,truck,0.810546875,781,664,178,103
69,16,car,0.77880859375,343,636,80,54
69,34,car,0.83984375,966,657,98,53
69,19,truck,0.5927734375,427,608,144,96
69,13,car,0.87255859375,1090,677,163,95
69,22,car,0.2081298828125,458,634,86,55
69,93,car,0.451416015625,278,626,46,35
69,98,person,0.83984375,910,1011,140,130
69,105,car,0.84375,1743,696,157,81
69,114,car,0.494140625,1243,640,78,22
69,117,car,0.76611328125,1322,639,84,26
69,94,car,0.453369140625,155,626,55,35
69,119,car,0.75341796875,664,638,102,61
69,140,car,0.638671875,1857,694,125,83
69,142,car,0.26123046875,239,621,39,29
69,18,car,0.375732421875,198,632,49,37
69,160,car,0.441650390625,1853,647,121,29
70,3,car,0.90576171875,1588,721,266,115
70,6,car,0.79931640625,1875,723,89,105
70,7,car,0.9013671875,1243,715,234,104
70,8,truck,0.841796875,790,665,180,104
70,16,car,0.76904296875,347,636,78,54
70,34,car,0.84912109375,975,658,100,54
70,19,truck,0.81884765625,430,610,148,102
70,13,car,0.82568359375,1101,678,166,96
70,22,car,0.1422119140625,462,634,89,57
70,93,car,0.43408203125,279,626,47,36
70,98,person,0.83642578125,905,1013,139,129
70,105,car,0.8232421875,1763,697,159,83
70,114,car,0.2705078125,1228,641,84,24
70,117,car,0.76611328125,1310,638,83,26
70,94,car,0.437744140625,157,627,52,35
70,119,car,0.70751953125,670,639,104,62
70,140,car,0.65673828125,1868,696,103,86
70,142,car,0.25537109375,241,620,40,29
70,18,car,0.51171875,201,631,47,34
70,160,car,0.5,1835,648,120,34
71,3,car,0.90869140625,1607,722,272,116
71,6,car,0.75048828125,1887,728,64,101
71,7,car,0.89697265625,1258,716,235,105
71,8,truck,0.82763671875,798,665,183,105
71,16,car,0.767578125,349,636,78,54
71,34,car,0.83447265625,983,659,101,54
71,19,truck,0.77734375,430,605,143,93
71,13,car,0.87060546875,1112,678,170,97
71,22,car,0.505859375,467,634,89,58
71,93,car,0.451416015625,280,627,49,34
71,98,person,0.822265625,898,1013,142,127
71,105,car,0.85693359375,1783,699,162,84
71,114,car,0.509765625,1214,642,88,28
71,117,car,0.75341796875,1298,639,83,27
71,94,car,0.27978515625,160,627,54,36
71,119,car,0.74169921875,676,639,105,63
71,140,car,0.70751953125,1880,698,79,87
71,142,car,0.289306640625,243,619,43,31
71,18,car,0.312255859375,205,630,43,34
71,160,car,0.67236328125,1807,650,140,39
72,3,car,0.900390625,1628,724,277,118
72,6,car,0.5390625,1898,734,42,88
72,7,car,0.90576171875,1272,718,239,107
72,8,truck,0.84716796875,807,666,185,106
72,16,car,0.80322265625,353,636,79,55
72,34,car,0.85595703125,992,659,102,54
72,19,truck,0.8427734375,433,604,144,91
72,13,car,0.87744140625,1121,679,171,98
72,22,car,0.67919921875,471,634,88,58
72,93,car,0.494140625,283,626,49,36
72,98,person,0.85009765625,893,1013,143,127
72,105,car,0.8681640625,1806,700,167,86
72,114,car,0.546875,1209,642,78,29
72,117,car,0.72509765625,1286,638,82,28
72,94,car,0.36669921875,161,626,51,34
72,119,car,0.72021484375,682,639,105,63
72,140,car,0.50390625,1892,700,55,88
72,142,car,0.361083984375,244,618,40,31
72,18,car,0.484375,207,630,45,34
72,160,car,0.63525390625,1783,649,145,38
72,164,fire hydrant,0.462890625,261,655,23,45
73,3,car,0.9091796875,1649,726,281,119
73,7,car,0.91162109375,1284,719,242,109
73,8,truck,0.85595703125,816,667,188,106
73,16,car,0.80810546875,356,637,80,55
73,34,car,0.84814453125,1001,660,103,54
73,19,truck,0.796875,435,603,145,90
73,13,car,0.8740234375,1132,680,172,99
73,22,car,0.525390625,475,635,88,57
73,93,car,0.5078125,292,625,52,38
73,98,person,0.85205078125,887,1013,143,130
73,105,car,0.8740234375,1827,702,168,87
73,114,car,0.62451171875,1200,643,69,33
73,117,car,0.6806640625,1273,639,85,27
73,94,car,0.445556640625,161,626,50,35
73,119,car,0.5830078125,688,640,105,63
73,140,car,0.63720703125,1905,711,29,88
73,142,car,0.355712890625,249,617,47,33
73,18,car,0.453369140625,208,630,47,33
73,160,car,0.341552734375,1761,649,144,39
74,3,car,0.90478515625,1669,727,286,122
74,7,car,0.9150390625,1299,720,244,110
74,8,truck,0.8447265625,825,668,189,107
74,16,car,0.79052734375,359,636,80,55
74,34,car,0.85595703125,1010,661,104,55
74,19,truck,0.8310546875,437,602,145,89
74,13,car,0.8740234375,1143,680,174,100
74,22,car,0.6259765625,479,635,90,58
74,93,car,0.50390625,296,625,49,37
74,98,person,0.8427734375,881,1009,143,135
74,105,car,0.8916015625,1841,703,156,87
74,114,car,0.184814453125,1194,642,63,31
74,117,car,0.5869140625,1261,644,88,36
74,94,car,0.5,162,626,49,35
74,119,car,0.5546875,694,640,108,63
74,142,car,0.3701171875,250,616,45,33
74,18,car,0.33447265625,212,630,41,32
74,160,car,0.466796875,1740,660,143,61
75,3,car,0.89404296875,1692,728,292,122
75,7,car,0.91845703125,1313,722,250,111
75,8,truck,0.82421875,834,669,190,108
75,16,car,0.810546875,362,636,80,56
75,34,car,0.85693359375,1018,661,106,55
75,19,truck,0.8427734375,438,601,145,88
75,13,car,0.861328125,1155,680,178,102
75,22,car,0.662109375,484,635,89,57
75,93,car,0.482421875,297,626,46,36
75,98,person,0.85791015625,876,1007,148,139
75,105,car,0.8798828125,1852,704,135,87
75,117,car,0.67919921875,1249,645,87,40
75,94,car,0.5830078125,163,626,48,34
75,119,truck,0.51171875,699,640,106,63
75,142,car,0.39794921875,251,616,47,32
75,18,car,0.46875,215,631,40,32
75,160,car,0.5927734375,1721,653,141,50
75,169,car,0.350341796875,120,610,34,22
76,3,car,0.91064453125,1715,731,298,122
76,7,car,0.91650390625,1327,722,252,110
76,8,truck,0.85791015625,843,669,193,109
76,16,car,0.8115234375,365,636,80,56
76,34,car,0.85400390625,1027,662,107,54
76,19,truck,0.8115234375,441,601,147,88
76,13,car,0.861328125,1166,680,180,103
76,22,car,0.638671875,488,636,88,57
76,93,car,0.53515625,296,628,49,33
76,98,person,0.8291015625,872,1006,154,141
76,105,car,0.845703125,1863,703,112,83
76,117,car,0.62451171875,1244,645,75,40
76,94,car,0.63720703125,164,626,48,34
76,119,car,0.662109375,706,641,107,64
76,142,car,0.3310546875,252,616,47,32
76,18,car,0.5078125,218,632,39,30
76,160,car,0.7431640625,1701,649,140,43
76,169,car,0.394287109375,120,609,31,21
77,3,car,0.908203125,1739,733,305,124
77,7,car,0.91357421875,1341,723,255,112
77,8,truck,0.85302734375,853,670,195,110
77,16,car,0.80322265625,368,637,82,56
77,34,car,0.85888671875,1036,662,111,55
77,19,truck,0.83544921875,442,601,146,90
77,13,car,0.8857421875,1178,680,182,103
77,22,car,0.66015625,492,636,90,58
77,93,car,0.494140625,298,630,49,31
77,98,person,0.85107421875,868,1004,160,147
77,105,car,0.81640625,1875,701,88,76
77,117,car,0.45703125,1236,645,66,40
77,94,car,0.509765625,166,626,48,35
77,119,car,0.60009765625,712,641,109,64
77,142,car,0.34521484375,254,616,46,31
77,18,car,0.5849609375,219,632,38,31
77,160,car,0.75341796875,1684,648,135,39
77,169,car,0.449462890625,121,609,29,21
78,3,car,0.91259765625,1761,735,309,126
78,7,car,0.92578125,1356,724,259,112
78,8,truck,0.88232421875,861,671,198,111
78,16,car,0.7841796875,370,637,83,57
78,34,car,0.861328125,1046,663,113,55
78,19,truck,0.845703125,445,601,146,89
78,13,car,0.87841796875,1189,682,185,103
78,22,car,0.72021484375,498,636,88,58
78,93,car,0.5830078125,300,630,48,32
78,98,person,0.86083984375,864,1001,164,151
78,105,car,0.7216796875,1887,701,65,71
78,94,car,0.5830078125,168,626,48,35
78,119,car,0.57568359375,719,641,111,65
78,142,car,0.33642578125,256,616,45,32
78,18,car,0.63330078125,221,633,38,31
78,160,car,0.7548828125,1667,647,133,38
78,169,car,0.4765625,121,609,28,21
79,3,car,0.91357421875,1774,737,290,128
79,7,car,0.91943359375,1372,725,263,114
79,8,truck,0.85595703125,871,672,200,113
79,16,car,0.7890625,374,637,82,57
79,34,car,0.85205078125,1055,663,114,56
79,19,truck,0.83544921875,447,600,146,88
79,13,car,0.8310546875,1200,683,188,103
79,22,car,0.62451171875,500,636,95,58
79,93,car,0.60205078125,303,629,47,33
79,98,person,0.8798828125,860,999,163,156
79,105,car,0.5908203125,1898,696,42,62
79,94,car,0.385009765625,170,626,47,35
79,119,car,0.77978515625,726,642,112,65
79,142,car,0.299072265625,257,616,46,32
79,18,car,0.66015625,222,633,38,32
79,160,car,0.77197265625,1649,646,132,36
79,169,car,0.394287109375,122,609,29,20
79,114,car,0.56005859375,1125,642,69,33
80,3,car,0.9130859375,1785,738,269,129
80,7,car,0.91845703125,1387,727,266,115
80,8,truck,0.77197265625,882,672,201,114
80,16,car,0.79931640625,377,638,82,57
80,34,car,0.85205078125,1066,664,117,57
80,19,truck,0.81298828125,449,601,146,89
80,13,car,0.88330078125,1213,684,190,104
80,22,car,0.75341796875,505,637,94,59
80,93,car,0.58154296875,306,630,47,33
80,98,person,0.8623046875,857,997,163,159
80,94,car,0.54296875,174,626,50,35
80,119,car,0.58154296875,732,642,113,65
80,142,car,0.375732421875,261,617,49,33
80,18,car,0.64404296875,223,633,39,33
80,160,car,0.767578125,1631,645,132,36
80,169,car,0.414794921875,123,609,29,20
80,114,car,0.5927734375,1118,642,60,33
81,3,car,0.90869140625,1797,739,245,129
81,7,car,0.92578125,1403,728,270,115
81,8,truck,0.75927734375,891,673,202,116
81,16,car,0.7919921875,380,638,83,57
81,34,car,0.85693359375,1075,664,119,58
81,19,truck,0.822265625,453,601,147,89
81,13,car,0.88330078125,1224,685,193,105
81,22,car,0.7734375,511,638,88,58
81,93,car,0.59619140625,307,630,50,34
81,98,person,0.86328125,852,997,164,162
81,94,car,0.3720703125,176,626,49,36
81,119,car,0.72509765625,739,643,113,67
81,142,car,0.363037109375,260,616,45,34
81,18,car,0.6806640625,225,633,41,34
81,160,car,0.77587890625,1615,645,128,36
81,169,car,0.43212890625,123,609,29,21
81,114,car,0.5830078125,1111,643,62,33
82,3,car,0.9208984375,1808,742,222,131
82,7,car,0.92578125,1419,729,275,117
82,8,truck,0.87841796875,901,673,206,116
82,16,car,0.80419921875,383,638,84,57
82,34,car,0.85205078125,1085,665,120,59
82,19,truck,0.87744140625,455,601,147,90
82,13,car,0.892578125,1236,686,197,105
82,22,car,0.73583984375,513,638,90,58
82,93,car,0.5908203125,309,629,52,36
82,98,person,0.8671875,848,997,165,162
82,94,car,0.39599609375,179,626,51,36
82,119,truck,0.57958984375,746,643,114,68
82,142,car,0.30908203125,261,617,46,33
82,18,car,0.67578125,226,633,42,32
82,160,car,0.79833984375,1598,645,126,36
82,169,car,0.383056640625,124,609,29,22
82,114,car,0.303955078125,1107,643,66,32
82,180,car,0.556640625,1861,656,113,56
82,181,car,0.355712890625,184,618,61,46
82,182,car,0.403564453125,85,618,49,25
82,117,car,0.453369140625,1173,642,74,39
83,3,car,0.9111328125,1821,743,197,131
83,7,car,0.91259765625,1436,731,279,118
83,8,truck,0.87841796875,910,674,207,118
83,16,car,0.810546875,387,639,85,58
83,34,car,0.83642578125,1095,662,121,65
83,19,truck,0.87744140625,457,601,147,90
83,13,car,0.9072265625,1248,687,198,106
83,22,car,0.751953125,519,638,89,59
83,93,car,0.607421875,313,628,54,37
83,98,person,0.8662109375,844,997,167,163
83,94,car,0.289306640625,178,626,47,36
83,119,truck,0.59619140625,753,644,115,68
83,142,car,0.299072265625,264,620,49,39
83,18,car,0.59619140625,226,633,46,33
83,160,car,0.79052734375,1583,644,125,35
83,169,car,0.422607421875,124,609,27,21
83,180,car,0.67578125,1848,652,141,53
83,181,car,0.2393798828125,184,618,61,47
83,182,car,0.422607421875,86,618,50,26
83,117,car,0.69091796875,1164,643,74,39
84,3,car,0.90380859375,1833,742,172,126
84,7,car,0.90283203125,1452,733,283,119
84,8,truck,0.8740234375,921,675,207,119
84,16,car,0.830078125,391,639,86,59
84,34,car,0.85302734375,1105,665,123,60
84,19,truck,0.83544921875,459,602,147,90
84,13,car,0.900390625,1260,687,202,106
84,22,car,0.72509765625,525,638,91,59
84,93,car,0.69580078125,316,627,56,38
84,98,person,0.85693359375,844,997,164,162
84,94,car,0.22265625,183,621,59,45
84,119,car,0.69775390625,761,644,117,68
84,142,car,0.4072265625,267,621,51,41
84,18,car,0.529296875,229,633,46,34
84,160,car,0.7744140625,1566,643,123,35
84,169,car,0.482421875,125,609,29,21
84,180,car,0.51171875,1832,648,174,47
84,181,truck,0.259765625,185,618,64,48
84,182,car,0.381103515625,87,619,48,28
84,117,car,0.7373046875,1158,643,68,39
85,3,car,0.884765625,1846,741,147,124
85,7,car,0.90966796875,1469,734,287,121
85,8,truck,0.8427734375,931,676,210,121
85,16,car,0.82568359375,394,639,86,58
85,34,car,0.83642578125,1114,667,123,59
85,19,truck,0.83740234375,462,602,149,92
85,13,car,0.892578125,1273,688,206,107
85,22,car,0.7705078125,530,638,92,60
85,93,car,0.69287109375,317,627,57,39
85,98,person,0.82568359375,840,997,162,160
85,119,car,0.66357421875,769,644,120,69
85,142,car,0.505859375,267,619,51,39
85,18,car,0.505859375,231,633,45,34
85,160,car,0.76220703125,1551,643,121,35
85,169,car,0.53125,126,609,28,21
85,180,car,0.3173828125,1817,646,203,46
85,182,car,0.319091796875,88,618,47,29
85,117,car,0.71044921875,1151,644,71,39
85,164,fire hydrant,0.403564453125,259,656,26,46
86,3,car,0.88232421875,1859,743,121,122
86,7,car,0.92236328125,1486,736,293,122
86,8,truck,0.8759765625,940,677,213,122
86,16,car,0.79052734375,397,639,86,58
86,34,car,0.84814453125,1126,667,125,59
86,19,truck,0.8447265625,465,602,151,92
86,13,car,0.89404296875,1287,689,211,109
86,22,car,0.810546875,536,639,92,58
86,93,car,0.7138671875,319,627,57,40
86,98,person,0.81884765625,837,997,162,160
86,119,truck,0.63330078125,776,645,122,69
86,142,car,0.505859375,269,619,50,39
86,18,car,0.64794921875,233,632,43,33
86,160,car,0.751953125,1536,642,118,34
86,169,car,0.383056640625,126,609,27,20
86,180,truck,0.33984375,1792,646,214,43
86,182,car,0.388671875,88,620,49,26
86,164,fire hydrant,0.193115234375,259,657,24,45
86,114,car,0.71875,1057,650,74,50
86,94,car,0.282958984375,188,624,60,39
87,3,car,0.8623046875,1872,745,93,122
87,7,car,0.91650390625,1504,737,296,124
87,8,truck,0.888671875,950,678,215,123
87,16,car,0.8291015625,400,639,87,59
87,34,car,0.85302734375,1136,667,126,61
87,19,truck,0.830078125,468,602,151,92
87,13,car,0.90185546875,1299,690,215,110
87,22,car,0.71533203125,538,639,98,59
87,93,car,0.71875,320,627,58,41
87,98,person,0.7734375,832,998,166,159
87,119,car,0.70263671875,784,645,122,70
87,142,car,0.401611328125,270,618,48,37
87,18,car,0.62451171875,234,633,43,34
87,160,car,0.67578125,1521,642,118,34
87,169,car,0.416748046875,127,610,27,20
87,180,truck,0.80322265625,1763,645,214,43
87,182,car,0.25390625,89,620,50,28
87,193,car,0.53125,1137,632,62,19
87,114,car,0.1943359375,1052,650,68,51
87,94,truck,0.2958984375,191,619,59,45
88,3,car,0.85400390625,1886,750,66,117
88,7,car,0.9091796875,1522,738,301,126
88,8,truck,0.875,960,679,220,124
88,16,car,0.80078125,404,639,87,60
88,34,car,0.86962890625,1147,668,130,61
88,19,truck,0.83984375,470,602,152,92
88,13,car,0.89990234375,1313,691,218,110
88,22,car,0.79833984375,544,639,95,59
88,93,car,0.68603515625,322,628,59,43
88,98,person,0.7138671875,831,998,158,157
88,119,car,0.6259765625,791,645,124,71
88,142,car,0.4072265625,271,619,46,40
88,18,car,0.63525390625,238,633,48,34
88,160,car,0.64404296875,1504,641,116,35
88,169,car,0.47265625,128,610,29,20
88,180,truck,0.7841796875,1732,645,211,43
88,182,car,0.273681640625,91,619,47,32
88,193,car,0.42431640625,1129,631,58,18
88,114,car,0.1044921875,1052,651,75,55
88,94,car,0.363037109375,190,623,60,43
89,3,car,0.7744140625,1899,756,37,106
89,7,car,0.91162109375,1541,740,307,128
89,8,truck,0.880859375,971,680,222,124
89,16,car,0.7958984375,407,639,88,61
89,34,car,0.861328125,1157,668,132,62
89,19,truck,0.716796875,474,602,153,93
89,13,car,0.9033203125,1327,693,223,112
89,22,car,0.810546875,550,640,95,59
89,93,car,0.7138671875,323,628,60,42
89,98,person,0.78515625,832,998,149,156
89,119,car,0.6533203125,799,646,127,72
89,142,car,0.37744140625,273,619,44,37
89,18,car,0.42431640625,241,634,52,36
89,160,car,0.68603515625,1491,641,115,34
89,169,car,0.445556640625,129,610,30,20
89,180,truck,0.63330078125,1703,644,204,43
89,182,car,0.25830078125,92,619,47,33
89,193,car,0.184814453125,1113,633,69,21
89,94,car,0.416748046875,190,626,58,41
89,195,truck,0.474609375,798,646,127,71
89,117,car,0.3486328125,1109,650,77,56
90,7,car,0.923828125,1560,741,313,129
90,8,truck,0.873046875,981,681,224,125
90,16,car,0.78271484375,410,640,88,62
90,34,car,0.875,1169,669,132,63
90,19,truck,0.299072265625,478,603,152,95
90,13,car,0.8916015625,1341,693,225,114
90,22,car,0.66357421875,555,641,96,60
90,93,car,0.72314453125,326,628,59,43
90,98,person,0.75634765625,830,998,145,156
90,119,car,0.501953125,806,647,126,72
90,142,car,0.437744140625,274,617,44,37
90,18,car,0.541015625,242,634,52,37
90,160,car,0.70751953125,1477,640,114,34
90,169,car,0.4072265625,129,610,29,21
90,180,truck,0.7138671875,1673,643,198,42
90,182,car,0.3486328125,94,618,46,34
90,94,car,0.4765625,192,628,55,41
90,195,truck,0.498046875,804,646,126,71
90,117,car,0.458984375,1100,648,73,51
91,7,car,0.9150390625,1579,743,317,129
91,8,truck,0.8310546875,992,682,227,128
91,16,car,0.79931640625,414,640,89,62
91,34,car,0.86328125,1180,670,136,63
91,19,truck,0.7431640625,479,604,154,97
91,13,car,0.892578125,1355,694,228,115
91,22,car,0.80810546875,561,641,95,61
91,93,car,0.763671875,328,629,60,43
91,98,person,0.751953125,827,998,144,157
91,119,car,0.66552734375,814,647,126,72
91,142,car,0.455078125,275,618,45,37
91,18,car,0.355712890625,244,635,53,39
91,160,car,0.74755859375,1464,640,111,34
91,169,car,0.470703125,130,610,29,21
91,180,truck,0.7431640625,1644,642,191,41
91,182,car,0.37744140625,95,619,44,35
91,94,car,0.47265625,196,629,58,41
91,195,truck,0.437744140625,813,647,125,71
91,117,car,0.56005859375,1095,649,67,54
92,7,car,0.923828125,1599,744,323,131
92,8,truck,0.88720703125,1004,683,228,130
92,16,car,0.8427734375,417,640,91,62
92,34,car,0.8662109375,1191,670,138,64
92,19,truck,0.8671875,480,606,158,101
92,13,car,0.9052734375,1368,695,233,116
92,22,car,0.8291015625,566,641,95,61
92,93,car,0.7607421875,331,628,59,43
92,98,person,0.8173828125,815,997,159,160
92,119,truck,0.513671875,822,647,129,73
92,142,car,0.291015625,278,619,45,37
92,18,car,0.541015625,247,635,51,36
92,160,car,0.66015625,1454,640,101,34
92,169,car,0.38671875,131,611,29,21
92,180,truck,0.689453125,1617,642,186,40
92,182,car,0.3486328125,97,618,42,36
92,94,car,0.498046875,197,631,54,42
92,195,car,0.46875,821,648,129,73
93,7,car,0.92724609375,1619,745,329,132
93,8,truck,0.8798828125,1015,684,232,132
93,16,car,0.8623046875,420,641,91,61
93,34,car,0.85791015625,1202,671,138,65
93,19,truck,0.85888671875,480,607,164,102
93,13,car,0.8798828125,1382,695,236,116
93,22,car,0.845703125,572,641,96,61
93,93,car,0.78515625,334,628,59,44
93,98,person,0.80908203125,809,995,166,163
93,119,truck,0.505859375,830,648,129,73
93,142,car,0.36474609375,280,620,43,35
93,18,car,0.322509765625,247,635,50,37
93,160,car,0.64404296875,1445,640,90,36
93,169,car,0.2509765625,131,611,29,22
93,180,truck,0.56396484375,1593,641,184,40
93,182,car,0.416748046875,97,619,42,35
93,94,car,0.556640625,198,631,58,42
93,195,car,0.42431640625,829,648,129,73
94,7,car,0.93115234375,1640,748,335,134
94,8,truck,0.89404296875,1026,685,236,134
94,16,car,0.86328125,424,641,92,61
94,34,car,0.85693359375,1214,671,141,65
94,19,truck,0.822265625,483,607,165,103
94,13,car,0.8955078125,1395,696,239,117
94,22,car,0.85107421875,577,641,96,62
94,93,car,0.77587890625,337,628,60,44
94,98,person,0.81396484375,806,994,165,166
94,119,car,0.673828125,838,648,131,73
94,142,car,0.36474609375,282,619,44,36
94,18,car,0.52734375,248,643,52,52
94,160,car,0.552734375,1433,641,89,38
94,169,car,0.2213134765625,132,610,27,22
94,180,car,0.36474609375,1565,640,183,40
94,182,car,0.388671875,98,619,42,35
94,94,car,0.405517578125,201,633,56,44
94,195,truck,0.357666015625,837,648,132,73
94,204,car,0.368408203125,169,612,25,23
95,7,car,0.9287109375,1661,749,343,135
95,8,truck,0.86865234375,1038,685,239,136
95,16,car,0.84716796875,427,641,95,61
95,34,car,0.85986328125,1225,672,142,66
95,19,truck,0.73876953125,489,606,163,102
95,13,car,0.8984375,1410,697,244,119
95,22,car,0.830078125,583,642,97,63
95,93,car,0.7880859375,339,628,61,44
95,98,person,0.80810546875,802,993,166,169
95,119,truck,0.62060546875,846,649,132,74
95,142,car,0.43212890625,284,619,44,37
95,18,car,0.4111328125,251,646,51,57
95,160,car,0.132080078125,1419,637,84,29
95,169,car,0.19677734375,133,610,27,22
95,180,truck,0.61669921875,1540,640,172,41
95,182,car,0.4609375,100,619,41,34
95,94,car,0.5234375,202,631,57,42
95,195,car,0.57763671875,846,649,132,73
95,204,car,0.420654296875,169,613,26,24
96,7,car,0.92431640625,1682,752,349,137
96,8,truck,0.896484375,1050,687,242,137
96,16,car,0.85205078125,431,642,95,61
96,34,car,0.8662109375,1238,673,145,67
96,19,truck,0.71044921875,493,605,162,100
96,13,car,0.88623046875,1424,698,245,119
96,22,car,0.78125,590,642,93,63
96,93,car,0.75634765625,342,629,62,45
96,98,person,0.85888671875,800,990,170,173
96,119,car,0.505859375,854,649,133,74
96,142,car,0.4111328125,285,619,43,38
96,18,car,0.2861328125,253,647,49,60
96,160,car,0.22265625,1405,633,81,22
96,169,car,0.12939453125,134,610,27,22
96,180,truck,0.537109375,1524,639,156,40
96,182,car,0.42431640625,101,620,41,32
96,94,car,0.416748046875,204,631,58,42
96,195,truck,0.6533203125,854,649,133,73
96,204,car,0.36474609375,170,612,25,23
97,7,car,0.921875,1704,754,354,139
97,8,truck,0.88330078125,1062,688,245,139
97,16,car,0.84814453125,434,642,97,61
97,34,car,0.861328125,1250,674,145,67
97,19,truck,0.609375,493,603,168,97
97,13,car,0.89892578125,1439,699,250,121
97,22,car,0.7548828125,595,642,95,63
97,93,car,0.78662109375,344,629,62,46
97,98,person,0.8681640625,796,990,173,174
97,119,car,0.6298828125,862,650,134,74
97,142,car,0.4921875,288,619,46,37
97,18,car,0.484375,255,640,49,47
97,160,car,0.235107421875,1392,632,76,20
97,169,car,0.178955078125,135,610,28,22
97,180,truck,0.458984375,1505,641,142,44
97,182,car,0.462890625,103,620,40,32
97,94,car,0.36474609375,207,624,59,50
97,195,truck,0.390380859375,863,650,134,74
97,204,car,0.4111328125,171,613,24,23
98,7,car,0.9228515625,1727,757,361,140
98,8,truck,0.896484375,1075,690,247,140
98,16,car,0.83203125,439,642,97,62
98,34,car,0.85888671875,1263,674,145,68
98,19,truck,0.60205078125,495,604,167,99
98,13,car,0.91845703125,1454,701,255,122
98,22,car,0.84375,600,642,97,64
98,93,car,0.7431640625,348,629,62,46
98,98,person,0.87158203125,792,989,178,176
98,119,car,0.53515625,872,650,137,75
98,142,car,0.466796875,290,620,46,37
98,18,car,0.422607421875,258,642,47,52
98,169,car,0.1285400390625,136,609,27,22
98,180,truck,0.21728515625,1484,640,134,44
98,182,car,0.392333984375,103,620,41,32
98,94,car,0.361083984375,209,628,60,44
98,195,truck,0.546875,872,651,137,75
98,204,car,0.383056640625,172,612,25,25
98,213,truck,0.80419921875,1853,620,130,100
98,114,car,0.60205078125,961,648,64,49
99,7,car,0.92431640625,1743,758,353,143
99,8,truck,0.90185546875,1086,691,251,141
99,16,car,0.85791015625,442,642,98,62
99,34,car,0.85205078125,1275,674,145,69
99,19,truck,0.73583984375,500,605,165,101
99,13,car,0.9130859375,1469,700,259,125
99,22,car,0.76611328125,604,643,101,64
99,93,car,0.716796875,351,629,62,46
99,98,person,0.875,789,989,181,176
99,142,car,0.39599609375,291,619,46,36
99,18,car,0.490234375,261,639,47,44
99,169,car,0.118408203125,136,609,27,22
99,182,car,0.453369140625,104,620,41,34
99,94,car,0.401611328125,211,630,61,43
99,204,car,0.42822265625,173,613,26,25
99,213,truck,0.329345703125,1842,618,153,101
99,217,car,0.57763671875,1361,645,98,45
99,114,car,0.494140625,961,643,70,40
100,7,car,0.91552734375,1752,760,334,144
100,8,truck,0.865234375,1099,692,256,144
100,16,car,0.8447265625,445,642,99,63
100,34,car,0.85302734375,1288,675,148,69
100,19,truck,0.80908203125,504,603,163,99
100,13,car,0.9033203125,1485,700,263,128
100,22,car,0.79931640625,608,643,104,64
100,93,car,0.74609375,354,629,62,46
100,98,person,0.8681640625,786,989,187,176
100,142,car,0.332763671875,293,619,46,36
100,18,car,0.4765625,263,637,47,40
100,182,car,0.368408203125,105,620,40,33
100,94,car,0.363037109375,214,624,58,50
100,204,car,0.4111328125,176,613,27,25
100,213,truck,0.607421875,1828,616,181,105
100,119,truck,0.64599609375,890,652,140,76
101,7,car,0.9150390625,1764,762,310,144
101,8,truck,0.896484375,1113,694,262,146
101,16,car,0.82080078125,449,643,100,63
101,34,car,0.85986328125,1301,676,150,70
101,19,truck,0.79931640625,507,603,164,98
101,13,car,0.9150390625,1500,701,267,129
101,22,car,0.830078125,614,643,105,65
101,93,car,0.73095703125,356,629,62,46
101,98,person,0.87255859375,781,989,190,177
101,142,car,0.394287109375,295,618,46,36
101,18,car,0.48046875,266,636,46,38
101,182,car,0.403564453125,106,620,41,35
101,94,car,0.453369140625,215,628,61,45
101,204,car,0.43212890625,178,613,30,25
101,213,truck,0.7880859375,1815,616,205,108
101,222,truck,0.5830078125,897,652,140,76
101,223,car,0.392333984375,557,633,63,56
101,119,car,0.708984375,898,652,140,76
101,117,car,0.54296875,992,655,58,46
101,217,car,0.67236328125,1387,646,109,53
102,7,car,0.9248046875,1775,764,289,146
102,8,truck,0.9091796875,1126,696,265,148
102,16,car,0.83349609375,453,643,101,63
102,34,car,0.8623046875,1314,677,151,71
102,19,truck,0.80810546875,510,604,166,100
102,13,car,0.9013671875,1516,704,272,127
102,22,car,0.83544921875,621,644,103,66
102,93,car,0.75341796875,359,630,62,46
102,98,person,0.8759765625,776,989,192,177
102,142,car,0.3701171875,296,618,48,36
102,18,car,0.541015625,269,636,47,38
102,182,car,0.4130859375,107,620,40,35
102,94,car,0.30908203125,216,629,61,43
102,204,car,0.373779296875,179,613,30,25
102,213,truck,0.85009765625,1802,615,229,109
102,222,truck,0.50390625,905,653,140,78
102,223,car,0.1480712890625,558,634,57,55
102,119,car,0.552734375,906,653,141,77
102,117,car,0.5908203125,996,655,68,47
102,217,car,0.443603515625,1393,647,132,56
103,7,car,0.91552734375,1786,766,266,148
103,8,truck,0.908203125,1140,697,269,149
103,16,car,0.8310546875,457,643,101,63
103,34,car,0.8662109375,1329,678,152,72
103,19,truck,0.80810546875,514,604,166,101
103,13,car,0.91748046875,1533,706,275,127
103,22,car,0.85693359375,627,644,104,66
103,93,car,0.76904296875,362,630,63,46
103,98,person,0.88720703125,770,989,197,175
103,142,car,0.350341796875,301,622,42,31
103,18,car,0.61328125,271,637,48,36
103,182,car,0.385009765625,108,622,40,34
103,94,car,0.31396484375,216,627,62,45
103,204,car,0.474609375,180,613,31,24
103,213,truck,0.79833984375,1791,615,254,107
103,222,truck,0.43408203125,914,653,143,79
103,223,car,0.1688232421875,563,634,58,56
103,119,car,0.529296875,915,653,143,78
103,117,car,0.48046875,1000,655,70,46
103,217,car,0.346923828125,1383,647,138,57
104,7,car,0.91259765625,1798,769,242,149
104,8,truck,0.9091796875,1154,699,273,151
104,16,car,0.85595703125,462,644,101,63
104,34,car,0.85595703125,1343,678,149,74
104,19,truck,0.8232421875,518,606,168,104
104,13,car,0.91552734375,1549,707,281,130
104,22,car,0.8427734375,633,645,105,66
104,93,car,0.73095703125,366,632,63,43
104,98,person,0.87646484375,765,990,199,175
104,142,car,0.359375,301,620,46,34
104,18,car,0.5234375,274,637,48,37
104,182,car,0.405517578125,109,620,39,36
104,94,car,0.276611328125,217,629,62,38
104,204,car,0.381103515625,181,614,30,23
104,213,truck,0.62060546875,1780,618,274,103
104,222,truck,0.458984375,924,653,146,79
104,119,car,0.64794921875,925,653,145,79
105,7,car,0.90380859375,1810,767,218,144
105,8,truck,0.90966796875,1168,701,280,152
105,16,car,0.84814453125,466,644,101,64
105,34,car,0.85205078125,1359,679,148,74
105,19,truck,0.6513671875,521,605,168,104
105,13,car,0.8974609375,1566,709,283,132
105,22,car,0.83642578125,639,645,107,66
105,93,car,0.7294921875,368,632,63,44
105,98,person,0.88232421875,760,989,202,174
105,142,car,0.2421875,305,621,43,34
105,18,car,0.445556640625,277,638,47,36
105,182,car,0.394287109375,111,621,39,37
105,94,car,0.359375,220,623,61,49
105,204,car,0.42431640625,182,614,31,23
105,213,truck,0.8017578125,1771,618,294,101
105,222,truck,0.482421875,934,654,147,80
105,119,car,0.5947265625,935,654,147,79
105,180,car,0.59619140625,1312,643,108,53
106,7,car,0.9052734375,1823,766,193,140
106,8,truck,0.9052734375,1183,702,284,155
106,16,car,0.83349609375,471,644,100,64
106,34,car,0.865234375,1375,680,147,74
106,19,truck,0.84716796875,524,606,170,104
106,13,car,0.91064453125,1582,710,287,134
106,22,car,0.8447265625,645,646,108,66
106,93,car,0.7373046875,371,632,65,44
106,98,person,0.87646484375,756,989,203,176
106,142,car,0.36474609375,305,621,46,35
106,18,car,0.525390625,277,638,49,38
106,182,car,0.435791015625,111,620,40,37
106,94,car,0.390380859375,223,621,60,52
106,204,car,0.3310546875,183,614,31,24
106,213,truck,0.69287109375,1765,619,305,100
106,119,car,0.7890625,944,654,151,80
106,233,car,0.716796875,1032,656,75,50
106,180,car,0.4130859375,1313,643,117,54
107,7,car,0.8955078125,1835,767,169,137
107,8,truck,0.9052734375,1198,703,290,158
107,16,car,0.83642578125,475,645,100,64
107,34,car,0.85400390625,1388,682,149,73
107,19,truck,0.8017578125,527,606,172,103
107,13,car,0.92529296875,1599,711,293,136
107,22,car,0.85009765625,651,646,109,67
107,93,car,0.7138671875,373,632,67,45
107,98,person,0.87158203125,753,988,202,179
107,142,car,0.363037109375,307,620,46,37
107,18,car,0.59814453125,279,638,52,39
107,182,car,0.43017578125,113,621,40,37
107,94,car,0.20556640625,225,620,60,54
107,204,car,0.35400390625,185,614,31,25
107,213,truck,0.4091796875,1761,618,314,100
107,119,truck,0.65673828125,954,655,150,81
107,233,car,0.72802734375,1040,657,72,50
107,180,car,0.441650390625,1304,643,113,54
108,7,car,0.8896484375,1848,769,143,137
108,8,truck,0.90966796875,1213,704,295,160
108,16,car,0.82568359375,479,645,102,65
108,34,car,0.85205078125,1403,683,151,73
108,19,truck,0.81298828125,531,606,174,103
108,13,car,0.90869140625,1617,712,298,137
108,22,car,0.84375,657,647,108,68
108,93,car,0.732421875,377,631,68,47
108,98,person,0.87890625,749,987,197,181
108,142,car,0.517578125,311,623,44,31
108,18,car,0.6806640625,282,639,50,39
108,182,car,0.420654296875,114,620,39,37
108,94,truck,0.291015625,227,618,61,52
108,204,car,0.37744140625,186,615,32,25
108,213,truck,0.37939453125,1754,621,330,100
108,119,truck,0.69580078125,965,655,152,82
108,233,car,0.66552734375,1051,657,69,49
108,180,car,0.29736328125,1290,642,107,53
109,7,car,0.87255859375,1861,773,116,134
109,8,truck,0.8984375,1229,705,301,162
109,16,car,0.8427734375,484,645,102,64
109,34,car,0.86865234375,1417,683,154,74
109,19,truck,0.80419921875,534,605,174,102
109,13,car,0.9013671875,1635,713,301,139
109,22,car,0.8408203125,663,647,110,68
109,93,car,0.72802734375,379,633,70,44
109,98,person,0.8740234375,744,985,191,184
109,142,car,0.447509765625,313,625,43,30
109,18,car,0.6826171875,283,639,51,39
109,182,car,0.38671875,115,620,41,38
109,94,car,0.307373046875,228,619,62,50
109,204,car,0.25537109375,188,615,35,25
109,213,truck,0.167724609375,1737,620,363,99
109,119,car,0.56787109375,974,656,155,83
109,233,car,0.56591796875,1062,658,61,48
109,223,car,0.57177734375,594,638,61,52
110,7,car,0.8623046875,1874,778,86,130
110,8,truck,0.875,1246,707,308,165
110,16,car,0.84912109375,488,645,102,65
110,34,car,0.86328125,1431,684,156,75
110,19,truck,0.8115234375,537,607,176,106
110,13,car,0.91796875,1653,714,307,140
110,22,car,0.845703125,670,647,111,69
110,93,car,0.7705078125,383,634,70,43
110,98,person,0.88818359375,738,983,184,190
110,142,car,0.5,313,622,46,35
110,18,car,0.73388671875,285,638,52,37
110,182,car,0.39599609375,116,621,41,36
110,94,truck,0.332763671875,229,618,60,51
110,204,car,0.2421875,189,615,35,24
110,213,truck,0.414794921875,1724,619,391,94
110,119,car,0.86962890625,984,656,158,84
110,233,car,0.7548828125,1077,659,60,47
110,243,car,0.556640625,873,627,51,16
110,223,car,0.264404296875,600,638,56,50
111,7,car,0.8291015625,1889,784,58,121
111,8,truck,0.88330078125,1263,708,315,168
111,16,car,0.8427734375,492,645,103,65
111,34,car,0.86083984375,1448,684,155,76
111,19,truck,0.63330078125,539,608,177,107
111,13,car,0.91064453125,1671,716,311,142
111,22,car,0.8642578125,676,648,113,69
111,93,car,0.79296875,387,634,68,41
111,98,person,0.86083984375,733,980,173,194
111,142,car,0.46875,315,621,47,37
111,18,car,0.73095703125,288,638,51,37
111,182,car,0.357666015625,116,621,42,35
111,94,car,0.48046875,230,624,59,41
111,204,car,0.22265625,190,614,35,25
111,213,truck,0.60205078125,1711,619,415,96
111,119,car,0.84912109375,993,657,159,85
111,233,car,0.73388671875,1084,659,59,47
111,243,car,0.484375,866,627,53,15
111,223,car,0.5390625,605,639,66,49
112,7,car,0.541015625,1904,783,27,94
112,8,truck,0.82666015625,1280,710,324,171
112,16,car,0.83544921875,497,646,105,66
112,34,car,0.87841796875,1465,685,156,77
112,19,truck,0.7744140625,542,607,177,107
112,13,car,0.90576171875,1690,716,315,143
112,22,car,0.85888671875,683,648,113,69
112,93,car,0.806640625,390,635,68,41
112,98,person,0.88720703125,729,978,161,199
112,142,car,0.394287109375,321,624,40,33
112,18,car,0.72802734375,292,639,49,36
112,182,car,0.3486328125,118,623,42,34
112,94,truck,0.361083984375,234,621,59,49
112,204,car,0.169921875,191,614,35,24
112,213,truck,0.294189453125,1704,623,427,102
112,119,car,0.7880859375,1005,657,161,85
112,233,car,0.71875,1095,660,62,48
112,243,car,0.48828125,859,628,51,16
112,223,car,0.53515625,607,638,66,54
113,8,truck,0.7294921875,1299,712,331,174
113,16,car,0.8173828125,501,646,104,67
113,34,car,0.85302734375,1483,686,154,78
113,19,truck,0.841796875,546,606,177,105
113,13,car,0.92041015625,1708,718,322,144
113,22,car,0.85498046875,689,648,113,70
113,93,car,0.81982421875,393,634,67,42
113,98,person,0.85986328125,725,976,153,202
113,142,car,0.315673828125,322,624,43,32
113,18,car,0.74609375,293,638,51,38
113,182,car,0.291015625,120,623,40,34
113,94,truck,0.2958984375,236,620,57,52
113,204,car,0.2069091796875,193,614,35,24
113,213,truck,0.2337646484375,1701,621,428,100
113,119,car,0.68603515625,1016,658,162,86
113,233,car,0.7373046875,1106,661,64,50
113,243,car,0.57958984375,850,628,53,17
113,223,car,0.6875,612,640,72,51
113,247,car,0.501953125,926,628,59,18
113,250,car,0.517578125,1860,646,116,50
114,8,truck,0.7880859375,1317,713,339,180
114,16,car,0.7890625,504,646,102,67
114,34,car,0.841796875,1501,687,155,79
114,19,truck,0.8447265625,550,607,180,110
114,13,car,0.9228515625,1728,719,324,145
114,22,car,0.8623046875,696,649,114,71
114,93,car,0.80810546875,397,635,68,42
114,98,person,0.8623046875,721,975,153,205
114,142,car,0.37744140625,322,623,47,34
114,18,car,0.7041015625,295,638,53,38
114,182,car,0.39794921875,122,624,39,34
114,94,truck,0.420654296875,238,620,57,54
114,204,car,0.195556640625,193,614,35,24
114,213,truck,0.20556640625,1689,623,430,106
114,119,truck,0.73876953125,1026,658,164,86
114,233,car,0.77734375,1117,662,69,52
114,243,car,0.640625,843,628,53,16
114,223,car,0.359375,617,641,69,48
114,247,car,0.615234375,921,629,58,18
114,180,car,0.61669921875,1166,637,82,42
115,8,truck,0.8642578125,1335,713,350,186
115,16,car,0.7919921875,509,646,104,68
115,34,car,0.8427734375,1520,688,152,78
115,19,truck,0.8671875,555,608,183,112
115,13,car,0.91748046875,1749,721,329,145
115,22,car,0.861328125,703,649,115,71
115,93,car,0.80810546875,401,635,69,42
115,98,person,0.8447265625,719,974,156,207
115,142,car,0.30908203125,325,622,46,37
115,18,car,0.73583984375,296,639,53,39
115,182,car,0.338134765625,122,622,37,35
115,94,truck,0.42822265625,239,620,57,55
115,204,car,0.2069091796875,194,614,35,24
115,213,truck,0.26904296875,1667,627,416,107
115,119,truck,0.865234375,1037,659,165,87
115,233,car,0.73876953125,1130,662,71,52
115,243,car,0.66357421875,836,627,54,16
115,223,car,0.490234375,619,639,71,54
115,247,car,0.6513671875,916,628,59,17
115,180,car,0.474609375,1164,636,96,40
116,8,truck,0.89404296875,1357,717,356,186
116,16,car,0.8408203125,515,647,105,68
116,34,car,0.85107421875,1538,689,150,79
116,19,truck,0.87158203125,560,608,191,114
116,13,car,0.91943359375,1760,722,318,147
116,22,car,0.8759765625,710,649,116,72
116,93,car,0.7958984375,404,636,69,42
116,98,person,0.87890625,718,974,160,208
116,142,car,0.26123046875,328,621,46,38
116,18,car,0.73876953125,299,639,53,40
116,182,car,0.325927734375,125,623,43,36
116,94,car,0.38671875,241,627,56,45
116,204,car,0.2294921875,196,614,36,24
116,213,truck,0.134765625,1647,623,419,98
116,119,truck,0.82666015625,1048,659,169,88
116,233,car,0.77197265625,1141,662,70,52
116,243,car,0.66552734375,829,628,54,16
116,223,car,0.418701171875,625,638,75,56
116,247,car,0.67919921875,908,628,57,17
116,180,car,0.43408203125,1157,634,103,36
117,8,truck,0.9072265625,1378,720,365,187
117,16,car,0.81982421875,519,647,107,69
117,34,car,0.83203125,1558,690,148,79
117,19,truck,0.8173828125,563,607,195,112
117,13,car,0.91650390625,1769,723,300,150
117,22,car,0.8447265625,717,650,116,73
117,93,car,0.80908203125,407,636,69,43
117,98,person,0.80908203125,710,973,155,208
117,142,car,0.338134765625,331,622,44,38
117,18,car,0.7265625,303,639,50,40
117,182,car,0.405517578125,126,622,44,37
117,94,truck,0.414794921875,244,623,57,53
117,204,car,0.2337646484375,197,615,37,24
117,213,truck,0.2120361328125,1625,620,413,89
117,119,truck,0.81884765625,1059,660,171,88
117,233,car,0.70263671875,1153,663,65,54
117,243,car,0.6279296875,823,627,52,15
117,223,car,0.615234375,629,640,74,54
117,247,car,0.64599609375,901,628,59,17
117,180,car,0.451416015625,1153,633,100,33
118,8,truck,0.916015625,1400,723,375,190
118,16,car,0.80078125,524,647,107,70
118,34,car,0.8232421875,1580,691,141,79
118,19,truck,0.83544921875,566,606,193,109
118,13,car,0.91796875,1778,724,282,151
118,22,car,0.85009765625,723,650,119,73
118,93,car,0.7734375,410,636,70,44
118,98,person,0.83642578125,705,974,155,208
118,142,car,0.35400390625,333,622,45,38
118,18,car,0.6875,304,640,53,40
118,182,car,0.4130859375,128,621,45,37
118,94,truck,0.482421875,245,622,56,56
118,204,car,0.28466796875,198,614,37,24
118,213,truck,0.1217041015625,1612,619,405,87
118,119,truck,0.64794921875,1070,660,173,89
118,233,car,0.533203125,1162,662,70,58
118,243,car,0.521484375,818,627,51,14
118,223,car,0.64599609375,634,641,73,52
118,247,car,0.533203125,894,628,58,17
118,180,car,0.1302490234375,1155,632,80,30
119,8,truck,0.81298828125,1423,723,385,197
119,16,car,0.81884765625,529,647,109,72
119,34,car,0.81884765625,1601,692,138,80
119,19,truck,0.83447265625,571,607,196,112
119,13,car,0.91552734375,1788,726,263,152
119,22,car,0.85302734375,730,651,120,74
119,93,car,0.79296875,414,636,71,44
119,98,person,0.83544921875,701,974,159,206
119,142,car,0.478515625,337,624,43,34
119,18,car,0.70068359375,306,639,53,40
119,182,car,0.373779296875,130,621,47,36
119,94,truck,0.517578125,247,622,57,57
119,204,car,0.29736328125,199,614,36,24
119,119,truck,0.84716796875,1082,661,174,90
119,233,car,0.505859375,1172,662,71,60
119,243,car,0.418701171875,809,627,53,14
119,223,car,0.5888671875,638,641,75,53
119,247,car,0.533203125,888,627,55,17
120,8,truck,0.9033203125,1446,727,394,197
120,16,car,0.82080078125,533,647,110,72
120,34,car,0.8173828125,1623,693,133,81
120,19,truck,0.83642578125,574,605,195,109
120,13,car,0.9111328125,1798,728,243,153
120,22,car,0.85986328125,738,651,121,74
120,93,car,0.7705078125,417,636,72,44
120,98,person,0.85595703125,698,975,158,205
120,142,car,0.4765625,337,622,48,37
120,18,car,0.74462890625,309,639,52,40
120,182,car,0.418701171875,132,621,47,36
120,94,truck,0.5,250,622,58,58
120,204,car,0.38671875,200,614,36,24
120,119,truck,0.85205078125,1094,661,176,92
120,233,car,0.5947265625,1182,660,73,64
120,243,car,0.486328125,804,627,51,14
120,223,car,0.70751953125,644,642,76,52
120,247,car,0.5869140625,881,627,56,17
121,8,truck,0.8955078125,1470,725,407,209
121,16,car,0.6513671875,537,648,113,72
121,34,car,0.80078125,1645,695,130,82
121,19,truck,0.865234375,582,607,204,114
121,13,car,0.91650390625,1808,729,223,155
121,22,car,0.87255859375,744,652,123,75
121,93,car,0.7646484375,421,636,73,44
121,98,person,0.8427734375,695,975,160,202
121,142,car,0.46484375,340,622,45,38
121,18,car,0.7607421875,313,639,52,41
121,182,car,0.486328125,132,621,47,36
121,94,truck,0.5947265625,251,622,58,58
121,204,car,0.509765625,201,614,37,25
121,119,truck,0.810546875,1107,662,179,93
121,233,car,0.67578125,1198,664,66,59
121,243,car,0.482421875,801,627,45,14
121,223,car,0.3310546875,649,642,78,53
121,247,car,0.552734375,875,627,56,17
122,8,truck,0.90380859375,1496,731,421,206
122,16,car,0.740234375,542,648,112,72
122,34,car,0.77880859375,1668,695,122,84
122,19,truck,0.810546875,583,606,203,112
122,13,car,0.896484375,1817,730,204,155
122,22,car,0.85693359375,751,652,124,75
122,93,car,0.74462890625,426,637,69,43
122,98,person,0.82763671875,693,976,164,201
122,142,car,0.43212890625,338,622,52,40
122,18,car,0.77587890625,315,639,52,40
122,182,car,0.453369140625,134,623,47,39
122,94,truck,0.5830078125,253,622,59,58
122,204,car,0.46484375,202,614,37,25
122,119,car,0.67919921875,1117,663,185,94
122,233,car,0.65673828125,1211,665,61,57
122,243,car,0.18359375,798,629,38,18
122,223,car,0.70263671875,654,642,80,54
122,247,car,0.544921875,869,627,54,18
123,8,truck,0.89697265625,1522,734,433,211
123,16,car,0.73095703125,547,648,113,72
123,34,car,0.72021484375,1693,691,115,70
123,19,truck,0.7490234375,588,607,207,113
123,13,car,0.88623046875,1827,728,184,149
123,22,car,0.83544921875,759,653,124,75
123,93,car,0.8017578125,429,637,72,45
123,98,person,0.865234375,690,976,166,201
123,142,car,0.341552734375,345,623,46,38
123,18,car,0.806640625,314,640,57,40
123,182,car,0.4609375,135,624,46,40
123,94,truck,0.615234375,255,623,58,59
123,204,car,0.4765625,203,614,37,25
123,119,truck,0.751953125,1130,663,186,94
123,233,car,0.42431640625,1223,665,60,57
123,223,car,0.60009765625,659,643,83,55
123,247,car,0.443603515625,864,626,54,19
123,264,car,0.416748046875,395,625,41,34
124,8,truck,0.89404296875,1549,737,446,215
124,16,car,0.81298828125,552,649,115,73
124,34,car,0.60595703125,1719,687,109,61
124,19,truck,0.8447265625,587,605,199,109
124,13,car,0.8681640625,1841,728,157,147
124,22,car,0.810546875,766,653,125,76
124,93,car,0.80419921875,433,637,72,46
124,98,person,0.8798828125,686,976,167,201
124,142,car,0.3486328125,349,624,46,37
124,18,car,0.72509765625,318,640,54,41
124,182,car,0.4072265625,136,625,47,41
124,94,truck,0.60400390625,258,623,60,62
124,204,car,0.455078125,203,614,37,25
124,119,truck,0.75927734375,1144,664,190,96
124,233,car,0.11358642578125,1236,666,57,55
124,223,car,0.796875,665,644,83,54
124,247,car,0.4111328125,858,627,55,19
124,264,car,0.486328125,396,624,46,34
124,266,car,0.53515625,1037,626,78,26
125,8,truck,0.8974609375,1579,740,463,218
125,16,car,0.8115234375,558,649,115,73
125,34,car,0.2294921875,1746,684,98,54
125,19,truck,0.87255859375,587,605,196,108
125,13,car,0.8818359375,1852,728,135,146
125,22,car,0.82763671875,773,653,127,76
125,93,car,0.7705078125,436,637,73,46
125,98,person,0.8798828125,679,976,169,203
125,142,car,0.363037109375,351,624,46,36
125,18,car,0.7294921875,322,639,53,41
125,94,truck,0.64404296875,260,623,60,62
125,204,car,0.458984375,205,614,36,25
125,119,truck,0.70556640625,1158,666,192,98
125,233,car,0.11517333984375,1256,670,43,52
125,223,car,0.810546875,670,644,85,54
125,247,car,0.55078125,852,627,56,19
125,264,car,0.45703125,398,624,50,34
125,266,car,0.56787109375,1030,627,88,28
125,250,car,0.53515625,1862,648,111,43
126,8,truck,0.9033203125,1610,743,479,222
126,16,car,0.83544921875,563,650,117,74
126,19,truck,0.83984375,590,606,195,110
126,13,car,0.83544921875,1861,728,115,147
126,22,car,0.8681640625,781,654,129,77
126,93,car,0.81640625,440,637,74,46
126,98,person,0.88623046875,673,975,174,203
126,142,car,0.38671875,354,624,48,36
126,18,car,0.70263671875,323,640,55,41
126,94,truck,0.62451171875,262,623,59,61
126,204,car,0.46875,206,614,37,25
126,119,car,0.73095703125,1175,666,206,98
126,223,car,0.74609375,675,643,86,57
126,247,car,0.43017578125,848,627,51,20
126,264,car,0.478515625,400,624,51,34
126,266,car,0.552734375,1020,627,76,27
126,273,truck,0.4111328125,1173,666,206,100
126,250,car,0.5234375,1854,658,130,65
126,182,car,0.2958984375,141,622,50,36
127,8,truck,0.8955078125,1642,743,494,232
127,16,car,0.81982421875,568,650,117,75
127,19,truck,0.830078125,594,605,197,109
127,13,car,0.76904296875,1874,726,91,139
127,22,car,0.83984375,789,654,129,77
127,93,car,0.8115234375,444,638,75,46
127,98,person,0.880859375,666,973,177,207
127,142,car,0.42822265625,358,625,46,34
127,18,car,0.7041015625,324,640,60,42
127,94,truck,0.54296875,263,623,60,61
127,204,car,0.509765625,207,614,37,25
127,119,truck,0.8671875,1187,667,204,99
127,223,car,0.8173828125,681,644,88,56
127,247,car,0.38671875,845,627,42,20
127,264,car,0.46484375,403,624,49,34
127,266,car,0.490234375,1011,628,90,28
127,250,car,0.56201171875,1842,660,139,70
127,182,car,0.42431640625,142,623,49,39
128,8,truck,0.9033203125,1670,745,498,242
128,16,car,0.79443359375,572,650,117,75
128,19,truck,0.7734375,598,604,197,109
128,13,car,0.1510009765625,1889,721,61,122
128,22,car,0.7958984375,796,655,131,77
128,93,car,0.81396484375,447,638,76,46
128,98,person,0.88232421875,661,971,177,210
128,142,car,0.48046875,360,626,43,34
128,18,car,0.72021484375,325,640,63,43
128,94,truck,0.529296875,265,623,61,61
128,204,car,0.529296875,208,614,36,25
128,119,truck,0.8671875,1202,668,207,100
128,223,car,0.75048828125,687,642,91,59
128,247,car,0.1800537109375,843,628,37,22
128,264,car,0.490234375,407,625,45,33
128,266,car,0.69287109375,1000,627,95,28
128,250,car,0.37939453125,1839,662,145,74
128,182,car,0.375732421875,145,624,51,39
128,213,truck,0.392333984375,1431,615,364,78
129,8,truck,0.90966796875,1682,752,474,239
129,16,car,0.81884765625,578,650,118,76
129,19,truck,0.86083984375,602,603,196,108
129,22,car,0.85498046875,804,655,132,78
129,93,car,0.8017578125,451,638,76,46
129,98,person,0.87841796875,658,969,173,214
129,142,car,0.368408203125,360,626,45,35
129,18,car,0.732421875,327,641,63,43
129,94,truck,0.6513671875,267,624,62,62
129,204,car,0.5234375,209,615,37,25
129,119,truck,0.8642578125,1217,668,211,101
129,223,car,0.830078125,692,644,92,58
129,264,car,0.474609375,409,625,45,33
129,266,car,0.541015625,990,628,96,29
129,250,truck,0.2186279296875,1832,663,154,82
129,182,car,0.42431640625,148,624,51,40
129,279,car,0.48046875,1467,636,107,41
129,281,car,0.422607421875,510,637,35,40
129,282,car,0.56396484375,1071,630,65,23
130,8,truck,0.8955078125,1696,753,446,249
130,16,car,0.845703125,583,651,119,77
130,19,truck,0.81298828125,607,603,201,109
130,22,car,0.85009765625,812,656,134,79
130,93,car,0.82080078125,456,638,76,47
130,98,person,0.88720703125,655,969,168,215
130,142,car,0.451416015625,362,627,45,34
130,18,car,0.74609375,329,641,65,42
130,94,truck,0.55078125,269,623,62,60
130,204,car,0.51953125,210,615,36,26
130,119,truck,0.8857421875,1232,669,213,102
130,223,car,0.74462890625,697,645,91,57
130,264,car,0.53125,412,625,46,33
130,266,truck,0.420654296875,980,628,99,29
130,182,car,0.385009765625,148,623,52,40
130,279,car,0.37939453125,1452,636,138,41
130,281,car,0.482421875,515,637,38,41
130,282,car,0.6669921875,1065,630,65,22
131,8,truck,0.8955078125,1709,753,420,261
131,16,car,0.82421875,588,652,120,77
131,19,truck,0.8681640625,611,605,201,113
131,22,car,0.85302734375,819,656,135,80
131,93,car,0.81982421875,460,638,77,48
131,98,person,0.8916015625,653,966,164,221
131,142,car,0.50390625,365,626,43,35
131,18,car,0.6875,333,641,63,43
131,94,truck,0.355712890625,271,623,62,60
131,204,car,0.56982421875,211,615,36,26
131,119,truck,0.89501953125,1245,670,216,102
131,223,car,0.8154296875,702,645,90,56
131,264,car,0.4921875,415,625,47,34
131,266,car,0.37744140625,970,627,98,27
131,182,car,0.509765625,148,623,55,41
131,279,car,0.513671875,1432,635,151,43
131,281,car,0.33447265625,518,638,36,40
131,282,car,0.5947265625,1057,630,66,22
132,8,truck,0.861328125,1724,756,391,271
132,16,car,0.80419921875,594,653,120,76
132,19,truck,0.86083984375,614,604,205,113
132,22,car,0.79833984375,827,657,137,81
132,93,car,0.8154296875,464,638,79,49
132,98,person,0.89306640625,652,965,160,223
132,142,car,0.5,369,627,41,33
132,18,car,0.7607421875,336,641,63,43
132,94,truck,0.43212890625,273,622,64,59
132,204,car,0.556640625,212,615,37,25
132,119,truck,0.884765625,1259,671,215,103
132,223,car,0.80419921875,707,645,90,56
132,264,car,0.552734375,419,625,46,34
132,266,truck,0.34521484375,958,627,95,26
132,182,car,0.57763671875,149,623,55,42
132,279,car,0.5,1411,635,156,42
132,281,car,0.332763671875,522,639,37,41
132,282,car,0.5,1049,630,63,22
133,8,truck,0.77734375,1740,754,359,266
133,16,car,0.75927734375,598,653,123,76
133,19,truck,0.88330078125,617,605,206,115
133,22,car,0.80810546875,835,657,138,82
133,93,car,0.7744140625,468,639,79,48
133,98,person,0.888671875,651,964,152,227
133,142,car,0.36669921875,372,627,42,33
133,18,car,0.7958984375,337,642,65,43
133,94,car,0.363037109375,277,628,61,48
133,204,car,0.5078125,213,615,38,27
133,119,truck,0.86865234375,1273,671,218,105
133,223,car,0.83203125,713,646,91,57
133,264,car,0.47265625,421,625,47,35
133,266,car,0.381103515625,942,627,84,25
133,182,car,0.517578125,149,622,57,42
133,279,car,0.381103515625,1399,635,142,42
133,281,car,0.329345703125,526,639,37,41
133,282,car,0.615234375,1038,630,71,22
134,8,truck,0.85302734375,1756,748,327,246
134,16,car,0.7373046875,606,653,120,76
134,19,truck,0.8818359375,622,605,206,116
134,22,car,0.86328125,842,657,140,81
134,93,car,0.80322265625,472,640,80,47
134,98,person,0.88720703125,650,964,147,228
134,142,car,0.420654296875,375,628,43,32
134,18,car,0.79931640625,339,643,67,42
134,94,car,0.552734375,283,631,58,43
134,204,car,0.55810546875,215,616,38,27
134,119,truck,0.86328125,1288,672,221,107
134,223,car,0.80908203125,719,646,92,58
134,264,car,0.533203125,425,625,50,34
134,266,car,0.4091796875,932,626,81,26
134,182,car,0.486328125,150,623,56,42
134,279,car,0.138427734375,1388,635,122,42
134,281,car,0.3056640625,529,639,39,40
134,282,car,0.5,1028,630,72,22
134,213,truck,0.53515625,1315,613,275,82
135,8,truck,0.89013671875,1773,754,292,230
135,16,car,0.767578125,613,654,118,76
135,19,truck,0.85986328125,626,605,207,117
135,22,car,0.83544921875,850,658,142,82
135,93,car,0.80810546875,476,640,80,47
135,98,person,0.8818359375,648,963,148,228
135,142,car,0.42822265625,378,628,45,32
135,18,car,0.8173828125,342,643,68,42
135,94,truck,0.443603515625,281,626,67,55
135,204,car,0.43408203125,216,615,39,26
135,119,truck,0.884765625,1303,673,224,109
135,223,car,0.82666015625,724,646,93,59
135,264,car,0.5,429,626,49,34
135,266,car,0.315673828125,929,626,78,26
135,182,car,0.466796875,153,623,53,41
135,281,car,0.226806640625,529,639,39,40
135,282,car,0.5908203125,1019,630,71,23
135,290,car,0.75927734375,1663,644,108,42
135,213,truck,0.55078125,1298,612,268,79
136,8,truck,0.7294921875,1791,759,256,227
136,16,car,0.7431640625,616,654,124,77
136,19,truck,0.84912109375,630,604,207,114
136,22,car,0.7138671875,859,659,142,83
136,93,car,0.79833984375,479,640,82,46
136,98,person,0.86328125,647,963,146,228
136,142,car,0.4111328125,380,628,42,31
136,18,car,0.8154296875,344,643,68,43
136,94,car,0.474609375,285,630,64,49
136,204,car,0.385009765625,217,615,39,26
136,119,truck,0.8798828125,1320,673,228,112
136,223,car,0.83447265625,729,647,93,58
136,264,car,0.466796875,431,625,52,34
136,266,car,0.383056640625,924,627,70,27
136,182,car,0.449462890625,154,622,54,40
136,281,car,0.134765625,530,639,38,40
136,282,car,0.53125,1014,630,67,23
136,290,truck,0.5,1664,643,135,43
136,213,truck,0.368408203125,1298,610,235,75
137,8,truck,0.447509765625,1810,740,219,272
137,16,car,0.7548828125,620,654,128,78
137,19,truck,0.85400390625,634,604,209,113
137,22,car,0.77734375,866,659,145,84
137,93,car,0.8173828125,483,641,81,47
137,98,person,0.83447265625,646,964,145,227
137,18,car,0.80078125,347,643,68,43
137,94,truck,0.458984375,285,626,69,57
137,204,car,0.355712890625,219,615,39,26
137,119,truck,0.7880859375,1336,674,231,112
137,223,car,0.81298828125,735,647,95,58
137,264,car,0.458984375,433,626,52,35
137,266,car,0.1812744140625,916,628,65,27
137,182,car,0.385009765625,155,622,54,40
137,281,car,0.16455078125,535,640,31,38
137,282,car,0.515625,1010,629,63,23
137,290,truck,0.67724609375,1653,643,147,42
137,213,truck,0.5869140625,1273,611,248,69
138,8,truck,0.73876953125,1830,736,179,293
138,16,car,0.74169921875,625,655,131,78
138,19,truck,0.89404296875,638,604,211,114
138,22,car,0.61328125,875,659,146,85
138,93,car,0.83740234375,488,641,81,47
138,98,person,0.77587890625,647,965,143,225
138,18,car,0.8115234375,350,643,69,44
138,94,truck,0.51953125,287,624,70,58
138,204,car,0.329345703125,220,615,40,27
138,119,truck,0.8232421875,1353,675,234,112
138,223,car,0.82763671875,741,648,95,58
138,264,car,0.529296875,436,626,53,36
138,182,car,0.4130859375,157,624,52,41
138,282,car,0.4130859375,1000,629,68,23
138,290,truck,0.66015625,1637,642,152,40
138,213,truck,0.62255859375,1256,611,250,68
138,295,truck,0.505859375,875,659,146,83
138,142,car,0.422607421875,386,626,44,36
139,8,truck,0.80810546875,1851,746,136,286
139,16,car,0.689453125,632,655,130,79
139,19,truck,0.88427734375,642,604,212,114
139,22,truck,0.67919921875,883,659,148,85
139,93,car,0.83544921875,492,641,81,49
139,98,person,0.8310546875,643,965,146,223
139,18,car,0.80322265625,352,644,70,43
139,94,truck,0.673828125,289,625,70,62
139,204,car,0.383056640625,221,615,40,26
139,119,truck,0.86328125,1370,677,239,113
139,223,car,0.82080078125,747,648,96,58
139,264,car,0.45703125,438,626,54,37
139,182,car,0.3720703125,159,624,50,40
139,282,car,0.32080078125,990,629,66,22
139,290,car,0.70263671875,1618,643,151,39
139,213,truck,0.282958984375,1239,611,243,66
139,295,car,0.607421875,882,659,148,85
139,142,car,0.37744140625,388,627,42,34
140,8,truck,0.8447265625,1873,780,92,224
140,16,car,0.70263671875,638,655,130,79
140,19,truck,0.880859375,646,604,213,115
140,22,truck,0.615234375,893,659,149,88
140,93,car,0.82763671875,496,641,81,49
140,98,person,0.8017578125,640,966,140,220
140,18,car,0.80908203125,355,644,70,43
140,94,truck,0.66357421875,291,626,72,64
140,204,car,0.373779296875,222,615,40,26
140,119,truck,0.90185546875,1387,678,242,114
140,223,car,0.841796875,752,648,97,59
140,264,car,0.4765625,441,626,53,37
140,182,car,0.515625,160,624,49,39
140,282,car,0.48828125,983,628,66,23
140,290,car,0.546875,1599,642,148,39
140,213,truck,0.4130859375,1207,612,202,64
140,295,car,0.5888671875,892,659,149,87
140,142,car,0.43017578125,390,628,42,32
140,279,car,0.69580078125,1261,633,131,34
141,16,car,0.82421875,644,656,130,79
141,19,truck,0.8857421875,650,604,215,114
141,22,car,0.76220703125,901,660,150,87
141,93,car,0.8056640625,501,641,83,50
141,98,person,0.84375,638,967,148,218
141,18,car,0.83349609375,357,644,71,43
141,94,truck,0.264404296875,293,626,69,63
141,204,car,0.4130859375,223,615,40,27
141,119,truck,0.9052734375,1405,680,246,116
141,223,car,0.82080078125,758,649,98,60
141,264,car,0.552734375,444,626,54,36
141,182,car,0.49609375,161,623,50,38
141,282,car,0.4765625,978,628,62,23
141,290,car,0.57958984375,1580,642,145,40
141,213,truck,0.449462890625,1189,612,192,64
141,295,truck,0.303955078125,901,660,152,86
141,142,car,0.45703125,393,628,42,32
141,299,car,0.60400390625,1827,657,125,26
141,279,car,0.69580078125,1243,632,132,34
142,16,car,0.763671875,650,656,131,79
142,19,truck,0.9189453125,655,603,217,115
142,22,car,0.81396484375,909,661,152,87
142,93,car,0.806640625,505,641,84,51
142,98,person,0.85986328125,631,967,152,218
142,18,car,0.81884765625,360,644,72,43
142,94,car,0.50390625,300,632,62,53
142,204,car,0.449462890625,224,615,39,28
142,119,truck,0.9013671875,1424,680,250,118
142,223,car,0.85986328125,764,649,99,62
142,264,car,0.484375,446,626,54,35
142,182,car,0.509765625,162,622,52,38
142,282,car,0.18359375,974,628,55,23
142,290,car,0.70263671875,1570,641,126,40
142,213,truck,0.259765625,1171,612,182,64
142,295,truck,0.55810546875,909,661,154,87
142,142,car,0.381103515625,392,629,50,32
142,299,car,0.62060546875,1796,657,123,26
142,279,car,0.42626953125,1228,632,131,33
143,16,car,0.83544921875,655,657,133,80
143,19,truck,0.90673828125,659,603,217,114
143,22,car,0.75634765625,918,662,155,87
143,93,car,0.841796875,509,642,82,51
143,98,person,0.8671875,625,967,158,218
143,18,car,0.822265625,364,645,71,44
143,94,car,0.455078125,305,635,58,47
143,204,car,0.441650390625,225,615,39,28
143,119,truck,0.87744140625,1442,682,256,119
143,223,car,0.8662109375,770,649,99,62
143,264,car,0.462890625,449,626,54,35
143,182,car,0.517578125,163,622,53,38
143,290,car,0.521484375,1558,640,114,41
143,213,truck,0.373779296875,1171,612,203,63
143,295,truck,0.486328125,918,662,154,87
143,142,car,0.3486328125,396,629,50,32
143,299,car,0.59619140625,1762,656,118,25
143,279,car,0.611328125,1212,631,130,34
143,303,fire hydrant,0.445556640625,259,660,22,35
144,16,car,0.85205078125,662,657,134,81
144,19,truck,0.8984375,663,603,219,114
144,22,car,0.73388671875,928,662,156,88
144,93,car,0.82666015625,513,642,82,51
144,98,person,0.8798828125,621,966,164,220
144,18,car,0.8173828125,366,645,70,44
144,94,car,0.6669921875,304,635,63,47
144,204,car,0.49609375,226,615,39,28
144,119,truck,0.90869140625,1462,683,260,120
144,223,car,0.8798828125,777,649,99,62
144,264,car,0.515625,452,627,55,35
144,182,car,0.48046875,166,622,52,37
144,290,car,0.155029296875,1546,640,101,41
144,213,truck,0.46875,1171,612,223,62
144,142,car,0.368408203125,401,629,47,33
144,299,car,0.5849609375,1730,654,118,25
144,279,car,0.68603515625,1195,631,129,33
144,303,fire hydrant,0.445556640625,260,660,22,36
145,16,car,0.861328125,668,657,135,81
145,19,truck,0.87890625,667,601,220,112
145,22,car,0.6689453125,936,663,158,89
145,93,car,0.80078125,516,642,82,52
145,98,person,0.87841796875,615,965,165,222
145,18,car,0.80908203125,368,645,70,44
145,94,car,0.56982421875,305,635,67,46
145,204,car,0.43212890625,227,615,38,28
145,119,truck,0.89404296875,1482,683,265,122
145,223,car,0.85400390625,783,650,101,61
145,264,car,0.505859375,455,627,58,37
145,182,car,0.43017578125,169,622,50,37
145,213,truck,0.36474609375,1161,612,224,63
145,142,car,0.34521484375,404,628,45,36
145,299,car,0.56005859375,1701,653,108,26
145,279,car,0.63720703125,1180,631,127,33
145,303,fire hydrant,0.1175537109375,260,659,23,37
146,16,car,0.69287109375,674,657,137,82
146,19,truck,0.89990234375,671,603,222,116
146,22,truck,0.75927734375,946,663,160,90
146,93,car,0.76904296875,522,642,85,53
146,98,person,0.89306640625,609,963,161,226
146,18,car,0.80908203125,370,645,72,46
146,94,car,0.51171875,310,636,66,46
146,204,car,0.4765625,228,615,39,28
146,119,truck,0.8955078125,1502,684,269,123
146,223,car,0.84912109375,789,651,101,62
146,264,car,0.546875,458,627,60,37
146,182,car,0.447509765625,171,623,48,38
146,213,truck,0.47265625,1150,612,226,63
146,142,car,0.346923828125,400,626,55,42
146,299,car,0.490234375,1671,652,107,24
146,279,car,0.7294921875,1165,630,123,34
146,303,fire hydrant,0.405517578125,259,659,23,36
146,307,car,0.501953125,945,662,160,89
147,16,car,0.82568359375,680,658,139,83
147,19,truck,0.86328125,676,602,223,114
147,22,truck,0.77197265625,956,663,162,92
147,93,car,0.6689453125,524,641,82,54
147,98,person,0.90478515625,607,961,159,232
147,18,car,0.79443359375,374,645,72,46
147,94,car,0.418701171875,314,636,62,47
147,204,car,0.4130859375,230,615,39,28
147,119,truck,0.85498046875,1522,684,274,126
147,223,car,0.85302734375,796,651,100,63
147,264,car,0.515625,460,627,58,37
147,182,car,0.4111328125,170,623,53,38
147,213,truck,0.388671875,1139,612,221,63
147,142,car,0.418701171875,407,626,52,41
147,299,car,0.11517333984375,1648,651,98,25
147,279,car,0.642578125,1151,630,124,34
147,303,fire hydrant,0.26904296875,259,658,23,38
147,310,car,0.4091796875,96,623,40,29
148,16,car,0.845703125,686,659,140,83
148,19,truck,0.8662109375,682,597,226,105
148,22,car,0.7041015625,965,664,163,92
148,93,car,0.5947265625,530,643,83,52
148,98,person,0.89501953125,606,959,157,236
148,18,car,0.7958984375,376,645,73,46
148,94,car,0.435791015625,316,636,61,47
148,204,car,0.373779296875,230,615,38,29
148,119,truck,0.83447265625,1543,686,280,127
148,223,car,0.86083984375,802,651,101,64
148,264,car,0.3701171875,462,628,60,38
148,182,car,0.38671875,174,627,49,33
148,213,truck,0.303955078125,1124,612,211,63
148,142,car,0.289306640625,411,628,50,37
148,279,car,0.66015625,1137,629,119,35
148,303,fire hydrant,0.357666015625,259,659,23,38
148,310,car,0.43212890625,97,623,39,29
148,311,car,0.60009765625,599,644,55,42
149,16,car,0.86083984375,692,659,140,84
149,19,truck,0.873046875,686,596,228,103
149,22,car,0.78271484375,975,665,167,91
149,93,car,0.69775390625,534,645,82,50
149,98,person,0.8818359375,606,957,154,241
149,18,car,0.8115234375,379,646,73,46
149,94,car,0.38671875,320,636,64,47
149,204,car,0.422607421875,231,615,39,28
149,119,truck,0.88330078125,1564,688,286,127
149,223,car,0.85986328125,809,651,103,64
149,264,car,0.48046875,466,628,62,38
149,182,car,0.363037109375,175,626,48,38
149,213,truck,0.51953125,1116,612,213,64
149,142,car,0.294189453125,414,629,51,35
149,279,car,0.60595703125,1121,629,117,35
149,303,fire hydrant,0.533203125,260,659,25,39
149,310,car,0.4091796875,97,620,40,34
149,311,car,0.5849609375,603,644,55,40
149,315,car,0.7294921875,1439,637,104,36
150,16,car,0.84912109375,700,659,140,84
150,19,truck,0.85400390625,690,597,229,105
150,22,car,0.80078125,985,666,168,92
150,93,car,0.72509765625,539,645,81,52
150,98,person,0.89013671875,604,955,150,245
150,18,car,0.8115234375,382,646,73,46
150,94,car,0.36669921875,323,636,67,48
150,204,car,0.368408203125,233,616,38,25
150,119,truck,0.8984375,1586,689,292,128
150,223,car,0.86328125,815,651,103,65
150,264,car,0.4921875,469,628,61,39
150,182,car,0.3720703125,175,627,51,37
150,213,truck,0.54296875,1107,612,212,64
150,142,car,0.310791015625,416,630,49,33
150,279,car,0.443603515625,1106,629,116,34
150,303,fire hydrant,0.34521484375,260,659,24,40
150,310,car,0.289306640625,98,621,39,34
150,311,car,0.66015625,608,645,54,41
150,315,car,0.484375,1433,637,118,36
150,318,car,0.529296875,1867,646,101,51
150,320,truck,0.35400390625,323,636,68,47
151,16,car,0.84375,707,660,143,85
151,19,truck,0.86962890625,695,594,230,100
151,22,car,0.82080078125,995,666,170,94
151,93,car,0.708984375,544,645,84,52
151,98,person,0.89013671875,601,954,147,247
151,18,car,0.8232421875,385,646,74,46
151,94,car,0.42822265625,326,637,67,48
151,204,car,0.373779296875,234,618,38,22
151,119,truck,0.88818359375,1608,691,299,130
151,223,car,0.88232421875,822,652,102,66
151,264,car,0.533203125,473,628,61,38
151,182,car,0.37939453125,179,628,46,34
151,213,truck,0.299072265625,1096,612,211,64
151,142,car,0.26123046875,417,630,53,33
151,279,car,0.470703125,1098,628,104,34
151,303,fire hydrant,0.1312255859375,261,659,24,40
151,310,car,0.276611328125,101,621,42,32
151,311,car,0.640625,613,645,58,41
151,315,car,0.61669921875,1421,637,122,37
151,318,car,0.71044921875,1855,646,125,51
151,282,car,0.2568359375,910,626,59,20
152,16,car,0.74609375,713,660,144,86
152,19,truck,0.86962890625,701,600,236,112
152,22,truck,0.6318359375,1005,666,171,95
152,93,car,0.7705078125,550,645,88,53
152,98,person,0.88330078125,598,953,144,249
152,18,car,0.81982421875,388,647,76,46
152,94,car,0.57177734375,328,637,67,49
152,204,car,0.312255859375,236,618,39,22
152,119,truck,0.8896484375,1631,692,305,131
152,223,car,0.875,829,652,104,66
152,264,car,0.556640625,474,629,64,38
152,182,car,0.2393798828125,178,627,48,34
152,213,truck,0.265869140625,1094,612,187,65
152,279,car,0.4111328125,1086,628,92,34
152,303,fire hydrant,0.102294921875,260,659,24,40
152,310,car,0.294189453125,103,621,41,33
152,311,car,0.375732421875,619,645,55,42
152,315,car,0.59619140625,1406,637,122,37
152,318,car,0.56982421875,1843,645,150,52
152,282,car,0.405517578125,904,626,60,20
152,299,car,0.37744140625,1516,647,90,22
153,16,car,0.83349609375,720,660,147,86
153,19,truck,0.84912109375,704,599,235,110
153,22,truck,0.74462890625,1015,667,173,96
153,93,car,0.81396484375,555,645,88,53
153,98,person,0.86962890625,594,953,142,249
153,18,car,0.83642578125,391,647,75,46
153,94,car,0.56201171875,330,637,66,49
153,204,car,0.276611328125,237,619,38,21
153,119,truck,0.9013671875,1654,694,311,133
153,223,car,0.8623046875,835,653,105,66
153,264,car,0.57958984375,478,629,63,39
153,182,car,0.2958984375,180,626,57,36
153,213,truck,0.289306640625,1080,612,193,65
153,279,car,0.155029296875,1077,629,91,35
153,310,car,0.338134765625,104,622,44,30
153,311,car,0.5908203125,625,646,57,43
153,315,truck,0.466796875,1392,637,122,36
153,318,truck,0.357666015625,1832,644,168,54
153,282,car,0.2861328125,899,626,58,21
153,324,car,0.521484375,1014,667,173,96
153,326,truck,0.3720703125,304,615,81,56
153,299,car,0.533203125,1494,646,87,22
154,16,car,0.8232421875,728,661,149,87
154,19,truck,0.861328125,708,596,235,104
154,22,truck,0.67236328125,1025,668,176,96
154,93,car,0.78125,560,645,89,54
154,98,person,0.87158203125,592,953,138,249
154,18,car,0.82568359375,395,648,75,46
154,94,car,0.43017578125,333,637,67,49
154,204,car,0.38671875,238,619,40,22
154,119,truck,0.8984375,1678,695,317,134
154,223,car,0.85791015625,842,653,106,67
154,264,car,0.57373046875,481,629,64,39
154,182,car,0.33447265625,184,626,55,33
154,213,truck,0.484375,1067,613,195,64
154,310,car,0.375732421875,104,621,43,34
154,311,car,0.65478515625,631,646,57,43
154,315,car,0.62451171875,1376,637,118,35
154,318,truck,0.153076171875,1832,644,169,55
154,282,car,0.33447265625,894,626,53,21
154,324,car,0.55078125,1024,668,176,97
154,326,truck,0.437744140625,308,618,79,57
154,299,car,0.607421875,1473,646,96,23
155,16,car,0.85791015625,734,661,150,88
155,19,truck,0.87744140625,714,594,236,100
155,22,car,0.69580078125,1036,668,179,98
155,93,car,0.83203125,565,645,89,55
155,98,person,0.8671875,590,953,136,247
155,18,car,0.81640625,397,648,76,46
155,94,car,0.458984375,336,637,66,48
155,204,car,0.325927734375,239,618,40,22
155,119,truck,0.91552734375,1704,697,323,136
155,223,car,0.87744140625,848,654,107,67
155,264,car,0.55810546875,484,629,64,39
155,182,car,0.31396484375,186,626,55,32
155,213,truck,0.6259765625,1054,613,198,64
155,310,car,0.34521484375,106,622,42,32
155,311,car,0.7265625,637,647,58,43
155,315,car,0.56005859375,1357,636,105,34
155,318,truck,0.53125,1819,643,178,56
155,282,car,0.27197265625,891,627,49,21
155,324,truck,0.466796875,1034,668,179,99
155,326,truck,0.5078125,317,621,69,59
155,299,car,0.63330078125,1446,645,102,22
155,142,car,0.357666015625,423,626,65,43
156,16,car,0.81640625,741,662,152,88
156,19,truck,0.88330078125,718,593,239,98
156,22,truck,0.78662109375,1047,668,181,101
156,93,car,0.7841796875,571,646,89,55
156,98,person,0.8681640625,587,953,133,247
156,18,car,0.82080078125,399,648,77,47
156,94,car,0.455078125,339,638,67,50
156,204,car,0.2337646484375,241,619,40,22
156,119,truck,0.90966796875,1729,698,329,137
156,223,car,0.8642578125,855,654,108,66
156,264,car,0.57373046875,487,629,66,39
156,182,car,0.2186279296875,187,622,56,32
156,213,truck,0.294189453125,1043,611,197,61
156,310,car,0.445556640625,109,624,43,31
156,311,car,0.7138671875,643,647,59,43
156,315,car,0.71044921875,1340,636,98,34
156,282,car,0.2294921875,885,627,46,21
156,326,truck,0.52734375,321,619,65,61
156,299,car,0.69775390625,1423,645,100,21
156,142,car,0.282958984375,425,625,67,44
157,16,car,0.822265625,749,662,153,89
157,19,truck,0.86962890625,724,593,241,99
157,22,car,0.67041015625,1057,670,184,101
157,93,car,0.77880859375,576,646,91,55
157,98,person,0.88818359375,586,954,131,245
157,18,car,0.83984375,403,648,77,47
157,94,car,0.5869140625,342,638,66,50
157,204,car,0.3310546875,242,618,40,22
157,119,truck,0.87646484375,1753,698,331,142
157,223,car,0.84912109375,862,655,111,67
157,264,car,0.69091796875,490,629,66,40
157,213,truck,0.2451171875,1033,611,197,59
157,310,car,0.363037109375,110,624,43,31
157,311,car,0.689453125,649,647,61,43
157,315,car,0.7705078125,1325,635,91,34
157,282,car,0.1104736328125,879,627,53,20
157,326,truck,0.49609375,324,619,64,59
157,299,car,0.658203125,1409,644,97,21
157,142,car,0.341552734375,427,625,68,46
158,16,car,0.8681640625,756,663,155,88
158,19,truck,0.87158203125,728,593,243,100
158,22,car,0.7373046875,1069,671,187,100
158,93,car,0.8154296875,581,647,92,55
158,98,person,0.865234375,584,955,131,244
158,18,car,0.8291015625,406,648,77,47
158,94,car,0.43017578125,345,638,65,49
158,204,car,0.2213134765625,243,618,38,23
158,119,truck,0.88330078125,1765,699,309,143
158,223,car,0.873046875,869,655,111,69
158,264,car,0.6298828125,493,629,66,40
158,213,truck,0.484375,1023,610,193,57
158,310,car,0.4111328125,111,624,42,30
158,311,car,0.72314453125,655,647,62,42
158,315,car,0.71533203125,1311,635,87,34
158,326,truck,0.4091796875,327,625,65,66
158,299,car,0.5234375,1388,644,88,20
158,142,car,0.3720703125,431,625,66,45
158,333,truck,0.458984375,1068,671,185,99
158,334,car,0.48046875,1685,638,130,43
159,16,car,0.86083984375,764,663,157,89
159,19,truck,0.89306640625,733,593,246,101
159,22,car,0.7646484375,1080,672,190,101
159,93,car,0.82080078125,586,647,94,56
159,98,person,0.8671875,583,955,128,243
159,18,car,0.81298828125,409,649,78,47
159,94,car,0.65478515625,347,638,65,50
159,204,car,0.355712890625,245,617,40,23
159,119,truck,0.91357421875,1776,701,287,141
159,223,car,0.873046875,877,655,109,70
159,264,car,0.5830078125,496,629,65,41
159,213,truck,0.307373046875,1013,610,193,55
159,310,car,0.4091796875,111,624,43,31
159,311,car,0.751953125,660,647,63,44
159,315,car,0.72802734375,1298,634,86,33
159,326,truck,0.5849609375,329,624,64,63
159,299,car,0.55078125,1365,643,89,21
159,142,car,0.373779296875,435,626,65,46
159,333,truck,0.451416015625,1077,672,189,101
159,334,car,0.5947265625,1667,638,136,43
160,16,car,0.7744140625,771,663,158,92
160,19,truck,0.87890625,739,592,249,100
160,22,car,0.69091796875,1091,672,192,103
160,93,car,0.8115234375,592,647,93,55
160,98,person,0.85009765625,582,956,129,243
160,18,car,0.81982421875,411,649,78,47
160,94,car,0.5830078125,350,638,66,51
160,204,car,0.33447265625,246,617,39,24
160,119,truck,0.91259765625,1787,703,264,144
160,223,car,0.85595703125,883,656,110,69
160,264,car,0.611328125,500,629,65,41
160,213,truck,0.322509765625,1004,610,190,55
160,310,car,0.361083984375,113,625,44,30
160,311,car,0.7744140625,666,649,65,44
160,315,car,0.65673828125,1286,634,84,33
160,326,truck,0.59814453125,331,624,66,63
160,299,car,0.422607421875,1346,643,85,21
160,142,car,0.329345703125,439,628,62,41
160,333,truck,0.53125,1089,672,191,103
160,334,truck,0.33984375,1661,639,170,47
161,16,car,0.82080078125,779,663,160,92
161,19,truck,0.8818359375,745,591,250,99
161,22,truck,0.8388671875,1103,673,193,103
161,93,car,0.80810546875,596,648,94,56
161,98,person,0.841796875,579,956,130,243
161,18,car,0.82666015625,415,649,78,48
161,94,car,0.7138671875,352,639,68,52
161,204,car,0.2861328125,247,617,40,26
161,119,truck,0.9111328125,1798,705,243,146
161,223,car,0.88232421875,891,656,111,69
161,264,car,0.67578125,502,630,64,42
161,310,car,0.352294921875,113,625,43,32
161,311,car,0.79833984375,672,649,66,46
161,315,car,0.662109375,1274,633,83,31
161,326,truck,0.529296875,333,624,65,62
161,299,car,0.57763671875,1328,642,83,21
161,142,car,0.352294921875,441,627,64,44
161,334,truck,0.796875,1647,639,189,47
161,279,car,0.32421875,977,625,92,29
162,16,car,0.87890625,787,664,162,92
162,19,truck,0.8740234375,750,592,254,99
162,22,truck,0.80419921875,1114,674,196,105
162,93,car,0.7705078125,602,648,95,57
162,98,person,0.85009765625,577,956,129,243
162,18,car,0.8154296875,418,649,77,48
162,94,car,0.69287109375,355,639,68,51
162,204,car,0.392333984375,248,617,40,26
162,119,truck,0.8984375,1810,704,218,142
162,223,car,0.86962890625,900,657,109,70
162,264,car,0.67236328125,505,630,64,42
162,310,car,0.282958984375,115,624,42,33
162,311,car,0.7958984375,678,649,67,45
162,315,car,0.65673828125,1261,632,82,31
162,326,truck,0.537109375,335,625,66,62
162,299,car,0.615234375,1311,642,81,20
162,142,car,0.33642578125,444,627,65,45
162,334,truck,0.5234375,1628,639,194,48
163,16,car,0.83642578125,795,665,164,94
163,19,truck,0.8896484375,755,591,255,99
163,22,truck,0.67919921875,1127,675,198,106
163,93,car,0.830078125,607,647,97,59
163,98,person,0.8427734375,578,956,125,244
163,18,car,0.81982421875,422,650,78,48
163,94,car,0.478515625,360,639,69,50
163,204,car,0.37744140625,249,617,39,27
163,119,truck,0.8955078125,1823,703,193,138
163,223,car,0.8671875,907,657,110,70
163,264,car,0.6494140625,509,630,63,42
163,310,car,0.341552734375,118,624,43,31
163,311,car,0.78662109375,684,648,68,44
163,315,car,0.5947265625,1250,632,80,31
163,326,truck,0.6943359375,337,626,66,64
163,299,car,0.509765625,1291,641,81,20
163,142,car,0.422607421875,449,628,64,45
163,334,truck,0.73583984375,1607,638,193,48
163,340,car,0.55078125,1125,675,197,106
164,16,car,0.8427734375,803,665,165,94
164,19,truck,0.88232421875,761,590,257,98
164,22,truck,0.84814453125,1139,676,201,107
164,93,car,0.82666015625,613,647,97,60
164,98,person,0.8447265625,578,955,123,245
164,18,car,0.8232421875,425,650,79,48
164,94,car,0.541015625,363,639,68,50
164,204,car,0.373779296875,250,617,40,26
164,119,truck,0.8857421875,1834,703,171,137
164,223,car,0.875,915,658,112,70
164,264,car,0.62060546875,512,630,63,42
164,310,car,0.34521484375,120,624,44,30
164,311,car,0.81884765625,690,648,70,44
164,315,car,0.4091796875,1241,633,75,33
164,326,truck,0.70751953125,340,626,67,64
164,299,car,0.418701171875,1274,641,80,20
164,142,car,0.4072265625,455,631,60,39
164,334,truck,0.55078125,1584,638,190,49
165,16,car,0.59814453125,811,666,167,94
165,19,truck,0.8740234375,767,591,261,99
165,22,truck,0.8759765625,1151,677,204,107
165,93,car,0.82666015625,618,648,99,59
165,98,person,0.8662109375,578,954,122,247
165,18,car,0.81982421875,428,650,79,49
165,94,car,0.61865234375,366,639,67,51
165,204,car,0.312255859375,252,617,39,27
165,119,truck,0.8291015625,1851,705,136,138
165,223,car,0.8759765625,923,658,111,71
165,264,car,0.60595703125,515,630,64,43
165,310,car,0.401611328125,121,624,43,30
165,311,car,0.79052734375,697,648,72,43
165,315,car,0.435791015625,1231,634,72,36
165,326,truck,0.69091796875,343,625,67,63
165,299,car,0.385009765625,1258,641,74,20
165,142,car,0.35400390625,458,631,60,38
165,334,truck,0.62255859375,1562,637,186,48
166,16,car,0.7265625,820,667,169,95
166,19,truck,0.87255859375,772,590,263,97
166,22,truck,0.845703125,1164,678,206,107
166,93,car,0.8291015625,624,649,100,58
166,98,person,0.8671875,577,953,120,248
166,18,car,0.80908203125,432,650,80,48
166,94,car,0.443603515625,372,639,73,53
166,204,car,0.315673828125,254,618,41,25
166,119,truck,0.76220703125,1867,715,104,122
166,223,car,0.87255859375,931,659,111,72
166,264,car,0.5869140625,518,630,65,42
166,310,car,0.42822265625,122,624,43,30
166,311,car,0.740234375,703,649,72,45
166,315,car,0.23095703125,1233,634,77,37
166,326,truck,0.70556640625,346,625,69,62
166,142,car,0.329345703125,460,629,62,41
166,334,car,0.385009765625,1523,637,149,47
167,16,car,0.77197265625,829,667,172,96
167,19,truck,0.85791015625,777,591,264,101
167,22,truck,0.8017578125,1177,679,209,109
167,93,car,0.8291015625,629,650,100,59
167,98,person,0.865234375,575,952,121,250
167,18,car,0.82080078125,435,650,81,49
167,94,car,0.533203125,374,640,73,53
167,204,car,0.3486328125,255,618,39,23
167,119,truck,0.77734375,1883,720,73,117
167,223,car,0.875,939,659,112,73
167,264,car,0.662109375,520,630,66,42
167,310,car,0.385009765625,124,623,43,32
167,311,car,0.6318359375,711,650,71,46
167,315,car,0.1744384765625,1225,633,75,36
167,326,truck,0.70751953125,348,624,69,62
167,142,car,0.20947265625,459,626,61,43
167,334,car,0.4111328125,1496,636,128,45
168,16,car,0.80078125,838,667,173,97
168,19,truck,0.8798828125,782,592,269,102
168,22,truck,0.78662109375,1190,680,212,110
168,93,car,0.85693359375,635,649,101,60
168,98,person,0.8740234375,572,951,122,251
168,18,car,0.8154296875,437,650,82,49
168,94,car,0.548828125,375,640,74,53
168,204,car,0.350341796875,256,618,39,22
168,223,car,0.880859375,947,659,110,73
168,264,car,0.60400390625,523,630,65,43
168,310,car,0.37939453125,124,623,43,32
168,311,car,0.76220703125,716,651,74,46
168,326,truck,0.732421875,350,624,68,61
168,142,car,0.28466796875,464,628,61,41
168,334,car,0.470703125,1493,636,159,46
168,356,car,0.62255859375,1842,653,130,34
168,358,car,0.34326171875,218,631,45,31
168,359,sports ball,0.56591796875,516,953,25,22
169,16,car,0.7294921875,847,668,176,97
169,19,truck,0.88330078125,789,591,273,102
169,22,truck,0.85107421875,1203,681,215,112
169,93,car,0.85693359375,640,650,101,60
169,98,person,0.8681640625,570,950,118,252
169,18,car,0.82421875,440,651,82,50
169,94,car,0.498046875,378,641,74,52
169,204,car,0.27978515625,257,619,40,22
169,223,car,0.8896484375,955,660,111,74
169,264,car,0.60595703125,526,630,65,43
169,310,car,0.3173828125,126,622,46,33
169,311,car,0.7919921875,723,651,78,46
169,326,truck,0.7373046875,353,624,68,62
169,142,car,0.3310546875,466,627,61,45
169,334,truck,0.658203125,1479,637,165,46
169,356,car,0.6826171875,1819,653,131,34
169,358,car,0.282958984375,218,632,48,30
169,359,sports ball,0.56591796875,516,953,24,22
169,119,car,0.71533203125,1893,712,52,84
170,16,car,0.72802734375,857,668,179,98
170,19,truck,0.87255859375,793,591,276,103
170,22,car,0.7216796875,1216,681,218,114
170,93,car,0.83740234375,646,651,102,60
170,98,person,0.845703125,569,949,116,254
170,18,car,0.83984375,443,651,85,50
170,94,car,0.45703125,382,641,74,51
170,204,car,0.30908203125,260,619,40,23
170,223,car,0.87841796875,964,660,112,75
170,264,car,0.60595703125,532,630,62,43
170,310,car,0.26123046875,128,622,46,32
170,311,car,0.796875,729,651,81,46
170,326,truck,0.658203125,355,624,69,63
170,142,car,0.381103515625,471,628,65,45
170,334,truck,0.67724609375,1462,636,166,44
170,356,car,0.74755859375,1796,652,132,32
170,358,car,0.45703125,220,631,49,31
170,359,sports ball,0.420654296875,516,953,25,21
170,119,car,0.67236328125,1904,713,31,65
171,16,car,0.65673828125,866,669,180,98
171,19,truck,0.88427734375,799,591,275,103
171,22,truck,0.607421875,1231,682,221,113
171,93,car,0.83447265625,651,651,103,60
171,98,person,0.85302734375,569,949,114,255
171,18,car,0.841796875,447,651,84,51
171,94,car,0.607421875,386,641,74,52
171,204,car,0.2705078125,261,620,38,23
171,223,car,0.873046875,972,661,113,76
171,264,car,0.60595703125,536,630,63,43
171,310,car,0.359375,129,622,48,34
171,311,car,0.80078125,736,652,82,46
171,326,truck,0.74609375,358,625,69,64
171,142,car,0.43408203125,475,631,68,42
171,334,truck,0.63330078125,1444,635,163,43
171,356,car,0.7578125,1771,651,129,32
171,358,car,0.525390625,224,632,46,32
171,359,sports ball,0.2421875,517,954,25,22
171,363,car,0.5,1230,682,221,114
172,16,car,0.70751953125,875,670,183,100
172,19,truck,0.87890625,806,591,280,103
172,22,truck,0.658203125,1245,683,226,114
172,93,car,0.8408203125,658,652,103,61
172,98,person,0.841796875,569,950,111,255
172,18,car,0.82763671875,450,652,87,51
172,94,car,0.638671875,388,641,72,51
172,204,car,0.19189453125,263,620,38,22
172,223,car,0.8623046875,980,661,114,76
172,264,car,0.5869140625,539,630,65,42
172,310,car,0.154052734375,129,621,47,34
172,311,car,0.79296875,744,653,86,48
172,326,truck,0.73583984375,360,625,69,64
172,142,car,0.482421875,485,633,56,38
172,334,car,0.267333984375,1426,635,157,42
172,356,car,0.74462890625,1748,650,129,32
172,358,car,0.449462890625,225,632,50,31
172,359,sports ball,0.107421875,518,955,26,23
172,363,car,0.455078125,1242,682,226,114
172,365,truck,0.46875,874,670,183,99
173,16,car,0.74462890625,884,670,183,100
173,19,truck,0.900390625,813,592,284,105
173,22,truck,0.7607421875,1259,684,230,115
173,93,car,0.85205078125,663,652,105,61
173,98,person,0.8232421875,568,950,111,254
173,18,car,0.82763671875,454,652,87,50
173,94,car,0.60595703125,389,642,71,52
173,204,car,0.33447265625,264,620,41,24
173,223,car,0.873046875,990,662,112,76
173,264,car,0.6533203125,543,630,65,42
173,310,car,0.216064453125,131,621,46,36
173,311,car,0.7880859375,752,653,86,48
173,326,truck,0.72314453125,363,625,70,64
173,142,car,0.4130859375,482,630,69,43
173,334,car,0.505859375,1400,634,116,41
173,356,car,0.7646484375,1726,649,126,32
173,358,car,0.56201171875,227,633,53,32
173,359,sports ball,0.332763671875,517,955,26,22
173,363,car,0.60400390625,1257,684,230,115
173,365,truck,0.4072265625,882,670,183,100
174,16,car,0.740234375,894,671,185,101
174,19,truck,0.90185546875,819,592,285,106
174,22,truck,0.81884765625,1273,685,233,116
174,93,car,0.8447265625,670,652,107,62
174,98,person,0.8408203125,567,950,110,255
174,18,car,0.81982421875,457,652,86,50
174,94,car,0.658203125,394,642,72,52
174,204,car,0.276611328125,264,620,40,25
174,223,car,0.85986328125,999,662,111,77
174,264,car,0.56396484375,546,631,66,43
174,310,car,0.373779296875,131,621,47,37
174,311,car,0.7490234375,759,653,87,48
174,326,truck,0.7607421875,366,625,70,64
174,142,car,0.341552734375,483,628,70,46
174,334,truck,0.43408203125,1398,634,129,42
174,356,car,0.77734375,1702,649,121,32
174,358,car,0.5390625,230,633,51,31
174,359,sports ball,0.451416015625,516,954,25,21
174,365,truck,0.62255859375,892,671,186,101
175,16,car,0.56201171875,904,671,188,102
175,19,truck,0.8984375,824,593,287,109
175,22,truck,0.8115234375,1288,686,236,118
175,93,car,0.86328125,675,653,107,63
175,98,person,0.85302734375,565,951,112,254
175,18,car,0.822265625,461,653,86,51
175,94,car,0.65673828125,396,642,72,52
175,204,car,0.2379150390625,266,620,39,25
175,223,car,0.8642578125,1008,663,110,77
175,264,car,0.418701171875,550,631,66,44
175,310,car,0.34521484375,132,622,49,37
175,311,car,0.8154296875,767,653,89,48
175,326,truck,0.7734375,368,625,71,65
175,142,car,0.236572265625,484,628,75,47
175,334,truck,0.236572265625,1387,634,129,41
175,356,car,0.80419921875,1681,648,117,32
175,358,car,0.310791015625,232,633,48,30
175,359,sports ball,0.381103515625,514,954,26,22
175,365,truck,0.63330078125,903,671,188,101
176,16,truck,0.7490234375,914,672,189,103
176,19,truck,0.8818359375,829,593,288,109
176,22,truck,0.8310546875,1303,687,241,119
176,93,car,0.84814453125,681,653,107,64
176,98,person,0.80322265625,564,952,109,252
176,18,car,0.81884765625,464,653,86,51
176,94,car,0.71533203125,399,642,72,53
176,204,car,0.1895751953125,268,620,35,24
176,223,car,0.8408203125,1019,664,106,78
176,264,car,0.57958984375,555,631,64,43
176,310,car,0.33642578125,134,622,46,37
176,311,car,0.57763671875,773,654,93,48
176,326,truck,0.767578125,370,625,72,65
176,142,truck,0.26123046875,488,628,82,49
176,334,truck,0.381103515625,1369,634,128,42
176,356,car,0.78125,1661,648,116,31
176,358,car,0.319091796875,234,633,48,31
176,359,sports ball,0.2108154296875,512,954,25,21
177,16,car,0.6826171875,925,673,191,104
177,19,truck,0.87841796875,836,594,290,112
177,22,truck,0.8427734375,1318,688,245,122
177,93,car,0.84716796875,688,653,108,65
177,98,person,0.81298828125,562,952,111,251
177,18,car,0.82763671875,467,654,85,51
177,94,car,0.6513671875,404,643,75,52
177,204,car,0.2281494140625,269,620,34,24
177,223,car,0.85400390625,1027,664,107,78
177,264,car,0.615234375,558,632,66,44
177,310,car,0.375732421875,135,623,46,37
177,311,car,0.82421875,780,655,95,49
177,326,truck,0.78271484375,373,625,72,65
177,142,truck,0.27197265625,491,627,79,49
177,356,car,0.75634765625,1641,647,116,30
177,358,car,0.439697265625,237,633,48,31
177,374,car,0.515625,1317,688,244,121
177,375,car,0.346923828125,198,623,43,25
177,315,car,0.51171875,1113,630,89,30
178,16,car,0.65478515625,935,673,194,104
178,19,truck,0.87890625,841,595,293,114
178,22,truck,0.8681640625,1334,689,248,124
178,93,car,0.845703125,694,654,108,64
178,98,person,0.78662109375,556,953,117,249
178,18,car,0.83984375,471,654,85,52
178,94,car,0.53125,409,643,78,53
178,204,car,0.23095703125,270,618,36,26
178,223,car,0.84716796875,1038,665,105,78
178,264,car,0.67041015625,560,632,68,44
178,310,car,0.352294921875,136,624,48,37
178,311,car,0.806640625,787,655,97,49
178,326,truck,0.75048828125,376,625,74,65
178,142,car,0.357666015625,496,630,73,46
178,356,car,0.75634765625,1621,647,116,31
178,358,car,0.315673828125,240,634,49,31
178,375,car,0.392333984375,200,622,40,26
178,376,truck,0.4609375,933,673,194,104
178,315,car,0.4111328125,1104,629,86,29
179,16,car,0.59619140625,946,674,196,106
179,19,truck,0.8662109375,847,601,295,127
179,22,truck,0.80419921875,1351,690,253,125
179,93,car,0.85009765625,700,654,108,65
179,98,person,0.822265625,545,953,133,249
179,18,car,0.83642578125,475,654,87,52
179,94,car,0.5830078125,413,643,78,53
179,204,car,0.275146484375,271,618,35,26
179,223,car,0.82666015625,1047,665,107,79
179,264,car,0.33984375,566,632,64,44
179,310,car,0.390380859375,138,624,49,38
179,311,car,0.81884765625,793,655,97,50
179,326,truck,0.77197265625,379,626,75,65
179,142,truck,0.4130859375,500,629,76,50
179,356,car,0.7919921875,1602,646,112,31
179,358,car,0.5,240,634,51,33
179,375,car,0.361083984375,202,622,40,27
179,376,truck,0.537109375,944,674,197,105
179,315,car,0.182373046875,1100,629,77,29
180,16,car,0.67236328125,957,675,200,106
180,19,truck,0.87890625,854,603,297,132
180,22,truck,0.60205078125,1366,691,258,125
180,93,car,0.86865234375,707,654,110,65
180,98,person,0.5546875,550,953,116,249
180,18,car,0.82080078125,479,654,88,52
180,94,car,0.533203125,414,643,73,54
180,204,car,0.1470947265625,273,619,34,24
180,223,car,0.8408203125,1057,666,105,78
180,264,car,0.537109375,576,633,52,44
180,310,car,0.33447265625,140,626,47,36
180,311,car,0.80078125,799,655,97,50
180,326,truck,0.7958984375,382,626,74,66
180,142,truck,0.52734375,501,628,77,51
180,356,car,0.77978515625,1583,646,110,30
180,358,car,0.449462890625,241,635,54,35
180,375,car,0.3720703125,203,623,39,28
180,376,truck,0.43408203125,955,675,200,106
180,315,truck,0.2451171875,1093,623,71,41
181,16,car,0.67236328125,968,675,203,106
181,19,truck,0.8310546875,860,603,300,134
181,22,truck,0.8623046875,1383,692,261,126
181,93,car,0.84814453125,714,655,111,66
181,98,person,0.6669921875,548,953,111,248
181,18,car,0.8388671875,483,654,88,52
181,94,car,0.56201171875,418,643,77,54
181,204,car,0.1268310546875,275,619,35,25
181,223,car,0.830078125,1067,666,103,80
181,264,car,0.482421875,578,633,54,45
181,310,car,0.359375,140,625,50,39
181,311,car,0.78125,807,656,98,49
181,326,truck,0.77587890625,385,626,74,67
181,142,truck,0.546875,504,628,77,52
181,356,car,0.751953125,1565,645,107,30
181,358,car,0.533203125,244,635,54,34
181,375,car,0.363037109375,204,623,39,29
181,376,truck,0.437744140625,967,675,203,106
181,315,truck,0.1981201171875,1082,625,65,35
181,334,car,0.64794921875,1266,632,98,39
182,16,car,0.75048828125,978,676,204,107
182,19,truck,0.87841796875,866,604,303,137
182,22,truck,0.85693359375,1399,694,264,127
182,93,car,0.86083984375,720,655,112,67
182,98,person,0.69921875,535,953,132,249
182,18,car,0.8291015625,486,655,88,53
182,94,car,0.5927734375,422,643,78,54
182,204,car,0.1500244140625,277,619,34,24
182,223,car,0.79833984375,1076,667,103,80
182,264,car,0.49609375,582,633,54,45
182,310,car,0.439697265625,142,624,48,40
182,311,car,0.7705078125,813,656,99,50
182,326,truck,0.76220703125,388,626,78,67
182,142,car,0.43212890625,508,628,74,53
182,356,car,0.740234375,1547,645,105,30
182,358,car,0.420654296875,247,635,54,34
182,375,car,0.3310546875,206,624,40,29
182,315,truck,0.1451416015625,1071,621,63,39
182,334,car,0.57373046875,1255,632,107,38
183,16,car,0.73876953125,990,677,208,109
183,19,truck,0.8916015625,873,605,306,140
183,22,truck,0.87744140625,1417,695,269,129
183,93,car,0.875,727,656,113,66
183,98,person,0.67724609375,542,951,112,253
183,18,car,0.83984375,490,655,89,53
183,94,car,0.638671875,425,644,78,55
183,204,car,0.1302490234375,280,619,34,23
183,223,car,0.751953125,1086,668,102,80
183,264,car,0.69580078125,585,633,58,46
183,310,car,0.375732421875,144,625,49,40
183,311,car,0.7744140625,820,657,96,50
183,326,truck,0.77587890625,391,626,77,67
183,142,car,0.416748046875,512,628,73,53
183,356,car,0.7578125,1534,645,96,30
183,358,car,0.38671875,250,635,52,34
183,375,car,0.289306640625,208,624,42,31
183,334,truck,0.5869140625,1249,631,123,38
183,390,car,0.403564453125,692,635,55,41
184,16,truck,0.541015625,1002,677,210,109
184,19,truck,0.888671875,880,607,310,142
184,22,truck,0.8798828125,1434,697,273,132
184,93,car,0.875,733,657,115,67
184,98,person,0.673828125,537,951,113,254
184,18,car,0.82568359375,495,656,91,53
184,94,car,0.66552734375,430,644,81,56
184,223,car,0.7880859375,1094,668,107,82
184,264,car,0.6279296875,587,633,61,45
184,310,car,0.315673828125,145,624,48,39
184,311,car,0.82666015625,828,657,99,51
184,326,truck,0.810546875,393,627,76,68
184,142,car,0.394287109375,515,629,74,54
184,356,car,0.61669921875,1524,644,78,31
184,358,car,0.394287109375,253,634,51,35
184,375,car,0.325927734375,209,624,41,31
184,334,car,0.4072265625,1237,630,127,38
184,390,car,0.39599609375,696,635,57,41
185,16,car,0.59619140625,1013,679,211,109
185,19,truck,0.8984375,885,607,315,143
185,22,truck,0.865234375,1452,697,279,133
185,93,car,0.85986328125,740,658,116,66
185,98,person,0.81396484375,533,949,118,258
185,18,car,0.82666015625,499,656,90,54
185,94,car,0.73095703125,432,645,79,55
185,223,car,0.80908203125,1105,668,106,82
185,264,car,0.6298828125,588,633,67,46
185,310,car,0.513671875,147,624,50,40
185,311,car,0.80810546875,835,657,101,51
185,326,truck,0.732421875,395,627,75,68
185,142,car,0.329345703125,518,628,71,52
185,356,car,0.1329345703125,1513,645,70,32
185,358,car,0.447509765625,254,634,53,35
185,375,car,0.388671875,210,622,42,29
185,334,truck,0.38671875,1224,630,127,38
185,390,car,0.373779296875,698,637,53,42
185,393,truck,0.5078125,1012,679,210,108
186,16,car,0.74462890625,1025,680,215,109
186,19,truck,0.9013671875,890,608,320,146
186,22,truck,0.896484375,1471,697,285,135
186,93,car,0.87744140625,746,658,117,66
186,98,person,0.80419921875,531,947,118,262
186,18,car,0.83984375,502,656,89,54
186,94,car,0.732421875,437,645,80,55
186,223,car,0.82080078125,1113,669,108,84
186,264,car,0.70556640625,591,633,70,46
186,310,car,0.341552734375,148,626,48,35
186,311,car,0.810546875,842,658,102,52
186,326,truck,0.69091796875,400,627,80,68
186,142,car,0.325927734375,518,627,71,50
186,358,car,0.39599609375,255,635,54,36
186,375,car,0.32763671875,211,622,41,29
186,334,truck,0.6298828125,1211,629,128,39
186,390,car,0.57568359375,704,637,58,43
187,16,car,0.8232421875,1038,680,218,110
187,19,truck,0.896484375,898,608,321,146
187,22,truck,0.8896484375,1490,698,290,138
187,93,car,0.8857421875,753,659,117,67
187,98,person,0.69287109375,531,946,115,263
187,18,car,0.8310546875,504,656,89,54
187,94,car,0.72802734375,439,645,78,56
187,223,car,0.7880859375,1126,670,105,84
187,264,car,0.73876953125,594,633,71,47
187,310,car,0.34521484375,150,626,50,35
187,311,car,0.83203125,848,658,102,52
187,326,truck,0.74462890625,403,627,80,68
187,142,car,0.445556640625,523,628,69,53
187,358,car,0.418701171875,258,635,55,36
187,375,car,0.34521484375,213,622,42,28
187,334,truck,0.381103515625,1200,629,121,38
187,390,car,0.45703125,708,637,56,43
188,16,car,0.767578125,1050,681,220,111
188,19,truck,0.89697265625,906,607,324,146
188,22,truck,0.8154296875,1509,699,295,141
188,93,car,0.8623046875,761,659,117,67
188,98,person,0.79443359375,526,945,119,265
188,18,car,0.80078125,506,656,86,54
188,94,car,0.77587890625,443,645,80,55
188,223,car,0.77734375,1137,670,103,84
188,264,car,0.73095703125,599,633,70,46
188,310,car,0.34521484375,151,628,48,31
188,311,car,0.81884765625,857,659,105,53
188,326,truck,0.7607421875,407,627,83,69
188,142,car,0.47265625,530,629,72,54
188,358,car,0.449462890625,262,636,52,36
188,375,car,0.39599609375,214,623,41,28
188,334,truck,0.36474609375,1190,629,116,37
188,390,car,0.65478515625,714,636,60,44
189,16,car,0.78271484375,1063,682,223,111
189,19,truck,0.89501953125,915,607,327,148
189,22,truck,0.8818359375,1529,701,299,140
189,93,car,0.884765625,768,660,119,68
189,98,person,0.82666015625,523,945,121,264
189,18,car,0.7734375,510,657,88,54
189,94,car,0.73876953125,447,645,81,56
189,223,car,0.673828125,1150,671,98,85
189,264,car,0.67919921875,602,633,71,46
189,310,car,0.291015625,153,627,49,30
189,311,car,0.8232421875,864,659,106,54
189,326,truck,0.76611328125,409,627,83,70
189,142,car,0.289306640625,533,628,71,52
189,358,car,0.49609375,266,635,50,37
189,375,car,0.451416015625,216,623,42,28
189,334,truck,0.193115234375,1181,630,104,38
189,390,car,0.6513671875,718,636,61,45
189,356,car,0.490234375,1429,642,82,27
190,16,car,0.79833984375,1078,683,230,113
190,19,truck,0.892578125,922,607,331,150
190,22,truck,0.884765625,1549,703,307,141
190,93,car,0.89111328125,775,660,121,69
190,98,person,0.8173828125,521,945,123,264
190,18,car,0.810546875,516,658,90,54
190,94,car,0.74462890625,449,645,80,56
190,223,car,0.64599609375,1160,671,98,84
190,264,car,0.68603515625,606,634,73,47
190,310,car,0.363037109375,156,628,48,28
190,311,car,0.822265625,872,659,106,53
190,326,truck,0.72802734375,413,628,84,71
190,142,car,0.341552734375,533,628,79,53
190,358,car,0.315673828125,267,635,52,36
190,375,car,0.4130859375,217,623,42,29
190,334,car,0.216064453125,1158,629,77,37
190,390,car,0.69580078125,722,637,61,43
190,356,car,0.7265625,1415,641,92,28
191,16,car,0.78515625,1094,683,241,114
191,19,truck,0.88623046875,930,608,334,150
191,22,truck,0.88232421875,1569,705,311,142
191,93,car,0.87841796875,782,660,122,70
191,98,person,0.82421875,518,945,125,263
191,18,car,0.80322265625,520,659,91,54
191,94,car,0.72021484375,453,645,81,57
191,223,car,0.42822265625,1173,672,96,82
191,264,car,0.71533203125,611,634,72,47
191,310,car,0.361083984375,159,628,45,29
191,311,car,0.8232421875,881,660,107,53
191,326,truck,0.76611328125,414,628,83,71
191,142,car,0.368408203125,541,629,78,53
191,358,car,0.5869140625,270,636,51,37
191,375,car,0.383056640625,220,624,42,29
191,334,car,0.21337890625,1155,630,92,39
191,390,car,0.69921875,727,638,62,43
191,356,car,0.80078125,1400,641,95,27
192,16,car,0.544921875,1107,684,243,114
192,19,truck,0.888671875,936,607,339,149
192,22,truck,0.90380859375,1590,706,319,143
192,93,car,0.875,789,661,123,70
192,98,person,0.81884765625,517,946,124,262
192,18,car,0.7890625,525,659,94,54
192,94,car,0.74462890625,456,646,81,58
192,223,car,0.2421875,1184,670,95,80
192,264,car,0.74169921875,615,634,72,48
192,310,car,0.39794921875,158,628,45,28
192,311,car,0.830078125,889,661,108,53
192,326,truck,0.7734375,419,628,86,72
192,142,car,0.390380859375,546,630,76,55
192,358,car,0.45703125,272,637,52,36
192,375,car,0.462890625,221,624,43,29
192,390,car,0.71875,732,638,62,43
192,356,car,0.78271484375,1386,641,96,27
193,16,car,0.716796875,1120,685,246,116
193,19,truck,0.90966796875,943,608,342,151
193,22,truck,0.91650390625,1611,708,324,144
193,93,car,0.89013671875,796,661,124,71
193,98,person,0.81396484375,515,946,123,260
193,18,car,0.806640625,529,660,95,55
193,94,car,0.7138671875,461,646,83,59
193,264,car,0.78271484375,619,634,74,48
193,310,car,0.307373046875,160,627,47,28
193,311,car,0.85107421875,895,662,110,54
193,326,truck,0.80419921875,423,628,89,72
193,142,car,0.39599609375,550,630,77,56
193,358,car,0.609375,275,637,52,36
193,375,car,0.525390625,224,624,43,29
193,390,car,0.767578125,736,638,62,45
193,356,car,0.78271484375,1372,640,95,26
194,16,car,0.78125,1132,686,247,118
194,19,truck,0.89404296875,952,608,348,152
194,22,truck,0.9111328125,1634,710,330,146
194,93,car,0.8896484375,804,662,125,71
194,98,person,0.81982421875,513,946,123,259
194,18,car,0.82666015625,534,660,94,55
194,94,car,0.7265625,464,645,81,60
194,264,car,0.80322265625,623,635,74,48
194,310,car,0.346923828125,161,627,49,29
194,311,car,0.84716796875,904,662,109,55
194,326,truck,0.7744140625,425,628,86,72
194,142,car,0.53125,551,631,88,57
194,358,car,0.439697265625,277,636,54,37
194,375,car,0.541015625,225,624,41,28
194,390,car,0.822265625,740,639,61,45
194,356,car,0.7890625,1357,639,94,27
194,403,car,0.6669921875,1888,654,59,34
195,16,truck,0.767578125,1145,687,246,118
195,19,truck,0.91357421875,960,609,351,156
195,22,truck,0.91357421875,1656,711,337,148
195,93,car,0.88330078125,811,662,126,70
195,98,person,0.8291015625,512,947,124,259
195,18,car,0.82568359375,538,660,95,57
195,94,car,0.6943359375,466,646,79,61
195,264,car,0.77197265625,627,635,74,49
195,310,car,0.31396484375,162,628,50,27
195,311,car,0.8408203125,913,662,110,55
195,326,truck,0.7734375,426,628,84,71
195,142,car,0.43408203125,554,630,89,56
195,358,car,0.401611328125,279,637,54,37
195,375,car,0.4921875,225,624,43,28
195,390,car,0.79931640625,745,639,63,46
195,356,car,0.79052734375,1343,639,92,27
195,403,car,0.67236328125,1881,654,77,35
196,16,car,0.513671875,1158,688,249,119
196,19,truck,0.90966796875,969,609,353,156
196,22,truck,0.91650390625,1680,712,345,149
196,93,car,0.88330078125,818,663,128,71
196,98,person,0.822265625,510,947,128,258
196,18,car,0.82666015625,542,660,95,57
196,94,car,0.7294921875,469,646,78,60
196,264,car,0.796875,631,635,76,49
196,310,car,0.262939453125,162,626,51,29
196,311,car,0.845703125,921,663,109,56
196,326,truck,0.79052734375,429,629,86,71
196,142,car,0.315673828125,558,630,90,54
196,358,car,0.46484375,281,637,54,37
196,375,car,0.470703125,226,624,43,29
196,390,car,0.763671875,750,639,63,46
196,356,car,0.73876953125,1331,639,89,27
196,403,car,0.533203125,1873,655,93,34
197,16,car,0.6513671875,1173,689,252,122
197,19,truck,0.900390625,977,608,355,156
197,22,truck,0.9130859375,1703,713,351,152
197,93,car,0.880859375,827,663,129,72
197,98,person,0.822265625,508,947,130,258
197,18,car,0.82080078125,547,660,97,58
197,94,car,0.732421875,474,647,80,61
197,264,car,0.7744140625,636,635,75,49
197,310,car,0.346923828125,165,627,52,28
197,311,car,0.84814453125,930,663,108,56
197,326,truck,0.78515625,433,629,88,72
197,142,car,0.4921875,565,630,83,55
197,358,car,0.548828125,285,638,53,37
197,375,car,0.517578125,229,624,44,29
197,390,car,0.810546875,755,639,66,46
197,356,car,0.71875,1317,639,88,26
197,403,car,0.267333984375,1863,655,113,35
197,408,truck,0.43212890625,1170,689,249,121
197,409,car,0.401611328125,108,617,47,35
198,16,truck,0.509765625,1187,690,253,123
198,19,truck,0.9091796875,984,609,359,157
198,22,truck,0.9150390625,1728,715,358,153
198,93,car,0.896484375,835,664,131,72
198,98,person,0.82421875,505,946,135,258
198,18,car,0.82421875,551,661,96,59
198,94,car,0.69091796875,478,647,81,60
198,264,car,0.80078125,640,635,76,49
198,310,car,0.325927734375,169,628,48,28
198,311,car,0.84912109375,938,664,110,57
198,326,truck,0.83349609375,436,630,89,73
198,142,car,0.20556640625,571,630,79,53
198,358,car,0.58154296875,288,638,52,37
198,375,car,0.443603515625,230,624,42,29
198,390,car,0.7265625,760,640,66,46
198,356,car,0.638671875,1305,638,84,26
198,403,car,0.5390625,1859,654,114,35
198,408,car,0.48046875,1184,689,253,122
198,409,car,0.299072265625,108,617,46,35
199,16,truck,0.57177734375,1203,690,257,124
199,19,truck,0.9013671875,992,610,362,159
199,22,truck,0.91357421875,1744,716,350,154
199,93,car,0.88330078125,842,665,132,73
199,98,person,0.79833984375,503,938,139,244
199,18,car,0.8115234375,555,661,97,59
199,94,car,0.73876953125,482,647,82,59
199,264,car,0.77197265625,644,635,77,49
199,310,car,0.3486328125,171,628,48,28
199,311,car,0.8408203125,947,664,111,57
199,326,truck,0.8115234375,439,630,89,73
199,142,car,0.375732421875,576,630,78,55
199,358,car,0.60009765625,290,638,53,36
199,375,car,0.52734375,231,625,44,30
199,390,car,0.822265625,766,640,68,46
199,356,car,0.55078125,1296,638,75,27
199,403,car,0.315673828125,1852,655,102,37
199,408,car,0.451416015625,1201,690,257,124
199,409,car,0.303955078125,110,617,45,34
199,412,truck,0.405517578125,718,609,126,45
200,16,car,0.5927734375,1217,691,261,125
200,19,truck,0.9072265625,1000,611,371,161
200,22,truck,0.91357421875,1755,718,328,157
200,93,car,0.8916015625,850,665,132,73
200,98,person,0.79931640625,502,935,137,240
200,18,car,0.83349609375,559,662,98,58
200,94,car,0.79931640625,486,647,82,60
200,264,car,0.80078125,648,635,79,50
200,310,car,0.352294921875,172,629,50,29
200,311,car,0.8427734375,955,665,111,57
200,326,truck,0.83447265625,441,630,86,73
200,142,car,0.375732421875,577,630,78,56
200,358,car,0.7041015625,293,638,54,36
200,375,car,0.1766357421875,233,625,43,30
200,390,car,0.822265625,770,641,69,47
200,356,car,0.401611328125,1288,638,64,28
200,408,truck,0.42431640625,1217,691,262,125
200,409,car,0.322509765625,109,617,43,35
200,412,truck,0.21337890625,714,609,122,44
201,16,truck,0.689453125,1233,692,265,127
201,19,truck,0.90478515625,1008,611,376,163
201,22,truck,0.9140625,1766,719,307,160
201,93,car,0.8916015625,858,666,133,74
201,98,person,0.75927734375,500,935,135,247
201,18,car,0.81884765625,564,662,98,58
201,94,car,0.78662109375,490,648,85,61
201,264,car,0.7890625,654,635,78,51
201,310,car,0.3056640625,174,629,48,29
201,311,car,0.8408203125,964,665,113,58
201,326,truck,0.83642578125,443,630,84,73
201,142,car,0.383056640625,580,630,85,56
201,358,car,0.7041015625,295,638,55,38
201,375,car,0.312255859375,235,625,44,31
201,390,car,0.80322265625,777,641,73,48
201,409,car,0.2568359375,111,617,44,34
201,412,truck,0.11358642578125,708,609,120,45
202,16,car,0.548828125,1249,692,267,128
202,19,truck,0.908203125,1017,611,380,164
202,22,truck,0.9111328125,1777,720,284,164
202,93,car,0.88623046875,866,666,133,76
202,98,person,0.7880859375,499,933,128,246
202,18,car,0.82080078125,568,664,100,58
202,94,car,0.76904296875,492,649,83,61
202,264,car,0.75634765625,657,636,79,52
202,310,car,0.4111328125,177,629,45,29
202,311,car,0.845703125,973,666,117,58
202,326,truck,0.81884765625,446,630,85,73
202,142,car,0.4921875,585,630,84,56
202,358,car,0.69287109375,297,638,55,38
202,375,car,0.37939453125,237,625,46,31
202,390,car,0.80810546875,783,641,75,48
202,409,car,0.338134765625,111,617,45,35
202,412,truck,0.1981201171875,703,609,117,44
203,16,car,0.60205078125,1265,694,272,131
203,19,truck,0.91259765625,1026,611,382,164
203,22,truck,0.89892578125,1790,722,259,167
203,93,car,0.8955078125,874,666,134,76
203,98,person,0.81298828125,498,931,123,247
203,18,car,0.8173828125,573,664,101,59
203,94,car,0.75341796875,496,649,83,61
203,264,car,0.7490234375,662,636,80,53
203,310,car,0.3486328125,180,629,44,29
203,311,car,0.84716796875,981,666,118,59
203,326,truck,0.79443359375,449,630,85,73
203,142,car,0.529296875,590,631,82,57
203,358,car,0.6318359375,299,638,56,38
203,375,car,0.329345703125,238,625,44,32
203,390,car,0.80419921875,787,642,75,48
203,409,car,0.307373046875,111,618,47,35
203,412,truck,0.2322998046875,700,608,111,42
203,413,truck,0.4765625,1264,693,272,130
204,16,truck,0.62255859375,1282,695,275,132
204,19,truck,0.90185546875,1035,611,386,166
204,22,truck,0.8896484375,1802,722,235,163
204,93,car,0.88623046875,883,667,137,76
204,98,person,0.8388671875,498,930,121,247
204,18,car,0.83203125,578,663,102,59
204,94,car,0.76611328125,500,650,84,60
204,264,car,0.7841796875,667,636,80,53
204,310,car,0.3701171875,182,629,46,30
204,311,car,0.83447265625,991,667,118,60
204,326,truck,0.8115234375,454,631,89,73
204,142,car,0.363037109375,594,631,81,58
204,358,car,0.6513671875,303,639,53,38
204,375,car,0.30078125,240,624,47,34
204,390,car,0.83203125,794,642,77,48
204,409,car,0.1800537109375,112,618,46,35
204,412,truck,0.26123046875,692,608,116,41
204,415,car,0.50390625,1743,651,110,31
204,416,car,0.355712890625,355,622,48,28
205,16,truck,0.5078125,1299,696,278,133
205,19,truck,0.916015625,1044,611,390,168
205,22,truck,0.88232421875,1814,721,211,157
205,93,car,0.89501953125,891,668,138,77
205,98,person,0.81298828125,497,929,116,248
205,18,car,0.83203125,582,664,103,60
205,94,car,0.7431640625,504,650,84,60
205,264,car,0.7431640625,669,637,84,52
205,310,car,0.390380859375,185,629,46,30
205,311,car,0.84716796875,1000,668,119,60
205,326,truck,0.8232421875,456,631,89,74
205,142,car,0.470703125,598,631,84,58
205,358,car,0.66015625,304,639,56,39
205,375,car,0.32421875,242,625,47,33
205,390,car,0.77197265625,799,642,79,48
205,409,car,0.1744384765625,113,618,46,35
205,412,truck,0.153076171875,686,607,116,40
205,415,car,0.66357421875,1732,651,117,30
205,416,car,0.33642578125,356,620,48,30
206,16,car,0.708984375,1315,697,285,134
206,19,truck,0.91748046875,1053,612,395,169
206,22,truck,0.89404296875,1826,722,186,155
206,93,car,0.88818359375,900,668,140,78
206,98,person,0.810546875,497,931,116,250
206,18,car,0.82568359375,587,665,102,60
206,94,car,0.74755859375,508,647,84,65
206,264,car,0.80078125,676,637,81,52
206,310,car,0.42822265625,187,629,49,31
206,311,car,0.8427734375,1009,668,120,60
206,326,truck,0.7919921875,459,632,87,74
206,142,car,0.552734375,602,632,81,57
206,358,car,0.5390625,307,639,57,39
206,375,car,0.33447265625,242,625,48,31
206,390,car,0.7734375,805,642,79,48
206,409,car,0.16455078125,113,618,46,34
206,415,car,0.6298828125,1717,650,118,29
206,416,car,0.392333984375,359,621,46,30
207,16,truck,0.57958984375,1334,698,288,136
207,19,truck,0.9189453125,1061,613,401,171
207,22,truck,0.89404296875,1840,722,159,155
207,93,car,0.88232421875,908,669,141,78
207,98,person,0.81640625,497,931,116,252
207,18,car,0.7841796875,592,665,102,60
207,94,car,0.70751953125,510,648,83,65
207,264,car,0.77587890625,681,637,83,52
207,310,car,0.470703125,189,629,50,31
207,311,car,0.83984375,1018,669,122,61
207,326,truck,0.83740234375,462,632,86,76
207,142,car,0.494140625,607,631,80,55
207,358,car,0.67041015625,309,639,57,40
207,375,car,0.46484375,245,625,46,31
207,390,car,0.81396484375,811,643,82,48
207,409,car,0.2705078125,115,620,44,35
207,415,car,0.6826171875,1701,650,115,31
207,416,car,0.373779296875,360,621,48,30
208,16,truck,0.642578125,1350,699,293,136
208,19,truck,0.92236328125,1071,613,407,173
208,22,truck,0.884765625,1853,725,133,152
208,93,car,0.9013671875,918,669,142,78
208,98,person,0.7880859375,493,932,112,252
208,18,car,0.79296875,599,665,98,61
208,94,car,0.6298828125,512,649,80,66
208,264,car,0.7041015625,686,638,81,52
208,310,car,0.338134765625,191,629,48,30
208,311,car,0.86328125,1028,669,121,61
208,326,truck,0.79296875,465,632,88,76
208,142,car,0.2337646484375,614,633,79,51
208,358,car,0.62451171875,310,639,61,40
208,375,car,0.443603515625,248,626,43,29
208,390,car,0.8154296875,816,643,82,48
208,409,car,0.139404296875,114,619,47,36
208,415,car,0.65478515625,1684,650,114,31
208,416,car,0.28466796875,363,622,49,28
209,16,car,0.7373046875,1368,700,297,138
209,19,truck,0.9189453125,1081,613,412,175
209,22,truck,0.83203125,1867,739,104,128
209,93,car,0.884765625,926,670,145,79
209,98,person,0.77880859375,490,936,113,258
209,18,car,0.7919921875,602,665,103,61
209,94,car,0.73583984375,519,650,84,65
209,264,car,0.796875,692,638,81,52
209,310,car,0.329345703125,190,628,55,28
209,311,car,0.841796875,1038,669,122,62
209,326,truck,0.7958984375,470,632,89,76
209,142,car,0.42431640625,617,632,82,54
209,358,car,0.67236328125,312,640,63,41
209,375,car,0.513671875,250,626,44,28
209,390,car,0.822265625,822,643,83,48
209,409,car,0.2147216796875,115,619,46,37
209,415,car,0.73095703125,1669,649,114,30
209,416,car,0.414794921875,366,621,51,31
210,16,truck,0.6875,1387,701,302,139
210,19,truck,0.92236328125,1092,613,419,176
210,22,truck,0.82763671875,1881,746,76,121
210,93,car,0.8896484375,935,671,147,79
210,98,person,0.81396484375,488,937,116,260
210,18,car,0.8388671875,606,666,106,61
210,94,car,0.75634765625,522,650,84,65
210,264,car,0.80078125,697,638,81,53
210,310,car,0.264404296875,192,628,54,30
210,311,car,0.85498046875,1048,670,124,62
210,326,truck,0.830078125,473,632,89,76
210,142,car,0.474609375,621,633,85,56
210,358,car,0.6298828125,314,640,65,41
210,375,car,0.458984375,252,627,44,29
210,390,car,0.8115234375,827,643,84,48
210,409,car,0.169921875,114,620,52,38
210,415,car,0.74755859375,1654,648,112,29
210,416,car,0.513671875,367,620,51,33
211,16,car,0.75927734375,1406,702,308,141
211,19,truck,0.923828125,1101,614,423,178
211,22,truck,0.385009765625,1895,744,46,107
211,93,car,0.896484375,944,671,147,79
211,98,person,0.83544921875,486,938,115,262
211,18,car,0.81884765625,610,666,108,62
211,94,car,0.69921875,526,650,83,65
211,264,car,0.7490234375,703,639,81,53
211,310,car,0.310791015625,197,627,50,29
211,311,car,0.845703125,1058,671,125,63
211,326,truck,0.82568359375,477,632,89,77
211,142,car,0.312255859375,622,634,96,56
211,358,car,0.62451171875,317,640,65,42
211,375,car,0.392333984375,254,627,41,29
211,390,car,0.8427734375,833,643,86,49
211,409,car,0.169921875,116,619,49,37
211,415,car,0.732421875,1638,648,111,29
211,416,car,0.482421875,369,620,49,33
212,16,car,0.76904296875,1425,704,312,141
212,19,truck,0.92626953125,1110,614,428,180
212,22,car,0.548828125,1910,734,15,81
212,93,car,0.8896484375,953,671,149,80
212,98,person,0.82421875,482,937,114,260
212,18,car,0.82666015625,615,667,109,61
212,94,car,0.70556640625,529,650,81,66
212,264,car,0.7373046875,706,639,84,52
212,310,car,0.439697265625,199,627,53,29
212,311,car,0.8388671875,1068,671,126,63
212,326,truck,0.81298828125,481,632,90,77
212,142,car,0.1490478515625,628,633,91,54
212,358,car,0.6806640625,320,640,65,41
212,375,car,0.437744140625,256,627,42,29
212,390,car,0.83984375,839,644,87,50
212,409,car,0.1859130859375,117,619,49,37
212,415,car,0.68408203125,1623,647,113,29
212,416,car,0.482421875,369,620,51,34
213,16,car,0.71875,1445,704,318,144
213,19,truck,0.92431640625,1120,614,432,181
213,93,car,0.8974609375,962,672,150,81
213,98,person,0.82763671875,477,937,115,258
213,18,car,0.80810546875,619,667,110,61
213,94,car,0.62451171875,532,651,79,65
213,264,car,0.79443359375,711,639,84,53
213,310,car,0.3310546875,201,626,51,27
213,311,car,0.85498046875,1078,672,128,63
213,326,truck,0.82080078125,484,632,91,77
213,142,car,0.2568359375,628,633,101,56
213,358,car,0.673828125,322,640,65,41
213,375,car,0.447509765625,258,627,42,29
213,390,car,0.83203125,845,644,89,51
213,409,car,0.203125,119,619,47,37
213,415,car,0.72802734375,1610,647,109,29
213,416,car,0.4765625,370,620,53,33
214,16,car,0.822265625,1465,705,323,147
214,19,truck,0.927734375,1130,614,438,183
214,93,car,0.8896484375,971,673,152,82
214,98,person,0.80810546875,470,935,111,258
214,18,car,0.8115234375,626,668,111,61
214,94,car,0.329345703125,528,651,67,65
214,264,car,0.8017578125,717,639,84,53
214,310,car,0.3173828125,203,626,55,28
214,311,car,0.84814453125,1087,672,131,64
214,326,truck,0.80908203125,488,632,92,79
214,142,car,0.19189453125,633,633,101,57
214,358,car,0.6669921875,325,640,66,41
214,375,car,0.38671875,262,628,39,28
214,390,car,0.84912109375,850,644,90,52
214,409,car,0.248046875,121,620,47,37
214,415,car,0.69775390625,1598,647,102,29
214,416,car,0.4609375,370,620,54,34
215,16,car,0.8857421875,1484,707,329,149
215,19,truck,0.92919921875,1141,614,444,184
215,93,car,0.90283203125,980,673,153,83
215,98,person,0.810546875,466,930,108,254
215,18,car,0.8388671875,631,668,111,62
215,94,car,0.18359375,545,651,89,68
215,264,car,0.7890625,722,639,86,53
215,310,car,0.2568359375,204,626,53,27
215,311,car,0.85986328125,1097,673,134,65
215,326,truck,0.79052734375,492,633,93,79
215,142,car,0.319091796875,642,634,91,55
215,358,car,0.69091796875,328,640,66,43
215,375,car,0.39599609375,262,629,41,29
215,390,car,0.8427734375,856,645,90,51
215,409,car,0.2281494140625,123,620,43,37
215,415,car,0.53515625,1589,646,91,30
215,416,car,0.319091796875,372,620,54,34
216,16,car,0.85009765625,1503,708,339,150
216,19,truck,0.927734375,1152,614,451,186
216,93,car,0.89501953125,990,674,155,83
216,98,person,0.830078125,462,928,110,255
216,18,car,0.84814453125,636,669,112,62
216,94,car,0.49609375,551,652,91,68
216,264,car,0.7919921875,728,640,85,53
216,310,car,0.33447265625,206,626,49,28
216,311,car,0.83203125,1107,674,135,66
216,326,truck,0.82763671875,496,633,94,79
216,142,car,0.4130859375,643,634,100,57
216,358,car,0.67724609375,331,639,66,43
216,375,car,0.322509765625,264,629,40,28
216,390,car,0.8310546875,862,645,90,51
216,409,car,0.204345703125,125,620,40,37
216,415,car,0.3056640625,1582,646,76,30
216,416,car,0.302490234375,375,620,50,34
216,431,car,0.3486328125,165,618,42,32
217,16,car,0.8857421875,1521,709,348,152
217,19,truck,0.931640625,1162,615,458,188
217,93,car,0.90185546875,1000,674,156,84
217,98,person,0.81884765625,458,926,111,259
217,18,car,0.84814453125,641,669,112,63
217,94,car,0.67724609375,558,652,96,68
217,264,car,0.7919921875,732,641,85,54
217,310,car,0.299072265625,208,627,52,30
217,311,car,0.85595703125,1119,674,135,66
217,326,truck,0.7880859375,500,633,94,80
217,142,car,0.264404296875,648,632,100,57
217,358,car,0.76220703125,334,639,66,44
217,375,car,0.32080078125,266,629,37,28
217,390,car,0.83349609375,868,645,90,51
217,409,car,0.19189453125,124,620,46,37
217,416,car,0.33984375,379,621,48,34
217,431,car,0.2337646484375,172,618,52,30
218,16,car,0.689453125,1542,710,359,154
218,19,truck,0.93115234375,1174,615,463,189
218,93,car,0.900390625,1010,675,158,84
218,98,person,0.83984375,456,922,114,261
218,18,car,0.85400390625,645,669,114,64
218,94,car,0.74609375,564,652,100,67
218,264,car,0.82666015625,737,641,87,54
218,310,car,0.355712890625,209,629,54,33
218,311,car,0.85107421875,1129,675,135,67
218,326,truck,0.79931640625,503,633,92,80
218,142,car,0.25830078125,655,632,93,55
218,358,car,0.77197265625,337,640,68,43
218,375,car,0.30908203125,268,628,38,29
218,390,car,0.85595703125,873,646,90,51
218,409,car,0.2568359375,128,620,45,36
218,416,car,0.3310546875,381,623,47,30
218,431,car,0.32421875,175,617,54,31
219,16,car,0.5390625,1563,712,367,157
219,19,truck,0.93212890625,1185,615,471,190
219,93,car,0.90185546875,1020,676,160,85
219,98,person,0.83642578125,455,920,117,263
219,18,car,0.8681640625,651,670,114,64
219,94,car,0.78662109375,570,653,104,68
219,264,car,0.806640625,743,641,87,55
219,310,car,0.312255859375,210,629,54,34
219,311,car,0.87255859375,1140,676,135,68
219,326,truck,0.796875,507,633,94,80
219,142,car,0.394287109375,658,632,94,55
219,358,car,0.77978515625,339,640,69,44
219,375,car,0.3056640625,270,628,38,29
219,390,car,0.81884765625,879,646,90,51
219,409,car,0.352294921875,129,621,52,37
219,416,car,0.34521484375,380,622,52,33
219,431,car,0.2958984375,178,618,54,29
220,16,car,0.67041015625,1592,713,361,159
220,19,truck,0.9306640625,1197,615,478,194
220,93,car,0.9052734375,1030,677,161,86
220,98,person,0.83349609375,454,918,120,266
220,18,car,0.8447265625,657,671,115,65
220,94,car,0.822265625,573,654,101,68
220,264,car,0.82080078125,748,641,88,54
220,310,car,0.2861328125,217,630,50,34
220,311,car,0.85986328125,1151,676,139,69
220,326,truck,0.78125,512,633,96,81
220,142,car,0.195556640625,667,632,94,57
220,358,car,0.7734375,342,640,70,44
220,375,car,0.332763671875,272,629,40,29
220,390,car,0.85302734375,885,646,91,52
220,409,car,0.325927734375,132,621,46,37
220,416,car,0.373779296875,384,623,48,29
220,431,car,0.291015625,177,618,46,29
220,433,truck,0.51171875,1592,713,356,158
221,16,car,0.482421875,1617,714,365,162
221,19,truck,0.92724609375,1209,615,485,195
221,93,car,0.89697265625,1040,677,164,87
221,98,person,0.8154296875,452,916,121,269
221,18,car,0.85302734375,663,671,115,66
221,94,car,0.78515625,577,654,100,69
221,264,car,0.7294921875,754,641,88,55
221,310,car,0.350341796875,218,631,51,33
221,311,car,0.861328125,1162,677,140,69
221,326,truck,0.7607421875,516,634,98,81
221,142,car,0.482421875,672,632,92,56
221,358,car,0.77587890625,345,640,70,45
221,375,car,0.4609375,273,629,42,30
221,390,car,0.87890625,891,647,91,52
221,409,car,0.31396484375,135,623,44,33
221,416,car,0.385009765625,387,622,45,31
221,431,car,0.25537109375,179,620,50,28
222,16,truck,0.611328125,1641,716,371,163
222,19,truck,0.92919921875,1220,616,491,196
222,93,car,0.8984375,1049,678,165,87
222,98,person,0.78662109375,450,914,120,266
222,18,car,0.85009765625,668,672,117,66
222,94,car,0.79931640625,581,655,100,69
222,264,car,0.822265625,759,641,89,55
222,310,car,0.385009765625,221,632,49,33
222,311,car,0.8740234375,1173,677,141,70
222,326,truck,0.78662109375,520,634,98,82
222,142,car,0.53515625,677,633,94,56
222,358,car,0.76611328125,348,641,70,45
222,375,car,0.416748046875,275,629,41,30
222,390,car,0.8818359375,897,647,92,53
222,409,car,0.27978515625,137,623,47,34
222,416,car,0.3486328125,389,622,45,33
222,431,car,0.275146484375,180,620,48,28
222,436,car,0.70263671875,1877,653,81,37
223,16,truck,0.609375,1665,718,379,164
223,19,truck,0.93359375,1232,617,497,198
223,93,car,0.89501953125,1060,678,167,88
223,98,person,0.8017578125,447,914,122,266
223,18,car,0.85595703125,675,672,118,67
223,94,car,0.76220703125,585,655,99,68
223,264,car,0.78662109375,765,642,88,56
223,310,car,0.329345703125,222,632,51,32
223,311,car,0.85986328125,1185,678,143,69
223,326,truck,0.79833984375,524,635,98,83
223,142,car,0.486328125,683,633,92,57
223,358,car,0.7578125,351,642,70,44
223,375,car,0.517578125,277,629,41,30
223,390,car,0.8642578125,903,647,93,54
223,409,car,0.287841796875,136,624,49,33
223,416,car,0.355712890625,393,623,44,31
223,431,car,0.2239990234375,181,620,52,28
223,436,car,0.49609375,1867,653,99,37
223,223,car,0.72802734375,1470,693,87,108
224,16,car,0.689453125,1689,719,386,167
224,19,truck,0.93115234375,1244,616,506,200
224,93,car,0.90185546875,1070,679,170,90
224,98,person,0.83349609375,446,914,123,267
224,18,car,0.85009765625,681,673,119,67
224,94,car,0.79931640625,590,655,100,68
224,264,car,0.80908203125,770,642,90,57
224,310,car,0.3701171875,224,632,55,32
224,311,car,0.88330078125,1195,679,145,70
224,326,truck,0.83544921875,528,635,99,84
224,142,car,0.46875,688,634,92,58
224,358,car,0.79443359375,354,642,70,43
224,375,car,0.451416015625,279,629,44,30
224,390,car,0.8642578125,910,647,94,54
224,409,car,0.37744140625,139,625,49,30
224,416,car,0.392333984375,396,623,45,30
224,436,car,0.69775390625,1856,673,125,79
224,223,car,0.79052734375,1482,694,87,108
225,16,car,0.70751953125,1715,720,394,168
225,19,truck,0.93359375,1256,616,512,203
225,93,car,0.916015625,1080,680,171,91
225,98,person,0.82421875,445,915,124,266
225,18,car,0.85205078125,686,673,119,67
225,94,car,0.53125,593,655,99,68
225,264,car,0.80322265625,777,642,89,58
225,310,car,0.36669921875,226,632,56,32
225,311,car,0.865234375,1208,680,146,70
225,326,truck,0.841796875,532,635,99,84
225,142,car,0.513671875,694,634,91,58
225,358,car,0.79296875,357,643,70,44
225,375,car,0.414794921875,282,629,44,30
225,390,car,0.8623046875,916,647,95,54
225,409,car,0.3310546875,140,624,49,31
225,416,car,0.401611328125,397,622,47,32
225,436,car,0.57373046875,1850,667,126,68
225,223,car,0.81884765625,1498,694,93,109
225,443,car,0.39794921875,336,621,55,28
226,16,car,0.62060546875,1730,722,378,171
226,19,truck,0.9375,1269,617,521,203
226,93,car,0.90869140625,1091,681,173,92
226,98,person,0.82421875,444,916,124,264
226,18,car,0.85595703125,692,674,121,67
226,94,car,0.75048828125,607,656,83,68
226,264,car,0.8291015625,783,642,89,58
226,310,car,0.441650390625,229,632,52,31
226,311,car,0.87841796875,1220,681,146,71
226,326,truck,0.81298828125,537,635,100,84
226,142,car,0.416748046875,699,633,90,56
226,358,car,0.81396484375,360,643,69,43
226,375,car,0.36474609375,285,629,43,28
226,390,car,0.87060546875,922,648,96,54
226,409,car,0.3701171875,142,624,47,31
226,416,car,0.435791015625,399,622,46,32
226,223,car,0.80908203125,1515,695,99,110
226,443,car,0.26904296875,337,621,50,29
227,16,car,0.56591796875,1742,724,355,173
227,19,truck,0.93701171875,1280,617,530,205
227,93,car,0.90380859375,1102,682,175,93
227,98,person,0.865234375,443,918,123,263
227,18,car,0.8759765625,698,674,122,67
227,94,car,0.7880859375,609,656,94,69
227,264,car,0.8115234375,788,643,92,58
227,310,car,0.32421875,231,633,50,31
227,311,car,0.87060546875,1232,682,147,73
227,326,truck,0.81640625,542,634,102,87
227,142,car,0.449462890625,704,633,93,57
227,358,car,0.82666015625,363,643,70,44
227,375,car,0.4765625,287,629,43,28
227,390,car,0.85498046875,928,649,96,55
227,409,car,0.414794921875,143,625,48,31
227,416,car,0.439697265625,400,621,45,33
227,223,car,0.81298828125,1532,696,103,111
227,443,car,0.21728515625,338,621,50,29
228,16,truck,0.46875,1753,725,332,177
228,19,truck,0.9375,1293,618,536,207
228,93,car,0.91357421875,1113,683,178,93
228,98,person,0.85888671875,443,918,121,259
228,18,car,0.8623046875,704,675,123,69
228,94,car,0.64794921875,611,656,102,70
228,264,car,0.796875,795,643,90,59
228,310,car,0.403564453125,233,633,51,32
228,311,car,0.865234375,1244,682,149,73
228,326,truck,0.78271484375,546,634,102,87
228,142,car,0.3701171875,707,632,94,56
228,358,car,0.830078125,366,644,70,43
228,375,car,0.482421875,288,630,44,28
228,390,car,0.8291015625,935,649,96,55
228,409,car,0.34326171875,144,625,48,31
228,416,car,0.42822265625,402,621,45,33
228,223,car,0.708984375,1552,697,112,112
228,443,car,0.361083984375,339,621,50,30
229,16,car,0.71240234375,1765,726,308,181
229,19,truck,0.93701171875,1307,618,545,209
229,93,car,0.91357421875,1124,683,179,93
229,98,person,0.8623046875,443,919,120,258
229,18,car,0.85498046875,710,675,123,70
229,94,car,0.81298828125,614,656,106,71
229,264,car,0.7744140625,799,642,92,60
229,310,car,0.37744140625,234,633,54,32
229,311,car,0.8642578125,1257,683,152,74
229,326,truck,0.81298828125,551,633,104,89
229,142,car,0.34326171875,711,633,100,57
229,358,car,0.82666015625,369,643,71,44
229,375,car,0.53515625,290,630,46,29
229,390,car,0.85302734375,941,650,96,55
229,409,car,0.275146484375,146,626,51,29
229,416,car,0.435791015625,403,622,46,32
229,223,car,0.82421875,1568,698,114,113
229,443,car,0.219970703125,340,621,50,30
230,16,car,0.69287109375,1778,727,283,184
230,19,truck,0.9365234375,1321,618,551,212
230,93,car,0.921875,1136,684,182,94
230,98,person,0.83203125,442,920,119,258
230,18,car,0.865234375,717,675,124,70
230,94,car,0.82421875,619,656,106,73
230,264,car,0.822265625,806,642,93,61
230,310,car,0.43212890625,238,634,52,33
230,311,car,0.8798828125,1269,684,153,75
230,326,truck,0.80078125,556,634,106,90
230,142,car,0.445556640625,717,632,96,55
230,358,car,0.8154296875,371,644,73,44
230,375,car,0.435791015625,293,629,43,29
230,390,car,0.85986328125,948,650,98,55
230,409,car,0.262939453125,148,625,50,31
230,416,car,0.373779296875,404,622,49,33
230,223,car,0.84814453125,1592,699,134,114
230,443,car,0.2147216796875,343,621,51,31
231,16,truck,0.52734375,1790,729,259,182
231,19,truck,0.9423828125,1335,619,562,213
231,93,car,0.9072265625,1147,685,185,95
231,98,person,0.85107421875,442,921,119,255
231,18,car,0.87255859375,724,676,125,70
231,94,car,0.8310546875,624,657,108,74
231,264,car,0.7919921875,812,643,95,61
231,310,car,0.373779296875,239,635,53,34
231,311,car,0.87646484375,1282,685,155,75
231,326,truck,0.81884765625,561,634,106,91
231,142,car,0.37744140625,724,631,97,54
231,358,car,0.80322265625,374,644,74,45
231,375,car,0.521484375,294,629,45,29
231,390,car,0.84912109375,956,650,99,56
231,409,car,0.2421875,148,623,54,31
231,416,car,0.3720703125,405,622,51,33
231,223,car,0.84814453125,1614,700,145,117
231,443,car,0.10968017578125,341,622,48,29
232,16,truck,0.60205078125,1802,727,235,172
232,19,truck,0.94384765625,1348,619,571,216
232,93,car,0.9111328125,1158,686,188,96
232,98,person,0.83740234375,441,920,117,252
232,18,car,0.86865234375,730,677,126,71
232,94,car,0.8388671875,630,658,109,75
232,264,car,0.7958984375,819,643,94,60
232,310,car,0.453369140625,242,635,51,34
232,311,car,0.8740234375,1295,686,156,77
232,326,truck,0.85595703125,564,634,107,93
232,142,car,0.418701171875,729,631,102,52
232,358,car,0.80908203125,377,644,74,45
232,375,car,0.5,299,629,40,30
232,390,car,0.84375,962,650,99,57
232,409,car,0.2147216796875,149,624,53,31
232,416,car,0.39794921875,409,622,48,33
232,223,car,0.8232421875,1636,703,159,122
232,443,car,0.294189453125,345,622,48,29
233,16,truck,0.80322265625,1816,725,207,173
233,19,truck,0.94482421875,1362,619,580,218
233,93,car,0.9140625,1169,686,189,96
233,98,person,0.845703125,441,915,116,241
233,18,car,0.87158203125,736,677,128,72
233,94,car,0.841796875,635,658,110,75
233,264,car,0.83349609375,826,644,95,60
233,310,car,0.45703125,243,635,51,34
233,311,car,0.8759765625,1307,687,161,78
233,326,truck,0.82421875,569,634,108,94
233,142,car,0.373779296875,735,630,99,50
233,358,car,0.8115234375,380,644,74,46
233,375,car,0.56201171875,298,629,45,31
233,390,car,0.86328125,969,650,101,58
233,409,car,0.2186279296875,153,625,48,31
233,416,car,0.33447265625,410,622,49,33
233,223,car,0.85595703125,1656,705,166,126
233,443,car,0.2186279296875,345,622,44,28
234,16,truck,0.642578125,1829,725,180,174
234,19,truck,0.9453125,1378,619,592,221
234,93,car,0.91552734375,1181,687,191,97
234,98,person,0.84912109375,440,915,115,241
234,18,car,0.87890625,743,678,129,72
234,94,car,0.8447265625,640,658,109,74
234,264,car,0.82080078125,832,644,96,60
234,310,car,0.287841796875,244,635,58,34
234,311,car,0.8642578125,1320,687,162,78
234,326,truck,0.82666015625,573,635,108,93
234,142,car,0.39794921875,740,627,95,45
234,358,car,0.81640625,383,644,74,46
234,375,car,0.490234375,302,629,41,31
234,390,car,0.84912109375,976,651,102,58
234,409,car,0.175537109375,153,624,50,33
234,416,car,0.414794921875,413,622,48,34
234,223,car,0.8818359375,1677,707,175,129
234,443,car,0.2493896484375,348,623,48,29
235,16,car,0.60595703125,1844,726,151,180
235,19,truck,0.94189453125,1392,620,601,222
235,93,car,0.91796875,1193,688,193,98
235,98,person,0.8662109375,439,912,115,241
235,18,car,0.8798828125,750,679,130,72
235,94,car,0.8291015625,645,658,112,74
235,264,car,0.8056640625,838,645,95,61
235,310,car,0.31396484375,246,635,59,34
235,311,car,0.8662109375,1333,688,164,79
235,326,truck,0.810546875,577,635,109,92
235,142,car,0.294189453125,748,628,95,47
235,358,car,0.81884765625,386,644,74,46
235,375,car,0.5078125,304,630,41,32
235,390,car,0.85400390625,983,651,103,57
235,409,car,0.153076171875,148,622,56,31
235,416,car,0.451416015625,416,623,45,32
235,223,car,0.8671875,1700,709,187,129
235,443,car,0.29736328125,351,623,49,29
235,451,car,0.34326171875,245,649,65,57
236,16,car,0.7138671875,1858,731,122,173
236,19,truck,0.943359375,1407,620,610,224
236,93,car,0.91357421875,1205,689,195,98
236,98,person,0.861328125,439,912,115,245
236,18,car,0.884765625,757,679,130,73
236,94,car,0.822265625,651,660,113,74
236,264,car,0.82666015625,845,645,97,61
236,310,car,0.552734375,247,635,57,34
236,311,car,0.86865234375,1347,689,167,79
236,326,truck,0.79833984375,582,636,111,92
236,142,car,0.462890625,749,628,103,47
236,358,car,0.8173828125,389,645,74,46
236,375,car,0.5908203125,306,630,43,32
236,390,car,0.87744140625,990,652,103,57
236,409,car,0.1981201171875,140,620,47,30
236,416,car,0.435791015625,419,625,44,28
236,223,car,0.884765625,1721,710,196,130
236,443,car,0.2393798828125,355,623,48,29
237,16,car,0.64794921875,1871,733,96,175
237,19,truck,0.9443359375,1422,621,621,226
237,93,car,0.92236328125,1217,690,197,100
237,98,person,0.8447265625,439,912,114,247
237,18,car,0.87060546875,763,679,132,74
237,94,car,0.84375,656,660,113,76
237,264,car,0.80419921875,851,646,98,61
237,310,car,0.42626953125,250,635,56,34
237,311,car,0.8623046875,1360,690,172,80
237,326,truck,0.67724609375,586,637,111,90
237,142,car,0.441650390625,755,627,102,46
237,358,car,0.80908203125,392,645,74,46
237,375,car,0.46875,307,630,44,33
237,390,car,0.85986328125,998,652,104,57
237,409,car,0.1656494140625,137,620,41,30
237,416,car,0.361083984375,422,626,44,28
237,223,car,0.88427734375,1742,712,205,131
237,443,car,0.3486328125,358,623,53,30
238,16,car,0.7138671875,1886,733,62,172
238,19,truck,0.939453125,1438,621,631,229
238,93,car,0.91650390625,1229,690,198,100
238,98,person,0.8427734375,438,909,114,246
238,18,car,0.88232421875,770,680,134,74
238,94,car,0.84375,662,661,114,75
238,264,car,0.78515625,857,646,99,61
238,310,car,0.38671875,252,635,56,35
238,311,car,0.85498046875,1374,691,173,79
238,326,truck,0.74462890625,590,637,111,89
238,142,car,0.5546875,763,627,94,44
238,358,car,0.8056640625,395,645,75,47
238,375,car,0.541015625,310,630,42,32
238,390,car,0.861328125,1004,652,105,58
238,416,car,0.414794921875,425,625,45,29
238,223,car,0.88818359375,1763,713,214,132
238,443,car,0.341552734375,361,622,51,30
239,16,car,0.6494140625,1901,726,30,137
239,19,truck,0.94091796875,1456,621,645,231
239,93,car,0.9130859375,1241,691,201,101
239,98,person,0.84912109375,437,908,115,244
239,18,car,0.8896484375,778,681,136,76
239,94,car,0.83544921875,668,661,116,75
239,264,car,0.796875,864,646,99,62
239,310,car,0.544921875,256,635,60,36
239,311,car,0.85400390625,1388,691,176,80
239,326,truck,0.79296875,594,638,114,89
239,142,car,0.533203125,769,627,100,46
239,358,car,0.81298828125,398,646,75,47
239,375,car,0.51171875,312,631,43,30
239,390,car,0.86083984375,1012,653,107,58
239,416,car,0.36669921875,426,625,45,29
239,223,car,0.89697265625,1786,714,225,135
239,443,car,0.437744140625,363,622,52,32
240,19,truck,0.94140625,1472,621,654,234
240,93,car,0.9033203125,1254,692,205,102
240,98,person,0.845703125,437,907,115,245
240,18,car,0.87646484375,785,681,138,77
240,94,car,0.83349609375,674,661,118,75
240,264,car,0.81298828125,872,647,99,62
240,310,car,0.501953125,259,635,61,37
240,311,car,0.85595703125,1403,693,179,81
240,326,truck,0.85595703125,597,638,118,90
240,142,car,0.517578125,771,627,109,45
240,358,car,0.81884765625,401,646,75,48
240,375,car,0.509765625,313,630,45,33
240,390,car,0.87744140625,1020,653,107,59
240,416,car,0.38671875,427,624,45,30
240,223,car,0.91357421875,1805,716,229,136
240,443,car,0.49609375,364,622,53,32
241,19,truck,0.93603515625,1489,621,664,236
241,93,car,0.9130859375,1266,693,207,103
241,98,person,0.84716796875,435,907,111,243
241,18,car,0.880859375,792,682,138,77
241,94,car,0.84716796875,679,662,118,75
241,264,car,0.81396484375,879,647,100,63
241,310,car,0.357666015625,262,635,59,38
241,311,car,0.85498046875,1417,694,178,81
241,326,truck,0.85107421875,602,638,119,91
241,142,car,0.33642578125,783,627,100,45
241,358,car,0.8173828125,404,646,75,50
241,375,car,0.50390625,317,630,47,34
241,390,car,0.8671875,1027,653,107,60
241,416,car,0.381103515625,429,625,47,31
241,223,car,0.9111328125,1814,717,211,138
241,443,car,0.486328125,364,622,53,32
242,19,truck,0.93896484375,1507,622,680,239
242,93,car,0.9130859375,1279,694,209,103
242,98,person,0.84716796875,433,908,112,244
242,18,car,0.880859375,800,683,140,77
242,94,car,0.8291015625,686,663,121,76
242,264,car,0.810546875,886,647,99,64
242,310,car,0.5234375,266,633,66,43
242,311,car,0.87255859375,1431,695,179,83
242,326,truck,0.83984375,606,639,123,91
242,142,car,0.505859375,789,628,98,45
242,358,car,0.83349609375,407,646,75,48
242,375,car,0.509765625,320,629,45,33
242,390,car,0.86962890625,1035,654,108,60
242,416,car,0.35400390625,429,624,48,33
242,223,car,0.91064453125,1824,718,191,138
242,443,car,0.501953125,367,622,55,32
243,19,truck,0.94287109375,1523,623,690,242
243,93,car,0.91162109375,1292,695,212,105
243,98,person,0.8291015625,431,907,113,243
243,18,car,0.87255859375,808,683,142,77
243,94,car,0.82666015625,693,663,123,77
243,264,car,0.81640625,893,648,101,64
243,310,car,0.4091796875,267,634,64,40
243,311,car,0.86865234375,1446,695,183,84
243,326,truck,0.8232421875,610,639,124,91
243,142,car,0.474609375,796,627,99,45
243,358,car,0.841796875,410,647,75,48
243,375,car,0.544921875,322,629,45,33
243,390,car,0.87646484375,1044,654,109,60
243,416,car,0.33984375,432,624,47,33
243,223,car,0.88330078125,1834,719,171,141
243,443,car,0.420654296875,370,622,56,32
244,19,truck,0.94482421875,1540,623,701,245
244,93,car,0.90966796875,1305,696,214,106
244,98,person,0.83447265625,428,909,111,242
244,18,car,0.880859375,815,684,142,78
244,94,car,0.796875,699,663,124,77
244,264,car,0.81982421875,899,648,103,64
244,310,car,0.32763671875,272,635,61,39
244,311,car,0.875,1461,697,185,83
244,326,truck,0.810546875,614,640,126,92
244,142,car,0.443603515625,800,628,103,45
244,358,car,0.8388671875,413,647,76,48
244,375,car,0.525390625,324,629,45,33
244,390,car,0.87060546875,1052,654,110,61
244,416,car,0.291015625,435,625,45,32
244,223,car,0.87255859375,1844,718,151,136
244,443,car,0.294189453125,372,621,52,31
244,463,car,0.38671875,175,623,35,33
245,19,truck,0.94384765625,1558,624,713,247
245,93,car,0.91357421875,1319,697,218,107
245,98,person,0.83984375,426,910,111,242
245,18,car,0.88427734375,823,685,144,79
245,94,car,0.82421875,705,664,124,78
245,264,car,0.82666015625,907,648,104,65
245,310,car,0.39599609375,274,635,61,39
245,311,car,0.86962890625,1476,697,188,84
245,326,truck,0.85986328125,619,640,128,92
245,142,car,0.394287109375,805,629,104,46
245,358,car,0.85107421875,416,647,77,48
245,375,car,0.544921875,325,630,44,35
245,390,car,0.87060546875,1060,655,111,62
245,416,car,0.32421875,436,624,47,32
245,223,car,0.880859375,1853,718,133,132
245,443,car,0.357666015625,374,622,53,32
245,463,car,0.2322998046875,174,623,44,36
246,19,truck,0.94091796875,1566,624,707,248
246,93,car,0.91748046875,1332,698,219,109
246,98,person,0.8232421875,423,910,111,240
246,18,car,0.873046875,830,685,146,80
246,94,car,0.841796875,711,664,124,79
246,264,car,0.77587890625,914,648,105,64
246,310,car,0.38671875,278,633,59,43
246,311,car,0.85693359375,1491,698,191,85
246,326,truck,0.8017578125,626,641,123,93
246,142,car,0.34521484375,811,630,107,47
246,358,car,0.84912109375,418,648,77,48
246,375,car,0.60205078125,328,631,46,36
246,390,car,0.86962890625,1067,655,111,61
246,416,car,0.30078125,436,623,49,33
246,223,car,0.8447265625,1862,719,114,131
246,443,car,0.3720703125,376,622,54,32
246,463,car,0.287841796875,178,622,41,35
247,19,truck,0.94482421875,1572,624,694,252
247,93,car,0.91650390625,1346,698,222,109
247,98,person,0.841796875,421,911,111,238
247,18,car,0.87841796875,838,686,147,81
247,94,car,0.83203125,718,665,126,80
247,264,car,0.8388671875,921,649,107,65
247,310,car,0.484375,279,632,61,46
247,311,car,0.85888671875,1507,700,193,86
247,326,truck,0.806640625,632,641,122,93
247,142,car,0.35400390625,817,630,109,47
247,358,car,0.8310546875,421,648,78,48
247,375,car,0.5390625,330,631,47,36
247,390,car,0.8642578125,1076,655,113,61
247,416,car,0.18359375,439,625,50,29
247,223,car,0.845703125,1873,720,93,132
247,443,car,0.310791015625,378,622,51,33
247,463,car,0.19189453125,169,622,59,35
248,19,truck,0.94482421875,1577,623,684,252
248,93,car,0.91357421875,1359,700,225,109
248,98,person,0.8427734375,418,912,113,237
248,18,car,0.87744140625,846,687,149,81
248,94,car,0.81640625,724,664,128,82
248,264,car,0.83447265625,930,649,107,66
248,310,car,0.388671875,280,631,60,47
248,311,car,0.86865234375,1523,701,195,87
248,326,truck,0.77880859375,635,641,127,94
248,142,car,0.56591796875,822,633,113,50
248,358,car,0.8232421875,424,648,78,49
248,375,car,0.59619140625,332,632,49,36
248,390,car,0.87841796875,1085,656,114,62
248,416,car,0.2239990234375,440,625,54,30
248,223,car,0.69091796875,1884,722,70,134
248,443,car,0.315673828125,380,622,51,33
248,463,car,0.20947265625,167,622,65,36
249,19,truck,0.94140625,1583,624,672,255
249,93,car,0.91796875,1374,700,228,110
249,98,person,0.85595703125,415,911,114,236
249,18,car,0.87158203125,855,687,151,82
249,94,car,0.8447265625,731,664,127,82
249,264,car,0.810546875,936,650,107,67
249,310,car,0.443603515625,282,631,63,48
249,311,car,0.87158203125,1539,702,195,89
249,326,truck,0.80322265625,643,641,124,94
249,142,car,0.611328125,828,633,116,52
249,358,car,0.83544921875,427,649,79,49
249,375,car,0.61865234375,335,633,48,35
249,390,car,0.8798828125,1093,656,114,62
249,416,car,0.1375732421875,441,625,53,31
249,223,car,0.5546875,1895,724,48,133
249,443,car,0.29248046875,382,624,50,32
249,463,car,0.1175537109375,166,622,66,35
249,469,car,0.39599609375,118,624,41,31
250,19,truck,0.9306640625,1588,623,662,255
250,93,car,0.91064453125,1388,701,232,111
250,98,person,0.86865234375,412,910,114,237
250,18,car,0.87158203125,863,688,152,82
250,94,car,0.86328125,737,665,128,83
250,264,car,0.8408203125,944,650,110,67
250,310,car,0.5849609375,284,633,63,48
250,311,car,0.8857421875,1556,703,199,90
250,326,truck,0.82080078125,649,641,123,94
250,142,car,0.529296875,836,633,115,52
250,358,car,0.82666015625,431,649,79,49
250,375,car,0.544921875,338,632,48,37
250,390,car,0.87744140625,1101,657,115,64
250,416,car,0.1778564453125,445,623,50,31
250,223,car,0.48828125,1905,728,27,119
250,443,car,0.310791015625,385,624,52,32
250,469,car,0.33984375,119,625,42,31
251,19,truck,0.93896484375,1593,624,652,260
251,93,car,0.91943359375,1402,702,234,113
251,98,person,0.87060546875,411,909,113,240
251,18,car,0.873046875,872,689,155,83
251,94,car,0.83203125,744,665,128,83
251,264,car,0.80908203125,952,650,113,67
251,310,car,0.515625,287,633,59,48
251,311,car,0.89111328125,1573,704,207,91
251,326,truck,0.83544921875,654,641,121,95
251,142,car,0.482421875,843,634,117,54
251,358,car,0.8115234375,434,649,78,49
251,375,car,0.51171875,340,632,49,37
251,390,car,0.875,1110,657,116,63
251,416,car,0.1871337890625,449,623,49,32
251,443,car,0.294189453125,389,623,56,33
251,469,car,0.36474609375,119,625,42,28
251,476,car,0.381103515625,188,625,47,31
251,477,car,0.355712890625,155,620,37,30
252,19,truck,0.92431640625,1601,622,636,259
252,93,car,0.9208984375,1417,704,237,114
252,98,person,0.8759765625,410,907,112,244
252,18,car,0.8759765625,881,690,158,84
252,94,car,0.8408203125,751,666,131,83
252,264,car,0.81884765625,961,650,111,68
252,310,car,0.544921875,291,635,57,44
252,311,car,0.88330078125,1591,705,211,91
252,326,truck,0.767578125,659,642,120,96
252,142,car,0.482421875,850,635,119,55
252,358,car,0.82421875,437,649,79,49
252,375,car,0.55810546875,343,633,49,34
252,390,car,0.87060546875,1119,658,119,63
252,416,car,0.1451416015625,450,624,54,31
252,443,car,0.2281494140625,390,623,53,33
252,469,car,0.332763671875,121,626,43,27
252,476,car,0.203125,190,625,45,31
252,477,car,0.25390625,157,620,36,30
253,19,truck,0.9345703125,1610,622,619,260
253,93,car,0.91552734375,1432,704,240,115
253,98,person,0.8681640625,411,903,113,245
253,18,car,0.87646484375,889,690,158,85
253,94,car,0.86328125,757,667,132,82
253,264,car,0.8447265625,968,651,111,69
253,310,car,0.341552734375,296,636,51,41
253,311,car,0.8916015625,1611,706,218,92
253,326,truck,0.7841796875,664,642,121,96
253,142,car,0.6318359375,855,635,126,56
253,358,car,0.8408203125,441,649,80,50
253,375,car,0.60400390625,346,634,49,33
253,390,car,0.8740234375,1128,658,120,64
253,416,car,0.21728515625,452,624,54,30
253,443,car,0.329345703125,391,623,53,34
253,469,car,0.3720703125,124,626,42,26
253,476,car,0.1199951171875,186,623,56,30
253,477,car,0.248046875,161,619,39,28
254,19,truck,0.93603515625,1617,621,604,260
254,93,car,0.9228515625,1447,706,243,116
254,98,person,0.84375,411,897,113,243
254,18,car,0.8818359375,899,692,159,85
254,94,car,0.8759765625,764,667,133,82
254,264,car,0.8388671875,977,652,111,69
254,310,car,0.55078125,298,636,55,42
254,311,car,0.8984375,1628,707,220,93
254,326,truck,0.85107421875,669,642,122,96
254,142,car,0.42822265625,859,636,134,58
254,358,car,0.8427734375,444,649,80,50
254,375,car,0.62255859375,349,634,48,33
254,390,car,0.873046875,1137,659,120,65
254,416,car,0.1993408203125,453,623,54,32
254,443,car,0.381103515625,395,623,51,35
254,469,car,0.33447265625,125,626,44,26
254,476,car,0.10089111328125,186,622,57,29
254,477,car,0.25390625,162,619,40,29
255,19,truck,0.935546875,1624,621,591,263
255,93,car,0.91748046875,1462,707,247,116
255,98,person,0.85595703125,410,893,114,241
255,18,car,0.875,908,692,161,85
255,94,car,0.85693359375,771,668,135,83
255,264,car,0.83203125,986,652,111,69
255,310,car,0.5908203125,299,636,58,43
255,311,car,0.88818359375,1645,707,222,95
255,326,truck,0.83642578125,673,643,122,96
255,142,car,0.449462890625,872,634,120,54
255,358,car,0.85302734375,447,650,81,51
255,375,car,0.67724609375,351,634,48,33
255,390,car,0.88232421875,1147,659,120,66
255,416,car,0.1510009765625,454,622,57,32
255,443,car,0.422607421875,397,624,51,34
255,469,car,0.3310546875,127,626,46,27
255,477,car,0.2213134765625,163,619,41,29
255,484,car,0.6513671875,1290,637,81,27
256,19,truck,0.9375,1631,621,576,263
256,93,car,0.92431640625,1477,708,251,116
256,98,person,0.86083984375,408,887,114,232
256,18,car,0.88427734375,917,693,164,86
256,94,car,0.85302734375,778,668,137,85
256,264,car,0.8427734375,994,652,113,69
256,310,car,0.658203125,301,636,58,44
256,311,car,0.89892578125,1663,708,227,97
256,326,truck,0.81396484375,678,644,124,98
256,142,car,0.5546875,883,634,113,53
256,358,car,0.84814453125,450,650,81,52
256,375,car,0.7216796875,354,634,48,33
256,390,car,0.8818359375,1157,659,122,67
256,416,car,0.1044921875,456,621,57,30
256,443,car,0.43017578125,399,624,53,34
256,469,car,0.3701171875,128,626,47,26
256,477,car,0.2147216796875,164,618,40,30
256,484,car,0.6689453125,1285,637,86,28
256,488,car,0.381103515625,606,631,34,45
257,19,truck,0.9345703125,1638,621,562,265
257,93,car,0.91259765625,1493,708,253,118
257,98,person,0.87158203125,407,884,112,231
257,18,car,0.8857421875,927,694,165,87
257,94,car,0.85888671875,785,669,137,85
257,264,car,0.79833984375,1002,653,114,70
257,310,car,0.505859375,306,638,52,41
257,311,car,0.89111328125,1683,710,228,97
257,326,truck,0.763671875,684,644,125,98
257,142,car,0.392333984375,888,636,119,57
257,358,car,0.8427734375,453,651,82,51
257,375,car,0.6279296875,356,635,50,33
257,390,car,0.87744140625,1166,660,123,67
257,416,car,0.1561279296875,461,622,53,30
257,443,car,0.34521484375,402,624,52,34
257,469,car,0.312255859375,130,625,47,26
257,477,car,0.203125,166,618,41,30
257,484,car,0.59814453125,1273,637,85,28
257,488,car,0.352294921875,610,632,33,42
258,19,truck,0.94873046875,1646,622,547,268
258,93,car,0.9130859375,1508,709,258,119
258,98,person,0.85888671875,405,884,111,232
258,18,car,0.8857421875,937,695,167,87
258,94,car,0.85400390625,793,669,139,85
258,264,car,0.78515625,1010,653,116,71
258,310,car,0.4921875,305,639,57,40
258,311,car,0.89111328125,1703,711,235,98
258,326,truck,0.80908203125,689,644,126,99
258,142,car,0.4765625,893,638,126,62
258,358,car,0.82568359375,456,651,81,52
258,375,car,0.66552734375,358,635,52,34
258,390,car,0.87646484375,1176,660,125,69
258,443,car,0.28466796875,406,625,50,33
258,469,car,0.2958984375,130,625,47,27
258,477,car,0.175537109375,165,618,41,29
258,484,car,0.350341796875,1263,637,80,27
258,488,car,0.3056640625,615,631,36,44
258,492,car,0.607421875,1334,638,81,30
259,19,truck,0.9404296875,1653,622,533,268
259,93,car,0.92138671875,1525,711,262,121
259,98,person,0.85888671875,404,885,111,235
259,18,car,0.888671875,948,696,168,88
259,94,car,0.85400390625,800,670,141,86
259,264,car,0.8447265625,1019,654,117,71
259,310,car,0.69775390625,306,638,63,43
259,311,car,0.9033203125,1724,712,241,99
259,326,truck,0.82666015625,694,644,129,99
259,142,car,0.556640625,900,639,126,63
259,358,car,0.8447265625,459,650,82,53
259,375,car,0.67919921875,361,635,51,34
259,390,car,0.85986328125,1186,661,126,67
259,443,car,0.381103515625,408,624,49,34
259,469,car,0.289306640625,132,624,47,28
259,477,car,0.1666259765625,166,617,41,29
259,484,car,0.56982421875,1252,636,69,28
259,488,car,0.359375,619,631,38,45
259,492,car,0.7216796875,1331,638,99,30
260,19,truck,0.875,1657,622,524,268
260,93,car,0.927734375,1542,712,266,122
260,98,person,0.85791015625,404,885,111,232
260,18,car,0.88818359375,958,696,170,89
260,94,car,0.85791015625,809,671,143,88
260,264,car,0.83740234375,1028,654,117,71
260,310,car,0.7548828125,307,639,66,42
260,311,car,0.9013671875,1745,713,245,100
260,326,truck,0.8154296875,700,645,129,100
260,142,car,0.58154296875,910,639,126,64
260,358,car,0.83984375,463,651,83,53
260,375,car,0.7216796875,364,635,50,35
260,390,car,0.865234375,1196,662,128,66
260,443,car,0.30078125,409,624,49,33
260,469,car,0.2421875,134,624,48,29
260,484,car,0.39599609375,1245,636,59,28
260,488,car,0.355712890625,623,632,40,46
260,492,car,0.69091796875,1324,637,99,31
261,19,truck,0.888671875,1667,622,505,268
261,93,car,0.91650390625,1559,713,269,124
261,98,person,0.845703125,402,886,110,231
261,18,car,0.88427734375,968,698,173,90
261,94,car,0.85400390625,817,671,145,88
261,264,car,0.83447265625,1037,654,119,72
261,310,car,0.69580078125,310,639,65,41
261,311,car,0.89501953125,1765,715,247,100
261,326,truck,0.76611328125,706,646,131,101
261,142,car,0.63720703125,919,639,124,64
261,358,car,0.82080078125,466,651,83,54
261,375,car,0.70068359375,367,636,49,35
261,390,car,0.8681640625,1206,662,129,67
261,443,car,0.32763671875,411,624,49,34
261,469,car,0.275146484375,135,624,47,30
261,484,car,0.19189453125,1237,634,53,25
261,488,car,0.4072265625,628,632,40,47
261,492,car,0.62060546875,1307,637,102,31
262,19,truck,0.8232421875,1677,618,485,260
262,93,car,0.91162109375,1576,715,272,125
262,98,person,0.8427734375,401,887,107,230
262,18,car,0.892578125,978,698,175,91
262,94,car,0.8740234375,825,672,147,90
262,264,car,0.83203125,1046,655,122,72
262,310,car,0.68603515625,313,639,65,42
262,311,car,0.8798828125,1785,717,251,102
262,326,truck,0.77587890625,710,646,134,101
262,142,car,0.5078125,928,640,124,66
262,358,car,0.86962890625,469,651,83,54
262,375,car,0.7041015625,368,636,49,34
262,390,car,0.8818359375,1216,662,131,69
262,443,car,0.2393798828125,415,624,49,35
262,469,car,0.310791015625,135,624,46,32
262,488,car,0.501953125,632,632,39,46
262,492,car,0.69921875,1295,637,94,31
262,495,car,0.470703125,1119,633,57,22
263,19,truck,0.48046875,1685,605,468,235
263,93,car,0.92529296875,1594,716,277,126
263,98,person,0.82080078125,399,889,107,233
263,18,car,0.89892578125,989,700,176,92
263,94,car,0.865234375,833,673,149,92
263,264,car,0.83203125,1055,656,123,73
263,310,car,0.638671875,316,639,65,43
263,311,car,0.8916015625,1799,718,241,105
263,326,truck,0.82568359375,717,646,132,102
263,142,car,0.53515625,937,641,125,67
263,358,car,0.81884765625,472,652,84,54
263,375,car,0.71240234375,370,636,51,36
263,390,car,0.8671875,1227,662,132,70
263,443,car,0.312255859375,419,625,50,35
263,469,car,0.2958984375,136,625,45,33
263,488,car,0.39990234375,637,632,42,46
263,492,car,0.5849609375,1284,638,83,32
263,495,car,0.405517578125,1115,634,52,22
263,496,car,0.56591796875,1419,643,67,23
263,497,car,0.361083984375,218,629,50,27
264,19,truck,0.37939453125,1694,599,451,221
264,93,car,0.9091796875,1611,717,283,126
264,98,person,0.8388671875,398,891,107,235
264,18,car,0.8955078125,1000,701,179,92
264,94,car,0.85107421875,841,673,151,93
264,264,car,0.83447265625,1065,656,122,73
264,310,car,0.66357421875,318,639,68,43
264,311,car,0.88330078125,1807,720,225,104
264,326,truck,0.85791015625,721,646,132,103
264,142,truck,0.383056640625,945,641,125,68
264,358,car,0.8173828125,476,652,86,54
264,375,car,0.6806640625,374,636,51,37
264,390,car,0.888671875,1237,663,132,70
264,443,car,0.312255859375,423,624,51,35
264,469,car,0.31396484375,137,625,46,35
264,488,car,0.352294921875,642,632,43,47
264,492,car,0.470703125,1270,639,77,35
264,496,car,0.51953125,1419,644,90,24
264,497,car,0.2017822265625,218,629,54,28
265,19,truck,0.529296875,1703,591,433,206
265,93,car,0.92138671875,1629,718,285,129
265,98,person,0.83984375,397,892,106,234
265,18,car,0.89892578125,1011,702,182,94
265,94,car,0.875,850,673,152,93
265,264,car,0.873046875,1073,656,125,73
265,310,car,0.70263671875,320,640,68,43
265,311,car,0.88330078125,1816,721,207,104
265,326,truck,0.822265625,728,647,133,104
265,142,car,0.52734375,952,642,128,70
265,358,car,0.81298828125,479,653,87,54
265,375,car,0.66015625,376,636,53,36
265,390,car,0.8681640625,1248,664,134,71
265,443,car,0.33642578125,426,625,51,35
265,469,car,0.2568359375,138,625,46,36
265,488,car,0.42431640625,646,633,44,49
265,496,car,0.67919921875,1411,643,95,24
265,497,car,0.27978515625,222,630,49,28
266,19,truck,0.482421875,1710,589,416,201
266,93,car,0.91845703125,1647,719,290,131
266,98,person,0.83984375,398,891,109,234
266,18,car,0.8974609375,1023,703,185,94
266,94,car,0.87744140625,858,674,154,94
266,264,car,0.85595703125,1083,656,126,74
266,310,car,0.71533203125,322,641,69,41
266,311,car,0.8740234375,1827,722,185,106
266,326,truck,0.8232421875,734,647,133,104
266,142,car,0.50390625,960,643,128,71
266,358,car,0.83203125,482,654,86,54
266,375,car,0.63330078125,379,636,52,36
266,390,car,0.8759765625,1259,664,135,72
266,443,car,0.381103515625,428,625,51,34
266,469,car,0.2509765625,140,625,48,36
266,488,car,0.56982421875,650,633,45,49
266,496,car,0.70068359375,1396,643,96,24
266,497,car,0.2322998046875,224,630,49,29
267,19,truck,0.2337646484375,1719,587,397,197
267,93,car,0.91845703125,1666,721,294,131
267,98,person,0.86083984375,399,891,111,233
267,18,car,0.900390625,1035,704,186,95
267,94,car,0.8740234375,867,675,156,93
267,264,car,0.85302734375,1093,657,127,75
267,310,car,0.708984375,324,641,68,41
267,311,car,0.85693359375,1838,724,163,106
267,326,truck,0.81640625,739,648,137,106
267,142,car,0.392333984375,969,644,127,73
267,358,car,0.83740234375,486,654,86,54
267,375,car,0.67041015625,382,636,53,35
267,390,car,0.8759765625,1270,665,137,71
267,443,car,0.355712890625,433,626,48,34
267,469,car,0.29248046875,142,626,46,36
267,488,car,0.49609375,655,632,46,48
267,496,car,0.611328125,1380,642,98,24
267,497,car,0.262939453125,225,630,50,30
267,501,car,0.56201171875,1473,645,95,24
268,19,truck,0.361083984375,1729,588,381,198
268,93,car,0.91552734375,1684,722,299,133
268,98,person,0.85009765625,398,886,111,225
268,18,car,0.90869140625,1047,705,188,95
268,94,car,0.87841796875,875,676,158,94
268,264,car,0.83544921875,1103,657,128,75
268,310,car,0.70263671875,327,641,69,41
268,311,car,0.86865234375,1847,724,144,103
268,326,truck,0.763671875,746,648,139,106
268,142,car,0.517578125,977,645,126,73
268,358,car,0.83984375,490,654,86,54
268,375,car,0.70068359375,386,636,52,36
268,390,car,0.8896484375,1281,666,138,71
268,443,car,0.46484375,434,626,49,34
268,469,car,0.3486328125,144,624,47,39
268,488,car,0.55810546875,659,632,48,50
268,496,car,0.73876953125,1369,643,88,24
268,497,car,0.259765625,228,629,52,32
268,501,car,0.6875,1464,645,98,24
268,506,car,0.332763671875,229,649,88,60
269,19,truck,0.48046875,1737,589,361,199
269,93,car,0.91943359375,1704,723,304,134
269,98,person,0.86962890625,397,883,110,220
269,18,car,0.90576171875,1059,706,190,97
269,94,car,0.88427734375,884,677,159,95
269,264,car,0.85009765625,1112,658,133,75
269,310,car,0.716796875,329,641,70,41
269,311,car,0.83984375,1860,723,118,101
269,326,truck,0.80078125,753,648,140,107
269,142,car,0.521484375,988,646,130,75
269,358,car,0.8388671875,493,655,87,55
269,375,car,0.73876953125,389,636,53,36
269,390,car,0.87255859375,1293,667,140,73
269,443,car,0.49609375,435,626,50,34
269,469,car,0.2069091796875,145,624,49,40
269,488,car,0.529296875,664,633,49,51
269,496,car,0.6826171875,1361,642,75,25
269,497,car,0.21728515625,232,628,56,35
269,501,car,0.72509765625,1449,645,100,23
269,506,car,0.4091796875,228,648,89,63
269,508,car,0.6259765625,1193,649,84,56
270,19,truck,0.501953125,1746,590,343,201
270,93,car,0.9150390625,1723,725,310,135
270,98,person,0.86083984375,395,882,112,221
270,18,car,0.90576171875,1071,707,194,98
270,94,car,0.87646484375,893,677,161,96
270,264,car,0.83447265625,1123,659,132,76
270,310,car,0.73876953125,331,641,71,41
270,311,car,0.796875,1870,721,99,96
270,326,truck,0.8408203125,759,648,142,108
270,142,car,0.39794921875,997,646,128,75
270,358,car,0.822265625,497,655,89,55
270,375,car,0.72021484375,392,636,52,38
270,390,car,0.87646484375,1305,667,142,74
270,443,car,0.515625,437,626,51,35
270,469,car,0.235107421875,146,624,49,40
270,488,car,0.501953125,669,633,50,50
270,496,car,0.609375,1354,642,62,25
270,497,car,0.2451171875,234,628,58,36
270,501,car,0.7431640625,1435,645,97,22
270,506,car,0.29248046875,228,647,90,64
270,484,car,0.56005859375,1186,634,62,27
271,19,truck,0.48046875,1757,590,324,201
271,93,car,0.916015625,1744,726,316,136
271,98,person,0.873046875,393,881,114,223
271,18,car,0.9111328125,1084,708,196,100
271,94,car,0.87890625,901,677,163,97
271,264,car,0.8740234375,1133,659,134,77
271,310,car,0.7548828125,334,641,71,41
271,311,car,0.63330078125,1880,722,78,91
271,326,truck,0.83984375,764,649,143,108
271,142,car,0.513671875,1006,647,130,78
271,358,car,0.82763671875,501,655,89,55
271,375,car,0.7431640625,394,636,56,38
271,390,car,0.87158203125,1317,667,143,74
271,443,car,0.405517578125,439,626,51,36
271,469,car,0.3056640625,147,624,50,39
271,488,car,0.449462890625,674,633,53,51
271,497,car,0.265869140625,236,627,58,37
271,501,car,0.708984375,1422,645,96,22
271,506,car,0.23095703125,229,647,89,63
271,484,car,0.363037109375,1179,634,58,28
272,19,truck,0.50390625,1766,592,302,204
272,93,car,0.91796875,1762,728,314,138
272,98,person,0.87890625,392,880,115,224
272,18,car,0.90869140625,1097,709,200,100
272,94,car,0.88720703125,910,678,165,98
272,264,car,0.80322265625,1144,660,135,78
272,310,car,0.76220703125,337,641,71,41
272,311,car,0.435791015625,1893,711,53,66
272,326,truck,0.841796875,770,649,148,108
272,142,car,0.462890625,1015,649,129,82
272,358,car,0.8291015625,504,655,88,56
272,375,car,0.732421875,397,636,57,39
272,390,car,0.875,1329,668,145,76
272,443,car,0.38671875,442,626,53,37
272,469,car,0.27197265625,149,623,49,39
272,488,car,0.418701171875,679,633,54,51
272,497,car,0.31396484375,237,627,58,38
272,501,car,0.71875,1413,644,85,22
273,19,truck,0.767578125,1775,594,285,209
273,93,car,0.92529296875,1772,730,295,140
273,98,person,0.8818359375,391,879,116,226
273,18,car,0.91552734375,1110,710,203,101
273,94,car,0.8798828125,919,678,167,100
273,264,car,0.88330078125,1154,660,137,79
273,310,car,0.7705078125,340,642,72,41
273,326,truck,0.8056640625,777,649,148,109
273,142,car,0.51953125,1024,652,131,87
273,358,car,0.83544921875,507,655,87,55
273,375,car,0.716796875,400,636,56,38
273,390,car,0.86083984375,1341,668,148,77
273,443,car,0.498046875,445,626,55,36
273,469,car,0.22265625,150,623,49,39
273,488,car,0.5234375,683,633,54,52
273,497,car,0.30078125,240,627,57,38
273,501,car,0.68603515625,1406,643,69,23
274,19,truck,0.490234375,1787,595,265,211
274,93,car,0.92041015625,1781,730,277,141
274,98,person,0.88330078125,391,877,117,227
274,18,car,0.91943359375,1123,712,206,103
274,94,car,0.8759765625,928,679,169,100
274,264,car,0.87255859375,1164,660,141,80
274,310,car,0.72509765625,343,642,73,41
274,326,truck,0.8291015625,784,650,149,110
274,142,car,0.5947265625,1034,654,134,91
274,358,car,0.82080078125,509,656,86,56
274,375,car,0.7373046875,401,637,59,37
274,390,car,0.87060546875,1353,669,150,76
274,443,car,0.39794921875,448,626,55,36
274,469,car,0.2254638671875,152,624,48,37
274,488,car,0.474609375,688,633,56,51
274,497,car,0.42822265625,242,627,55,37
274,501,car,0.39794921875,1397,643,63,24
275,19,truck,0.361083984375,1797,591,242,203
275,93,car,0.927734375,1791,732,257,142
275,98,person,0.884765625,391,877,116,229
275,18,car,0.9150390625,1137,713,208,103
275,94,car,0.8671875,938,680,171,101
275,264,car,0.83642578125,1175,661,143,79
275,310,car,0.7734375,345,642,74,41
275,326,truck,0.83740234375,790,651,150,112
275,142,car,0.53515625,1042,654,137,91
275,358,car,0.79052734375,511,656,82,57
275,375,car,0.7548828125,404,636,59,38
275,390,car,0.875,1367,670,151,77
275,443,car,0.385009765625,451,626,54,36
275,469,car,0.167724609375,152,627,47,32
275,488,car,0.57568359375,693,634,57,51
275,497,car,0.4609375,245,629,53,34
276,19,truck,0.403564453125,1808,588,222,195
276,93,car,0.9091796875,1800,734,238,144
276,98,person,0.88427734375,391,877,116,228
276,18,car,0.9130859375,1152,714,212,104
276,94,car,0.85693359375,948,681,171,102
276,264,car,0.88623046875,1186,662,146,79
276,310,car,0.78515625,348,642,74,42
276,326,truck,0.85791015625,796,651,153,112
276,142,car,0.47265625,1051,655,138,92
276,358,car,0.7919921875,513,657,79,57
276,375,car,0.71044921875,408,636,57,39
276,390,car,0.8857421875,1379,671,153,78
276,443,car,0.36669921875,455,626,56,37
276,469,car,0.1993408203125,155,628,44,31
276,488,car,0.5888671875,698,634,59,52
276,497,car,0.513671875,248,630,53,34
277,19,truck,0.312255859375,1820,585,195,191
277,93,car,0.9111328125,1811,735,217,146
277,98,person,0.884765625,390,877,115,228
277,18,car,0.90966796875,1165,716,215,105
277,94,car,0.85302734375,958,681,173,103
277,264,car,0.865234375,1199,663,145,81
277,310,car,0.8017578125,350,643,74,43
277,326,truck,0.8154296875,803,651,154,113
277,142,car,0.56982421875,1060,656,140,93
277,358,car,0.70556640625,519,657,82,57
277,375,car,0.716796875,411,636,56,40
277,390,car,0.87646484375,1392,672,153,78
277,443,car,0.341552734375,458,626,55,37
277,469,car,0.2239990234375,156,627,44,32
277,488,car,0.6806640625,703,634,61,52
277,497,car,0.48046875,250,630,53,35
278,19,truck,0.1451416015625,1832,585,174,191
278,93,car,0.8974609375,1820,735,198,146
278,98,person,0.896484375,389,877,114,226
278,18,car,0.9091796875,1180,717,218,106
278,94,car,0.86865234375,968,683,174,103
278,264,car,0.873046875,1211,663,146,81
278,310,car,0.7919921875,353,643,74,43
278,326,truck,0.830078125,809,652,157,115
278,142,car,0.62060546875,1071,657,142,94
278,358,car,0.7138671875,525,658,89,58
278,375,car,0.73388671875,414,635,57,41
278,390,car,0.89111328125,1406,672,155,79
278,443,car,0.373779296875,461,626,54,37
278,469,car,0.1451416015625,158,627,45,32
278,488,car,0.61865234375,708,635,62,52
278,497,car,0.325927734375,252,630,54,37
279,19,truck,0.24072265625,1844,586,150,192
279,93,car,0.90185546875,1831,734,176,141
279,98,person,0.89990234375,388,877,113,225
279,18,car,0.923828125,1196,719,222,109
279,94,car,0.888671875,978,684,176,104
279,264,car,0.87744140625,1222,663,148,82
279,310,car,0.81640625,356,643,74,43
279,326,truck,0.84375,816,652,159,115
279,142,car,0.51171875,1081,657,143,94
279,358,car,0.763671875,531,659,93,57
279,375,car,0.767578125,417,635,58,41
279,390,car,0.89013671875,1421,673,157,80
279,443,car,0.363037109375,464,628,53,35
279,488,car,0.6669921875,713,635,63,52
279,497,car,0.405517578125,255,631,55,38
280,19,truck,0.2393798828125,1856,585,126,190
280,93,car,0.8955078125,1842,734,155,138
280,98,person,0.8857421875,386,878,112,222
280,18,car,0.92431640625,1211,721,227,111
280,94,car,0.88232421875,989,685,179,105
280,264,car,0.87890625,1233,664,150,82
280,310,car,0.80322265625,359,643,75,44
280,326,truck,0.85302734375,823,653,160,115
280,142,car,0.50390625,1092,657,144,94
280,358,car,0.83447265625,535,659,94,57
280,375,car,0.75048828125,419,636,60,42
280,390,car,0.89501953125,1435,673,160,81
280,443,car,0.2783203125,468,629,53,34
280,488,car,0.5888671875,718,635,64,51
280,497,car,0.453369140625,258,630,56,40
280,519,car,0.37744140625,1320,643,76,24
281,19,truck,0.275146484375,1868,586,102,193
281,93,car,0.89111328125,1853,735,132,137
281,98,person,0.8857421875,384,879,112,222
281,18,car,0.92822265625,1228,722,230,112
281,94,car,0.89501953125,1000,686,182,105
281,264,car,0.86083984375,1246,665,152,82
281,310,car,0.79296875,362,643,76,44
281,326,truck,0.85205078125,830,653,165,116
281,142,car,0.5234375,1102,656,144,92
281,358,car,0.85791015625,540,659,95,57
281,375,car,0.76220703125,422,636,62,41
281,390,car,0.89697265625,1449,674,163,81
281,443,car,0.33984375,469,628,53,36
281,488,car,0.498046875,723,635,66,51
281,497,car,0.416748046875,261,629,56,39
281,519,car,0.403564453125,1313,641,65,25
282,93,car,0.88720703125,1864,736,110,138
282,98,person,0.89013671875,382,881,112,221
282,18,car,0.92578125,1243,723,235,113
282,94,car,0.87646484375,1011,687,184,104
282,264,car,0.8642578125,1257,664,155,80
282,310,car,0.79931640625,365,644,77,43
282,326,truck,0.8310546875,836,654,165,118
282,142,car,0.55810546875,1113,657,144,93
282,358,car,0.78515625,544,660,95,57
282,375,car,0.732421875,425,636,63,41
282,390,car,0.892578125,1463,675,164,81
282,443,car,0.36669921875,471,627,54,37
282,488,car,0.64794921875,729,635,67,52
282,497,car,0.363037109375,263,629,58,39
283,93,car,0.8623046875,1877,738,85,136
283,98,person,0.88623046875,380,881,112,221
283,18,car,0.92041015625,1260,724,239,114
283,94,car,0.88232421875,1023,687,186,106
283,264,car,0.87255859375,1270,662,156,75
283,310,car,0.79931640625,367,644,77,43
283,326,truck,0.87060546875,843,654,166,118
283,142,car,0.6875,1123,654,142,88
283,358,car,0.84912109375,548,660,97,58
283,375,car,0.75048828125,428,637,61,42
283,390,car,0.8984375,1477,676,167,82
283,443,car,0.357666015625,474,627,54,37
283,488,car,0.48046875,734,636,68,52
283,497,car,0.43408203125,266,629,59,40
284,93,car,0.8115234375,1888,743,61,133
284,98,person,0.87890625,378,881,112,221
284,18,car,0.9189453125,1277,726,242,116
284,94,car,0.87890625,1034,688,188,107
284,264,car,0.83740234375,1283,662,158,75
284,310,car,0.7744140625,370,645,77,43
284,326,truck,0.8798828125,850,655,167,118
284,142,car,0.6513671875,1133,653,145,85
284,358,car,0.83544921875,552,660,98,59
284,375,car,0.7607421875,431,637,62,43
284,390,car,0.8984375,1493,677,170,83
284,443,car,0.319091796875,477,627,53,37
284,488,car,0.57177734375,739,636,69,52
284,497,car,0.34326171875,268,629,56,40
284,528,car,0.525390625,661,622,38,14
285,93,car,0.75634765625,1901,749,36,124
285,98,person,0.8896484375,376,880,111,221
285,18,car,0.9130859375,1294,727,247,117
285,94,car,0.841796875,1045,689,191,108
285,264,car,0.8681640625,1296,660,159,72
285,310,car,0.78515625,373,645,77,44
285,326,truck,0.87744140625,858,655,169,119
285,142,car,0.5908203125,1145,653,147,85
285,358,car,0.83740234375,557,661,100,58
285,375,car,0.6669921875,435,637,62,42
285,390,car,0.90185546875,1508,677,172,84
285,443,car,0.338134765625,480,628,54,38
285,488,car,0.49609375,744,637,70,52
285,497,car,0.36474609375,273,630,61,39
285,528,car,0.435791015625,656,621,39,14
286,93,car,0.4921875,1911,749,12,92
286,98,person,0.8857421875,374,879,110,223
286,18,car,0.92626953125,1313,729,251,118
286,94,car,0.84375,1056,690,192,109
286,264,car,0.85302734375,1309,660,163,72
286,310,car,0.7890625,376,645,77,44
286,326,truck,0.8681640625,865,656,170,120
286,142,car,0.5849609375,1157,654,149,86
286,358,car,0.83740234375,561,662,100,58
286,375,car,0.69775390625,438,638,61,42
286,390,car,0.8955078125,1524,678,174,85
286,443,car,0.385009765625,482,627,55,37
286,488,car,0.640625,750,637,73,52
286,497,car,0.2861328125,275,631,63,37
286,528,car,0.418701171875,651,621,38,15
287,98,person,0.88330078125,373,877,107,225
287,18,car,0.92138671875,1331,731,256,119
287,94,car,0.90380859375,1068,691,194,110
287,264,car,0.8115234375,1322,660,167,73
287,310,car,0.79931640625,379,645,77,46
287,326,truck,0.88427734375,871,656,172,121
287,142,car,0.59619140625,1167,655,150,88
287,358,car,0.8427734375,566,662,101,59
287,375,car,0.7890625,441,638,62,42
287,390,car,0.8984375,1539,679,176,86
287,443,car,0.422607421875,484,627,53,37
287,488,car,0.7216796875,756,637,75,53
287,497,car,0.361083984375,280,632,61,36
287,528,car,0.56787109375,646,621,36,13
288,98,person,0.880859375,372,876,104,229
288,18,car,0.90576171875,1349,733,260,121
288,94,car,0.87890625,1080,692,197,112
288,264,car,0.8173828125,1334,656,170,63
288,310,car,0.80322265625,382,645,78,45
288,326,truck,0.861328125,878,656,174,122
288,142,car,0.64794921875,1179,656,154,91
288,358,car,0.86083984375,571,662,101,60
288,375,car,0.7744140625,444,637,64,43
288,390,car,0.89990234375,1555,679,179,86
288,443,car,0.332763671875,489,627,52,36
288,488,car,0.6806640625,761,637,77,53
288,497,car,0.435791015625,288,632,55,34
288,528,car,0.537109375,641,621,37,13
288,540,car,0.394287109375,988,657,68,51
288,542,car,0.3701171875,135,623,44,33
289,98,person,0.8798828125,372,874,103,231
289,18,car,0.8916015625,1369,734,267,123
289,94,car,0.85205078125,1092,693,200,114
289,264,car,0.85009765625,1348,656,172,61
289,310,car,0.810546875,385,645,79,45
289,326,truck,0.84814453125,885,657,176,123
289,142,car,0.6318359375,1189,659,159,98
289,358,car,0.85107421875,575,663,102,60
289,375,car,0.751953125,447,638,64,43
289,390,car,0.89990234375,1572,681,181,88
289,443,car,0.509765625,492,627,53,37
289,488,car,0.7431640625,767,637,78,53
289,497,car,0.451416015625,289,633,59,35
289,528,car,0.373779296875,638,621,36,14
289,540,car,0.57373046875,1003,657,80,51
289,542,car,0.4130859375,135,623,42,33
290,98,person,0.87255859375,372,873,100,231
290,18,car,0.9033203125,1389,736,271,124
290,94,car,0.85009765625,1105,693,204,116
290,264,car,0.8623046875,1361,658,174,65
290,310,car,0.8291015625,388,645,79,45
290,326,truck,0.85888671875,892,657,179,123
290,142,car,0.5869140625,1200,661,161,101
290,358,car,0.861328125,580,663,104,61
290,375,car,0.77587890625,450,638,65,43
290,390,car,0.90380859375,1589,681,184,89
290,443,car,0.548828125,495,628,55,37
290,488,car,0.6494140625,772,638,79,54
290,497,car,0.5234375,291,633,61,35
290,528,car,0.1895751953125,634,621,35,13
290,540,car,0.5234375,1011,658,80,50
290,542,car,0.394287109375,137,622,43,33
290,544,car,0.368408203125,540,627,41,35
291,98,person,0.87744140625,371,871,101,233
291,18,car,0.9033203125,1409,738,276,126
291,94,car,0.8759765625,1117,695,206,115
291,264,car,0.85693359375,1377,661,173,70
291,310,car,0.83544921875,390,645,81,46
291,326,truck,0.83984375,900,657,182,124
291,142,car,0.5947265625,1212,662,164,104
291,358,car,0.85888671875,584,664,105,62
291,375,car,0.76904296875,453,638,66,44
291,390,car,0.89990234375,1606,682,186,90
291,443,car,0.56591796875,498,628,56,38
291,488,car,0.642578125,778,638,82,55
291,497,car,0.57568359375,295,634,57,35
291,528,car,0.299072265625,630,621,34,13
291,540,car,0.6826171875,1025,659,90,51
291,542,car,0.352294921875,137,622,42,32
291,544,car,0.3310546875,540,627,40,38
291,547,car,0.658203125,1886,653,67,39
292,98,person,0.87158203125,371,869,102,233
292,18,car,0.90283203125,1430,739,282,128
292,94,car,0.8857421875,1131,696,209,116
292,264,car,0.87890625,1392,663,175,75
292,310,car,0.85498046875,393,646,81,46
292,326,truck,0.86083984375,908,658,183,126
292,142,truck,0.513671875,1223,663,165,106
292,358,car,0.86083984375,588,665,104,62
292,375,car,0.79833984375,456,638,66,44
292,390,car,0.896484375,1624,683,190,91
292,443,car,0.552734375,502,628,56,39
292,488,car,0.57958984375,784,638,82,55
292,497,car,0.62451171875,299,634,53,36
292,528,car,0.11126708984375,626,620,34,12
292,540,car,0.72021484375,1028,659,81,52
292,542,car,0.32763671875,140,623,45,32
292,544,car,0.29248046875,545,627,45,39
292,547,car,0.7607421875,1878,653,82,38
292,550,car,0.4921875,1222,663,164,107
293,98,person,0.8623046875,369,868,102,231
293,18,car,0.896484375,1452,741,287,130
293,94,car,0.86328125,1144,696,210,118
293,264,car,0.86328125,1406,665,178,77
293,310,car,0.86083984375,396,646,80,47
293,326,truck,0.86865234375,915,659,183,127
293,142,car,0.5927734375,1235,663,166,109
293,358,car,0.84375,594,665,104,62
293,375,car,0.80322265625,460,639,65,44
293,390,car,0.9150390625,1641,684,194,91
293,443,car,0.470703125,504,628,56,40
293,488,car,0.62060546875,790,638,84,55
293,497,car,0.69287109375,302,634,54,36
293,528,car,0.1490478515625,621,621,35,13
293,540,car,0.74609375,1035,660,77,54
293,542,car,0.363037109375,140,623,44,32
293,544,car,0.1883544921875,551,628,48,42
293,547,car,0.767578125,1868,654,103,38
293,553,truck,0.5234375,366,616,55,51
294,98,person,0.8671875,368,868,102,232
294,18,car,0.9248046875,1474,743,293,132
294,94,car,0.87744140625,1158,698,215,119
294,264,car,0.87841796875,1421,666,180,80
294,310,car,0.865234375,399,646,79,47
294,326,truck,0.89111328125,923,659,185,128
294,142,car,0.6875,1244,664,176,109
294,358,car,0.84814453125,600,665,105,63
294,375,car,0.80419921875,464,640,65,45
294,390,car,0.91064453125,1660,685,197,92
294,443,car,0.45703125,506,628,58,41
294,488,car,0.53125,796,638,86,56
294,497,car,0.67578125,304,635,57,36
294,528,car,0.182373046875,618,621,35,14
294,540,car,0.72021484375,1046,660,80,54
294,542,car,0.27197265625,142,625,44,31
294,544,car,0.19189453125,553,628,48,43
294,547,car,0.71875,1857,653,122,37
294,553,truck,0.57568359375,369,616,56,51
294,556,fire hydrant,0.447509765625,261,652,25,54
295,98,person,0.87255859375,367,868,101,231
295,18,car,0.92822265625,1497,745,299,135
295,94,car,0.88720703125,1173,699,218,120
295,264,car,0.89306640625,1435,668,184,84
295,310,car,0.85595703125,401,647,80,48
295,326,truck,0.875,930,660,188,130
295,142,car,0.6494140625,1259,665,171,111
295,358,car,0.85302734375,605,666,103,63
295,375,car,0.8115234375,467,639,67,46
295,390,car,0.89501953125,1678,686,198,94
295,443,car,0.449462890625,508,628,58,41
295,488,car,0.67919921875,801,639,88,56
295,497,car,0.46875,305,634,59,37
295,528,car,0.1302490234375,614,621,35,16
295,540,car,0.70751953125,1055,661,83,56
295,542,car,0.289306640625,144,625,43,33
295,544,car,0.1883544921875,555,628,46,43
295,547,car,0.75048828125,1845,653,136,37
295,553,truck,0.474609375,371,617,59,52
295,556,fire hydrant,0.2005615234375,260,654,23,49
296,98,person,0.87158203125,367,869,101,229
296,18,car,0.9228515625,1537,749,311,137
296,94,car,0.87646484375,1197,701,223,122
296,264,car,0.8916015625,1462,671,189,89
296,310,car,0.84375,407,647,80,48
296,326,truck,0.83740234375,943,661,191,131
296,142,car,0.7880859375,1280,666,174,112
296,358,car,0.85693359375,613,667,105,64
296,375,car,0.75341796875,472,639,68,46
296,390,car,0.90185546875,1710,687,202,95
296,443,car,0.381103515625,511,628,66,41
296,488,car,0.7041015625,812,639,90,57
296,497,car,0.275146484375,311,634,61,37
296,528,car,0.235107421875,607,622,35,18
296,540,car,0.75927734375,1072,662,86,56
296,542,car,0.226806640625,148,625,43,33
296,547,car,0.69775390625,1824,652,123,38
296,553,truck,0.55810546875,373,617,61,53
