Frame,ID,Class,Confidence,X,Y,Width,Height
0,1,car,0.880859375,517,336,120,90
0,2,truck,0.8291015625,728,207,75,60
0,3,car,0.82666015625,682,318,108,81
0,4,truck,0.7841796875,580,277,99,79
0,5,car,0.77978515625,426,279,85,54
0,6,car,0.67236328125,846,240,48,33
0,7,car,0.6689453125,382,252,63,49
0,8,car,0.5908203125,1145,285,67,49
0,9,truck,0.52734375,930,249,57,45
0,10,car,0.38671875,435,230,51,42
1,1,car,0.875,518,338,120,90
1,2,truck,0.81298828125,727,207,75,59
1,3,car,0.81884765625,685,319,109,82
1,4,truck,0.72509765625,581,278,97,80
1,5,car,0.7734375,426,279,84,55
1,6,car,0.662109375,846,240,45,33
1,7,car,0.60205078125,382,253,61,49
1,8,car,0.65478515625,1143,284,68,49
1,9,truck,0.515625,930,249,56,45
1,10,car,0.42626953125,436,230,49,42
2,1,car,0.880859375,519,338,120,90
2,2,truck,0.81396484375,726,206,76,59
2,3,car,0.80419921875,688,319,108,83
2,4,truck,0.66357421875,583,278,98,80
2,5,car,0.75341796875,427,280,83,53
2,6,car,0.6806640625,844,240,47,33
2,7,car,0.6298828125,383,253,62,49
2,8,car,0.67041015625,1141,284,67,48
2,9,truck,0.474609375,927,248,55,46
2,10,car,0.453369140625,436,230,50,42
3,1,car,0.87841796875,521,339,121,92
3,2,truck,0.79296875,726,206,78,59
3,3,car,0.84912109375,690,320,109,84
3,4,truck,0.4921875,586,278,101,80
3,5,car,0.79052734375,428,279,85,54
3,6,car,0.611328125,843,240,46,33
3,7,car,0.67578125,383,253,61,48
3,8,car,0.75927734375,1138,284,66,48
3,9,truck,0.5390625,925,248,54,45
3,10,car,0.5078125,436,230,50,42
4,1,car,0.8740234375,523,340,122,93
4,2,truck,0.81396484375,726,206,77,59
4,3,car,0.81640625,693,321,109,86
4,4,truck,0.6533203125,587,278,100,81
4,5,car,0.79443359375,428,279,84,56
4,6,car,0.50390625,841,240,46,33
4,7,car,0.7041015625,384,253,63,49
4,8,car,0.72802734375,1137,284,65,48
4,9,truck,0.51171875,925,248,53,44
4,10,car,0.49609375,436,230,52,42
5,1,car,0.8740234375,524,342,123,93
5,2,truck,0.69921875,723,206,74,59
5,3,car,0.7919921875,696,322,110,86
5,4,truck,0.61328125,590,279,103,81
5,5,car,0.79296875,429,281,84,56
5,6,car,0.60009765625,841,240,47,32
5,7,car,0.70068359375,385,254,65,49
5,8,car,0.72314453125,1135,283,65,48
5,9,truck,0.478515625,923,248,53,43
5,10,car,0.544921875,437,230,52,43
5,13,car,0.346923828125,630,212,29,23
6,1,car,0.88330078125,526,343,123,94
6,2,truck,0.73876953125,722,206,73,59
6,3,car,0.84716796875,699,322,112,87
6,4,truck,0.673828125,591,279,103,81
6,5,car,0.8154296875,430,281,85,56
6,6,car,0.56005859375,840,239,46,32
6,7,car,0.69580078125,386,254,64,50
6,8,car,0.76904296875,1134,283,66,48
6,9,truck,0.4609375,922,248,53,43
6,10,car,0.615234375,439,231,51,42
6,13,car,0.33984375,630,211,29,23
7,1,car,0.89013671875,529,343,125,95
7,2,truck,0.796875,720,205,69,59
7,3,car,0.85986328125,702,323,113,87
7,4,truck,0.6875,593,280,103,82
7,5,car,0.82666015625,430,281,85,57
7,6,car,0.418701171875,839,239,46,32
7,7,car,0.70068359375,386,254,62,50
7,8,car,0.69921875,1131,283,66,48
7,9,truck,0.48828125,921,248,52,43
7,10,car,0.60205078125,439,231,50,42
7,13,car,0.329345703125,629,211,29,24
8,1,car,0.88720703125,530,345,125,96
8,2,truck,0.81640625,719,206,67,58
8,3,car,0.8427734375,705,325,114,87
8,4,truck,0.5888671875,595,281,103,82
8,5,car,0.83447265625,431,281,85,57
8,6,car,0.5078125,838,239,45,31
8,7,car,0.63330078125,387,254,62,50
8,8,car,0.66357421875,1129,283,65,48
8,9,truck,0.54296875,919,248,52,42
8,10,car,0.55078125,440,231,49,42
8,13,car,0.350341796875,629,211,29,24
9,1,car,0.884765625,532,346,126,95
9,2,truck,0.81982421875,719,205,67,58
9,3,car,0.7919921875,708,325,115,87
9,4,truck,0.642578125,597,282,104,82
9,5,car,0.830078125,432,282,85,57
9,6,car,0.529296875,837,239,45,32
9,7,car,0.611328125,389,254,64,50
9,8,car,0.6318359375,1127,282,65,48
9,9,truck,0.451416015625,919,248,53,43
9,10,car,0.5908203125,440,231,50,42
9,13,car,0.357666015625,628,211,29,23
9,17,car,0.332763671875,370,210,37,35
10,1,car,0.87060546875,534,347,128,96
10,2,truck,0.79833984375,718,205,68,58
10,3,car,0.8232421875,711,326,114,88
10,4,truck,0.69580078125,599,283,104,83
10,5,car,0.8154296875,434,282,88,58
10,6,car,0.57958984375,836,238,44,31
10,7,car,0.607421875,389,254,65,51
10,8,car,0.73095703125,1125,282,66,48
10,9,truck,0.4130859375,917,248,53,43
10,10,car,0.56396484375,440,231,52,43
10,13,car,0.3720703125,627,211,30,23
10,17,car,0.32421875,371,210,38,35
11,1,car,0.8623046875,536,348,131,97
11,2,truck,0.80078125,718,206,67,58
11,3,car,0.85107421875,714,327,115,88
11,4,truck,0.6826171875,600,283,104,85
11,5,car,0.82421875,435,283,89,59
11,6,car,0.640625,835,238,44,32
11,7,car,0.55810546875,389,254,64,52
11,8,car,0.69091796875,1123,281,66,48
11,9,truck,0.537109375,916,248,53,42
11,10,car,0.544921875,441,232,51,43
11,13,car,0.383056640625,626,211,30,23
11,17,car,0.2705078125,372,209,38,34
12,1,car,0.86328125,540,349,135,98
12,2,truck,0.7919921875,717,205,67,58
12,3,car,0.85595703125,717,327,115,89
12,4,truck,0.66552734375,602,284,106,85
12,5,car,0.83203125,436,283,88,60
12,6,car,0.6318359375,834,238,44,32
12,7,car,0.57763671875,390,255,64,51
12,8,car,0.73388671875,1121,281,66,48
12,9,truck,0.455078125,915,247,51,42
12,10,car,0.51953125,442,232,50,44
12,13,car,0.422607421875,625,210,30,23
12,17,car,0.2493896484375,372,210,38,33
13,1,car,0.87158203125,543,350,136,97
13,2,truck,0.751953125,716,205,67,58
13,3,car,0.82763671875,721,328,115,90
13,4,truck,0.7041015625,603,284,105,86
13,5,car,0.83984375,437,284,88,60
13,6,car,0.57177734375,833,238,44,32
13,7,car,0.611328125,390,256,64,51
13,8,car,0.73876953125,1119,280,65,48
13,9,truck,0.56396484375,913,247,53,42
13,10,car,0.49609375,443,232,50,43
13,13,car,0.267333984375,625,210,30,23
13,17,car,0.248046875,373,210,38,33
14,1,car,0.8740234375,544,351,137,98
14,2,truck,0.77978515625,715,205,68,59
14,3,car,0.8154296875,724,329,116,91
14,4,truck,0.67578125,605,284,105,86
14,5,car,0.83544921875,438,284,88,61
14,6,car,0.60009765625,831,238,45,32
14,7,car,0.642578125,391,257,64,50
14,8,car,0.73095703125,1117,281,64,48
14,9,truck,0.505859375,912,246,52,42
14,10,car,0.46484375,443,232,50,44
14,13,car,0.2705078125,624,210,31,24
14,17,car,0.1943359375,373,210,39,34
15,1,car,0.884765625,546,352,136,100
15,2,truck,0.7890625,714,205,69,59
15,3,car,0.8232421875,727,330,118,92
15,4,truck,0.689453125,607,285,106,86
15,5,car,0.78515625,439,284,88,62
15,6,car,0.56005859375,831,237,45,33
15,7,car,0.64794921875,391,257,64,50
15,8,car,0.7890625,1114,280,65,48
15,9,truck,0.39794921875,911,246,53,42
15,10,car,0.5078125,444,232,50,44
15,13,car,0.276611328125,624,210,32,24
15,17,car,0.2147216796875,373,209,39,34
16,1,car,0.88818359375,547,353,134,100
16,2,truck,0.76220703125,713,205,69,59
16,3,car,0.72509765625,730,332,120,93
16,4,truck,0.449462890625,609,285,105,86
16,5,car,0.7734375,441,285,88,62
16,6,car,0.552734375,830,238,45,32
16,7,car,0.62451171875,391,257,64,50
16,8,car,0.76904296875,1112,280,64,49
16,9,truck,0.501953125,910,246,52,42
16,10,car,0.458984375,445,232,50,43
16,13,car,0.3310546875,623,210,31,24
16,17,car,0.17333984375,374,210,39,34
17,1,car,0.89990234375,548,354,133,100
17,2,truck,0.763671875,713,205,68,59
17,3,car,0.67919921875,733,333,120,93
17,4,truck,0.607421875,611,286,105,86
17,5,car,0.78515625,442,286,87,62
17,6,car,0.55078125,829,237,45,32
17,7,car,0.541015625,393,258,66,51
17,8,car,0.7490234375,1111,280,63,49
17,9,truck,0.484375,909,245,52,41
17,10,car,0.453369140625,445,233,50,43
17,13,car,0.357666015625,622,209,30,24
17,17,car,0.1744384765625,375,210,41,33
18,1,car,0.90185546875,550,355,133,101
18,2,truck,0.763671875,713,204,69,59
18,3,car,0.7216796875,737,334,121,93
18,4,truck,0.5849609375,612,287,105,87
18,5,car,0.7919921875,443,286,88,61
18,6,car,0.392333984375,828,237,44,33
18,7,car,0.638671875,394,258,68,52
18,8,car,0.767578125,1109,280,65,49
18,9,truck,0.42626953125,908,245,53,41
18,10,car,0.39990234375,445,232,51,43
18,13,car,0.332763671875,622,209,30,25
18,17,car,0.1591796875,376,209,42,33
19,1,car,0.9033203125,551,357,135,103
19,2,truck,0.73095703125,712,204,70,59
19,3,car,0.7734375,740,335,121,93
19,4,truck,0.4765625,613,287,104,87
19,5,car,0.79931640625,444,287,87,61
19,6,car,0.39990234375,827,237,44,33
19,7,car,0.67578125,395,259,69,52
19,8,car,0.75634765625,1108,279,64,48
19,9,truck,0.33447265625,907,245,52,42
19,10,car,0.4072265625,445,233,52,44
19,13,car,0.381103515625,622,209,30,24
19,17,car,0.19677734375,377,210,43,34
20,1,car,0.900390625,553,358,135,103
20,2,truck,0.716796875,711,204,70,58
20,3,car,0.80810546875,743,336,121,94
20,4,truck,0.46484375,616,288,104,87
20,5,car,0.7841796875,446,287,90,62
20,6,car,0.357666015625,826,237,44,32
20,7,car,0.65478515625,395,259,68,52
20,8,car,0.78271484375,1106,279,63,47
20,9,truck,0.31396484375,906,245,53,42
20,10,car,0.5234375,446,234,51,44
20,13,car,0.312255859375,622,209,30,25
20,17,car,0.1461181640625,375,210,48,35
21,1,car,0.8984375,555,359,135,104
21,2,truck,0.74755859375,712,204,69,58
21,3,car,0.79296875,748,337,121,95
21,4,truck,0.56201171875,618,289,105,88
21,5,car,0.767578125,447,287,91,62
21,6,car,0.482421875,825,236,44,32
21,7,car,0.64794921875,396,260,67,52
21,8,car,0.72509765625,1105,278,63,48
21,9,truck,0.322509765625,904,245,53,42
21,10,car,0.57177734375,448,234,52,45
21,13,car,0.34326171875,621,209,31,24
21,17,car,0.20556640625,376,210,45,34
22,1,car,0.90185546875,557,361,136,104
22,2,truck,0.76904296875,711,204,69,58
22,3,car,0.796875,751,339,123,96
22,4,truck,0.43017578125,621,290,108,89
22,5,car,0.7578125,447,288,89,63
22,6,car,0.368408203125,824,236,43,32
22,7,car,0.640625,396,260,66,53
22,8,car,0.7138671875,1103,277,64,48
22,9,truck,0.3173828125,903,245,51,42
22,10,car,0.494140625,449,234,53,45
22,13,car,0.34521484375,620,209,31,25
22,17,car,0.1365966796875,377,210,45,35
23,1,car,0.89697265625,559,362,135,105
23,2,truck,0.7294921875,711,203,69,58
23,3,car,0.78662109375,754,340,124,96
23,4,car,0.441650390625,624,290,110,89
23,5,car,0.78271484375,449,289,90,64
23,6,car,0.341552734375,822,235,44,31
23,7,car,0.67041015625,396,260,66,54
23,8,car,0.5888671875,1101,277,63,48
23,9,truck,0.2421875,902,245,53,42
23,10,car,0.517578125,450,234,53,45
23,13,car,0.350341796875,620,209,31,25
23,17,car,0.1744384765625,378,210,44,35
23,20,truck,0.42431640625,624,290,111,89
24,1,car,0.8974609375,562,363,137,105
24,2,truck,0.73388671875,709,203,69,58
24,3,car,0.796875,758,341,124,97
24,4,truck,0.57373046875,626,291,111,89
24,5,car,0.7880859375,450,290,92,63
24,6,car,0.505859375,822,235,44,31
24,7,car,0.68408203125,398,260,68,54
24,8,car,0.72509765625,1099,277,63,48
24,9,truck,0.310791015625,901,245,53,41
24,10,car,0.53515625,451,234,55,45
24,13,car,0.39794921875,620,209,31,25
24,17,car,0.21337890625,378,210,43,35
25,1,car,0.8984375,564,365,137,105
25,2,truck,0.7373046875,709,203,69,58
25,3,car,0.5234375,762,342,125,97
25,4,truck,0.689453125,629,292,112,90
25,5,car,0.79833984375,451,290,92,63
25,6,car,0.4921875,821,235,44,31
25,7,car,0.689453125,398,261,69,55
25,8,car,0.74609375,1097,276,62,47
25,9,truck,0.437744140625,900,245,51,41
25,10,car,0.57177734375,452,234,54,45
25,13,car,0.37939453125,620,209,31,24
25,17,car,0.25244140625,379,210,43,35
26,1,car,0.8955078125,566,366,140,105
26,2,truck,0.7138671875,708,203,69,58
26,3,car,0.82666015625,766,343,126,97
26,4,truck,0.66552734375,630,292,112,90
26,5,car,0.78125,452,290,91,64
26,6,car,0.462890625,820,235,44,32
26,7,car,0.638671875,399,261,69,54
26,8,car,0.73095703125,1095,276,62,46
26,9,truck,0.435791015625,897,245,53,41
26,10,car,0.55810546875,452,234,53,45
26,13,car,0.341552734375,619,209,32,24
26,17,car,0.219970703125,378,210,46,36
27,1,car,0.89404296875,569,367,140,106
27,2,truck,0.7041015625,708,203,68,58
27,3,car,0.85693359375,769,344,128,98
27,4,truck,0.60595703125,633,293,114,91
27,5,car,0.78515625,452,291,91,64
27,6,car,0.56201171875,818,235,44,32
27,7,car,0.69091796875,401,261,69,55
27,8,car,0.71240234375,1092,276,62,46
27,9,truck,0.46484375,896,244,52,41
27,10,car,0.5546875,453,234,53,45
27,13,car,0.24072265625,619,208,32,24
27,17,car,0.2294921875,378,211,51,38
28,1,car,0.8857421875,571,368,141,107
28,2,truck,0.76611328125,707,203,68,58
28,3,car,0.88427734375,773,346,129,99
28,4,truck,0.6826171875,636,294,115,92
28,5,car,0.79931640625,453,291,91,64
28,6,car,0.56591796875,817,234,44,33
28,7,car,0.71533203125,402,262,68,55
28,8,car,0.56787109375,1091,275,62,46
28,9,truck,0.478515625,895,244,52,41
28,10,car,0.5546875,454,234,54,46
28,13,car,0.2322998046875,618,208,32,23
28,17,car,0.25244140625,379,211,49,37
29,1,car,0.88330078125,573,369,141,109
29,2,truck,0.73095703125,706,203,68,59
29,3,car,0.79833984375,777,347,131,100
29,4,truck,0.82421875,638,295,115,93
29,5,car,0.80419921875,455,291,91,65
29,6,car,0.458984375,817,234,44,33
29,7,car,0.71875,401,262,69,55
29,8,car,0.673828125,1089,275,62,46
29,9,truck,0.484375,894,244,52,40
29,10,car,0.59619140625,455,235,53,47
29,13,car,0.21337890625,617,208,31,23
29,17,car,0.25244140625,381,211,47,38
30,1,car,0.88232421875,575,370,142,110
30,2,truck,0.63720703125,706,203,69,59
30,3,car,0.85205078125,780,348,131,100
30,4,truck,0.79443359375,640,295,116,93
30,5,car,0.81982421875,456,292,93,65
30,6,car,0.515625,816,234,44,33
30,7,car,0.7041015625,402,263,68,55
30,8,car,0.658203125,1087,275,61,46
30,9,truck,0.4921875,893,243,51,40
30,10,car,0.61328125,456,235,53,48
30,13,car,0.3056640625,617,207,31,23
30,17,car,0.24658203125,382,211,46,38
31,1,car,0.8759765625,577,371,143,110
31,2,truck,0.67578125,705,203,68,59
31,3,car,0.82666015625,784,350,132,100
31,4,truck,0.8115234375,642,296,116,93
31,5,car,0.83447265625,457,293,93,64
31,6,car,0.53125,815,233,44,32
31,7,car,0.71044921875,402,263,68,55
31,8,car,0.76220703125,1086,274,62,46
31,9,truck,0.529296875,892,243,52,39
31,10,car,0.6494140625,456,236,54,48
31,13,car,0.2239990234375,617,207,31,24
31,17,car,0.2108154296875,381,211,46,38
32,1,car,0.8818359375,580,373,145,109
32,2,truck,0.74609375,705,203,67,58
32,3,car,0.8623046875,788,351,132,100
32,4,truck,0.72802734375,644,296,117,93
32,5,car,0.8115234375,458,293,93,65
32,6,car,0.54296875,815,233,44,31
32,7,car,0.673828125,404,263,70,56
32,8,car,0.73388671875,1083,274,61,45
32,9,truck,0.482421875,891,243,51,40
32,10,car,0.5888671875,457,236,54,48
32,13,car,0.32080078125,617,207,30,24
32,17,car,0.2294921875,381,211,45,38
33,1,car,0.87255859375,582,374,145,110
33,2,truck,0.77197265625,704,203,68,58
33,3,car,0.880859375,791,352,132,101
33,4,truck,0.7138671875,646,297,118,93
33,5,car,0.82421875,459,294,94,66
33,6,car,0.5078125,813,233,44,31
33,7,car,0.6533203125,404,263,69,56
33,8,car,0.78662109375,1082,273,60,45
33,9,truck,0.451416015625,889,242,51,40
33,10,car,0.61328125,457,236,54,48
33,13,car,0.248046875,616,206,30,23
33,17,car,0.1943359375,380,212,47,38
34,1,car,0.87646484375,585,376,149,110
34,2,truck,0.7490234375,704,203,69,59
34,3,car,0.88427734375,796,353,134,102
34,4,truck,0.65478515625,648,297,119,93
34,5,car,0.83349609375,460,294,95,66
34,6,car,0.50390625,812,232,44,31
34,7,car,0.6298828125,405,264,70,57
34,8,car,0.7734375,1080,273,62,45
34,9,truck,0.529296875,889,242,50,40
34,10,car,0.5888671875,458,236,54,48
34,13,car,0.21337890625,615,206,29,23
34,17,car,0.1812744140625,381,211,45,37
35,1,car,0.8759765625,588,378,151,111
35,2,truck,0.7841796875,703,202,69,59
35,3,car,0.88427734375,800,354,135,103
35,4,truck,0.708984375,651,298,119,94
35,5,car,0.83740234375,461,295,95,67
35,6,car,0.509765625,811,232,43,31
35,7,car,0.6689453125,406,264,70,57
35,8,car,0.8232421875,1078,273,60,45
35,9,truck,0.56591796875,888,242,50,40
35,10,car,0.59619140625,459,236,55,48
35,13,car,0.2379150390625,614,206,29,23
35,17,car,0.2108154296875,381,210,44,36
36,1,car,0.8818359375,591,380,152,113
36,2,truck,0.7373046875,702,203,68,58
36,3,car,0.888671875,803,356,135,104
36,4,truck,0.462890625,652,299,120,94
36,5,car,0.845703125,462,296,95,66
36,6,car,0.5869140625,810,232,43,31
36,7,car,0.62255859375,406,265,70,56
36,8,car,0.75634765625,1077,273,61,45
36,9,truck,0.453369140625,886,241,48,40
36,10,car,0.529296875,459,236,56,48
36,13,car,0.24365234375,613,206,28,23
36,17,car,0.1602783203125,382,210,43,36
37,1,car,0.8916015625,594,382,155,114
37,2,truck,0.70556640625,702,202,67,58
37,3,car,0.88330078125,808,357,135,105
37,4,truck,0.441650390625,654,299,119,94
37,5,car,0.84912109375,463,297,95,67
37,6,car,0.6494140625,810,232,43,31
37,7,car,0.6826171875,407,266,69,56
37,8,car,0.7890625,1075,273,60,45
37,9,truck,0.57958984375,885,241,49,40
37,10,car,0.525390625,460,236,56,48
37,13,car,0.21728515625,613,206,28,24
37,17,car,0.22265625,383,210,42,36
38,1,car,0.89892578125,597,383,156,115
38,2,truck,0.70068359375,701,202,67,58
38,3,car,0.884765625,812,359,136,106
38,4,truck,0.57958984375,656,300,117,94
38,5,car,0.84814453125,464,297,95,66
38,6,car,0.484375,809,232,43,31
38,7,car,0.6826171875,408,266,70,56
38,8,car,0.74169921875,1073,273,61,45
38,9,truck,0.6533203125,884,241,50,40
38,10,car,0.513671875,461,236,56,48
38,13,car,0.182373046875,613,206,28,24
38,17,car,0.193115234375,384,210,40,35
39,1,car,0.89697265625,599,384,155,116
39,2,truck,0.76220703125,701,202,66,58
39,3,car,0.88623046875,817,360,139,107
39,4,truck,0.63330078125,659,301,118,95
39,5,car,0.841796875,466,298,96,67
39,6,car,0.515625,807,232,42,31
39,7,car,0.69091796875,410,266,73,56
39,8,car,0.78271484375,1071,273,62,45
39,9,truck,0.64794921875,883,240,50,39
39,10,car,0.57958984375,462,237,56,48
39,13,car,0.1812744140625,612,206,28,24
39,17,car,0.2393798828125,385,210,40,34
40,1,car,0.90283203125,601,385,154,116
40,2,truck,0.80419921875,700,202,66,58
40,3,car,0.89013671875,822,361,140,108
40,4,truck,0.5927734375,661,302,119,96
40,5,car,0.81640625,467,298,96,68
40,6,car,0.54296875,807,232,42,30
40,7,car,0.69287109375,410,266,72,57
40,8,car,0.77734375,1070,272,61,45
40,9,truck,0.67724609375,882,240,50,39
40,10,car,0.437744140625,462,237,57,49
40,13,car,0.1602783203125,611,206,28,23
40,17,car,0.236572265625,385,211,41,34
41,1,car,0.89697265625,602,387,154,117
41,2,truck,0.80810546875,699,202,66,57
41,3,car,0.88818359375,826,363,142,108
41,4,truck,0.59619140625,664,302,121,97
41,5,car,0.8310546875,469,298,96,69
41,6,car,0.51171875,806,233,41,31
41,7,car,0.7373046875,411,266,72,58
41,8,car,0.7294921875,1067,272,62,45
41,9,truck,0.658203125,881,240,50,39
41,10,car,0.439697265625,463,237,57,49
41,13,car,0.175537109375,611,206,28,23
41,17,car,0.262939453125,385,211,42,34
42,1,car,0.89501953125,605,388,155,117
42,2,truck,0.7880859375,699,202,66,57
42,3,car,0.880859375,830,364,142,108
42,4,truck,0.71240234375,667,303,123,98
42,5,car,0.82763671875,470,300,97,68
42,6,car,0.52734375,805,232,40,31
42,7,car,0.71533203125,412,267,73,58
42,8,car,0.81298828125,1066,271,61,45
42,9,truck,0.63720703125,880,240,49,38
42,10,car,0.51953125,464,238,56,49
42,13,car,0.19189453125,611,206,28,23
42,17,car,0.2705078125,386,211,42,35
43,1,car,0.89697265625,607,390,157,118
43,2,truck,0.71044921875,698,202,66,58
43,3,car,0.86962890625,835,366,143,109
43,4,truck,0.78662109375,670,304,124,98
43,5,car,0.8173828125,472,300,99,68
43,6,car,0.51171875,804,232,41,31
43,7,car,0.708984375,413,267,72,58
43,8,car,0.81640625,1064,271,62,44
43,9,truck,0.66357421875,878,240,50,38
43,10,car,0.56591796875,465,238,57,49
43,13,car,0.172119140625,610,205,28,23
43,17,car,0.2081298828125,386,211,42,36
44,1,car,0.89404296875,610,391,158,120
44,2,truck,0.73583984375,697,202,65,57
44,3,car,0.88623046875,839,368,145,110
44,4,truck,0.740234375,672,305,125,98
44,5,car,0.81982421875,473,302,98,67
44,6,car,0.4765625,803,232,41,31
44,7,car,0.6826171875,414,268,74,58
44,8,car,0.81884765625,1063,271,60,44
44,9,truck,0.6318359375,877,239,50,39
44,10,car,0.548828125,465,238,58,49
44,13,car,0.21728515625,610,206,27,23
44,17,car,0.248046875,387,211,42,35
45,1,car,0.89501953125,613,393,160,121
45,2,truck,0.78662109375,697,202,65,57
45,3,car,0.86962890625,844,369,145,110
45,4,truck,0.72509765625,675,305,127,98
45,5,car,0.80810546875,474,302,99,68
45,6,car,0.4111328125,802,231,41,31
45,7,car,0.67578125,416,267,76,58
45,8,car,0.80078125,1061,270,61,44
45,9,truck,0.6806640625,877,239,49,40
45,10,car,0.474609375,467,238,57,49
45,13,car,0.1766357421875,609,206,27,23
45,17,car,0.2281494140625,387,211,43,35
46,1,car,0.89697265625,616,394,161,123
46,2,truck,0.74755859375,696,201,65,57
46,3,car,0.89306640625,848,371,146,111
46,4,truck,0.64404296875,678,306,128,99
46,5,car,0.8232421875,475,303,98,68
46,6,car,0.4130859375,802,231,41,31
46,7,car,0.6689453125,418,268,77,57
46,8,car,0.81640625,1059,270,61,45
46,9,truck,0.6533203125,876,239,49,40
46,10,car,0.53125,468,239,56,48
46,13,car,0.1656494140625,609,206,28,23
46,17,car,0.2081298828125,389,212,43,35
47,1,car,0.9033203125,618,396,162,124
47,2,truck,0.69287109375,696,201,65,57
47,3,car,0.89404296875,853,372,148,111
47,4,truck,0.81396484375,680,307,128,100
47,5,car,0.82080078125,476,303,98,69
47,6,car,0.307373046875,800,231,43,31
47,7,car,0.67236328125,417,269,75,57
47,8,car,0.81396484375,1057,270,60,45
47,9,truck,0.611328125,875,239,48,40
47,10,car,0.55810546875,468,239,56,48
47,13,car,0.127685546875,608,206,28,23
47,17,car,0.26904296875,389,211,44,35
48,1,car,0.908203125,622,399,162,124
48,2,truck,0.5947265625,696,201,65,57
48,3,car,0.8896484375,859,374,149,112
48,4,truck,0.77587890625,682,308,128,101
48,5,car,0.81884765625,477,303,99,70
48,6,car,0.329345703125,799,231,43,31
48,7,car,0.64599609375,420,270,79,57
48,8,car,0.8017578125,1057,270,60,44
48,9,truck,0.609375,874,239,48,40
48,10,car,0.48828125,469,240,55,49
48,13,car,0.1302490234375,607,206,28,23
48,17,car,0.2568359375,390,212,43,35
49,1,car,0.90478515625,625,401,163,123
49,2,truck,0.56201171875,695,201,65,56
49,3,car,0.8857421875,863,376,150,114
49,4,truck,0.7265625,685,308,129,101
49,5,car,0.80908203125,478,304,98,71
49,6,car,0.2783203125,798,231,42,31
49,7,car,0.67236328125,420,270,79,58
49,8,car,0.810546875,1054,270,59,45
49,9,truck,0.60400390625,873,239,49,40
49,10,car,0.611328125,470,240,56,49
49,13,car,0.1329345703125,607,205,29,23
49,17,car,0.329345703125,390,212,43,35
50,1,car,0.9052734375,628,402,164,125
50,2,truck,0.57763671875,694,201,64,56
50,3,car,0.8759765625,868,378,151,116
50,4,truck,0.7490234375,687,309,130,101
50,5,car,0.82421875,479,305,98,70
50,6,car,0.3173828125,797,231,44,31
50,7,car,0.67578125,421,270,78,59
50,8,car,0.80908203125,1053,269,59,44
50,9,truck,0.5830078125,872,239,49,40
50,10,car,0.50390625,471,241,57,49
50,13,car,0.1312255859375,607,206,28,23
50,17,car,0.294189453125,390,212,42,35
51,1,car,0.9052734375,630,405,166,125
51,2,truck,0.64794921875,694,201,64,55
51,3,car,0.8955078125,873,380,152,116
51,4,truck,0.61865234375,690,310,130,103
51,5,car,0.82666015625,480,305,100,71
51,6,car,0.373779296875,796,231,44,31
51,7,car,0.6279296875,421,270,77,60
51,8,car,0.8017578125,1052,269,59,43
51,9,truck,0.63330078125,871,239,50,39
51,10,car,0.466796875,472,241,57,50
51,13,car,0.1510009765625,606,206,27,23
51,17,car,0.2108154296875,390,212,42,35
52,1,car,0.90283203125,633,406,167,126
52,2,truck,0.7294921875,693,201,64,56
52,3,car,0.89697265625,878,381,153,117
52,4,truck,0.60009765625,693,310,130,103
52,5,car,0.81982421875,482,306,101,72
52,6,car,0.46875,796,230,43,31
52,7,car,0.62255859375,422,270,78,59
52,8,car,0.751953125,1050,269,59,43
52,9,truck,0.66015625,870,238,50,39
52,10,car,0.420654296875,473,241,58,50
52,17,car,0.1981201171875,392,212,44,36
53,1,car,0.89697265625,636,408,168,127
53,2,truck,0.525390625,693,201,65,56
53,3,car,0.8916015625,883,383,154,117
53,4,truck,0.5078125,696,311,131,104
53,5,car,0.806640625,484,307,101,72
53,6,car,0.4111328125,795,230,42,30
53,7,car,0.640625,422,271,78,61
53,8,car,0.79833984375,1048,268,58,42
53,9,truck,0.55078125,868,238,49,39
53,10,car,0.478515625,474,241,58,51
53,17,car,0.2493896484375,392,213,44,36
54,1,car,0.90380859375,639,410,169,127
54,2,truck,0.447509765625,692,201,65,56
54,3,car,0.88818359375,889,385,155,118
54,4,truck,0.67236328125,697,312,130,105
54,5,car,0.8154296875,485,307,103,72
54,6,car,0.332763671875,793,230,42,31
54,7,car,0.658203125,423,271,79,62
54,8,car,0.7734375,1046,268,59,43
54,9,truck,0.689453125,867,238,48,39
54,10,car,0.355712890625,475,241,58,51
54,17,car,0.2069091796875,392,213,44,36
55,1,car,0.8974609375,643,411,170,127
55,2,truck,0.62451171875,691,200,65,56
55,3,car,0.88330078125,894,386,158,120
55,4,truck,0.462890625,700,313,130,105
55,5,car,0.80908203125,487,307,104,74
55,6,car,0.405517578125,793,230,41,30
55,7,car,0.64404296875,424,272,78,61
55,8,car,0.79833984375,1045,268,59,43
55,9,truck,0.66015625,866,237,50,38
55,10,car,0.435791015625,476,241,58,51
55,17,car,0.2861328125,393,213,45,36
56,1,car,0.9052734375,646,414,173,129
56,2,truck,0.740234375,690,201,65,56
56,3,car,0.9033203125,899,388,160,121
56,4,car,0.50390625,703,314,131,106
56,5,car,0.8154296875,488,307,104,74
56,6,car,0.4072265625,792,230,41,30
56,7,car,0.69091796875,425,273,80,61
56,8,car,0.80078125,1042,268,59,43
56,9,truck,0.6318359375,866,237,49,38
56,10,car,0.57568359375,477,242,58,51
56,17,car,0.2783203125,393,213,45,36
56,29,truck,0.509765625,703,314,132,106
57,1,car,0.9033203125,649,416,176,131
57,2,truck,0.64794921875,689,201,66,56
57,3,car,0.90576171875,904,390,160,122
57,4,truck,0.537109375,707,314,134,106
57,5,car,0.81640625,489,308,105,75
57,6,car,0.36669921875,791,230,41,30
57,7,car,0.6806640625,425,273,79,61
57,8,car,0.796875,1041,268,58,43
57,9,truck,0.56787109375,865,237,50,38
57,10,car,0.56005859375,477,242,58,52
57,17,car,0.29736328125,393,213,46,36
58,1,car,0.89306640625,655,418,180,133
58,2,truck,0.6259765625,689,200,66,56
58,3,car,0.89404296875,911,392,162,123
58,4,truck,0.56396484375,710,315,135,107
58,5,car,0.82763671875,491,309,106,74
58,6,car,0.394287109375,790,230,41,31
58,7,car,0.6494140625,426,273,79,60
58,8,car,0.8017578125,1040,267,59,43
58,9,truck,0.609375,864,237,50,38
58,10,car,0.552734375,479,242,57,52
58,17,car,0.265869140625,393,213,46,36
59,1,car,0.900390625,660,420,185,135
59,2,truck,0.513671875,689,200,64,55
59,3,car,0.9033203125,916,394,162,124
59,4,truck,0.533203125,713,316,137,107
59,5,car,0.82568359375,492,310,107,73
59,6,car,0.381103515625,789,229,41,31
59,7,car,0.640625,427,274,79,61
59,8,car,0.80908203125,1038,267,57,42
59,9,truck,0.453369140625,863,237,49,38
59,10,car,0.611328125,479,243,58,51
59,17,car,0.361083984375,394,214,47,37
60,1,car,0.90478515625,663,422,186,136
60,2,truck,0.69775390625,688,199,64,56
60,3,car,0.8857421875,922,396,164,126
60,4,truck,0.71240234375,716,317,137,108
60,5,car,0.830078125,493,311,105,73
60,6,car,0.31396484375,788,229,41,31
60,7,car,0.61669921875,427,274,79,61
60,8,car,0.78271484375,1036,267,57,42
60,9,truck,0.54296875,861,237,48,38
60,10,car,0.521484375,480,243,57,52
60,17,car,0.315673828125,394,214,47,37
61,1,car,0.9013671875,665,423,185,137
61,2,truck,0.77587890625,687,199,65,56
61,3,car,0.88818359375,928,398,165,127
61,4,car,0.43408203125,719,319,139,109
61,5,car,0.830078125,495,312,106,74
61,6,car,0.490234375,788,229,40,31
61,7,car,0.6494140625,428,274,80,62
61,8,car,0.822265625,1035,266,56,42
61,9,car,0.39990234375,859,237,50,39
61,10,car,0.61328125,481,243,56,51
61,17,car,0.375732421875,395,214,48,37
61,31,truck,0.381103515625,859,237,50,39
62,1,car,0.89990234375,668,425,185,138
62,2,truck,0.73583984375,687,199,66,56
62,3,car,0.8818359375,934,400,167,127
62,4,truck,0.55810546875,722,320,139,110
62,5,car,0.81396484375,496,312,107,75
62,6,car,0.5078125,787,229,40,31
62,7,car,0.6279296875,429,274,80,63
62,8,car,0.806640625,1033,266,57,42
62,9,car,0.447509765625,858,237,48,39
62,10,car,0.60400390625,482,243,56,51
62,17,car,0.310791015625,396,214,49,37
63,1,car,0.8974609375,670,426,185,140
63,2,truck,0.78515625,686,199,66,57
63,3,car,0.89404296875,940,402,169,128
63,4,truck,0.61865234375,724,321,140,111
63,5,car,0.81884765625,498,312,107,77
63,6,car,0.4130859375,787,229,40,31
63,7,car,0.640625,430,275,80,62
63,8,car,0.80419921875,1031,265,57,42
63,9,truck,0.5,857,237,48,38
63,10,car,0.5869140625,483,243,57,52
63,17,car,0.310791015625,397,214,48,38
63,34,car,0.312255859375,434,228,48,34
64,1,car,0.90380859375,673,429,186,139
64,2,truck,0.806640625,686,199,65,57
64,3,car,0.90673828125,946,404,170,129
64,4,truck,0.71875,728,322,142,111
64,5,car,0.83203125,499,312,108,77
64,6,car,0.505859375,786,228,41,31
64,7,car,0.70751953125,432,275,82,63
64,8,car,0.83447265625,1030,265,59,42
64,9,car,0.55078125,856,237,48,38
64,10,car,0.65478515625,484,244,57,52
64,17,car,0.381103515625,397,214,48,38
64,34,car,0.470703125,435,229,47,34
65,1,car,0.90576171875,676,432,187,139
65,2,truck,0.806640625,686,199,64,57
65,3,car,0.91259765625,952,406,172,130
65,4,truck,0.7373046875,732,323,141,112
65,5,car,0.83740234375,501,313,109,78
65,6,car,0.46484375,785,228,41,31
65,7,car,0.73388671875,433,276,82,63
65,8,car,0.7958984375,1029,265,58,42
65,9,car,0.48046875,855,237,47,38
65,10,car,0.62451171875,485,244,57,53
65,17,car,0.383056640625,398,214,48,38
65,34,car,0.47265625,436,229,48,34
66,1,car,0.90380859375,680,435,188,141
66,2,truck,0.8017578125,685,198,64,56
66,3,car,0.9033203125,959,409,174,131
66,4,truck,0.81640625,735,323,143,112
66,5,car,0.82568359375,503,313,110,77
66,6,car,0.3701171875,784,228,41,31
66,7,car,0.7138671875,433,277,83,63
66,8,car,0.8154296875,1027,265,58,42
66,9,truck,0.4765625,854,236,47,37
66,10,car,0.5546875,487,245,56,54
66,17,car,0.322509765625,398,214,47,37
66,34,car,0.375732421875,436,229,49,35
67,1,car,0.9111328125,684,438,189,142
67,2,truck,0.79052734375,685,199,64,56
67,3,car,0.908203125,965,411,176,132
67,4,truck,0.8017578125,738,324,144,113
67,5,car,0.8427734375,505,314,110,77
67,6,car,0.38671875,784,228,40,31
67,7,car,0.74755859375,435,277,84,63
67,8,car,0.7041015625,1025,265,57,42
67,9,car,0.462890625,853,236,47,38
67,10,car,0.55810546875,487,245,56,54
67,17,car,0.3720703125,399,214,47,37
67,34,car,0.33984375,437,229,49,35
67,36,truck,0.3720703125,853,236,47,37
68,1,car,0.9052734375,688,441,190,144
68,2,truck,0.767578125,684,198,63,56
68,3,car,0.9052734375,972,413,177,132
68,4,truck,0.67724609375,741,326,145,115
68,5,car,0.8427734375,506,315,110,76
68,6,car,0.375732421875,783,227,40,31
68,7,car,0.77587890625,436,277,85,63
68,8,car,0.74609375,1024,264,59,42
68,9,truck,0.443603515625,852,236,46,37
68,10,car,0.60400390625,488,245,59,54
68,17,car,0.38671875,400,215,47,37
68,34,car,0.363037109375,438,229,48,36
68,36,car,0.394287109375,853,236,48,37
68,38,car,0.30908203125,335,221,49,36
69,1,car,0.90380859375,692,443,193,145
69,2,truck,0.78271484375,683,198,62,56
69,3,car,0.91748046875,978,416,178,134
69,4,truck,0.6259765625,743,327,145,114
69,5,car,0.85595703125,507,316,111,77
69,6,car,0.355712890625,781,227,40,31
69,7,car,0.75634765625,437,278,86,63
69,8,car,0.763671875,1022,264,57,42
69,9,truck,0.484375,850,236,47,37
69,10,car,0.546875,489,245,58,54
69,17,car,0.30908203125,401,215,46,37
69,34,car,0.2493896484375,438,229,48,36
69,36,car,0.36669921875,851,236,47,38
69,38,car,0.26904296875,336,221,49,35
70,1,car,0.9033203125,696,445,195,146
70,2,truck,0.7705078125,683,198,61,56
70,3,car,0.89990234375,985,418,180,136
70,4,truck,0.78125,746,328,146,115
70,5,car,0.84814453125,510,318,111,77
70,6,car,0.29736328125,781,227,40,31
70,7,car,0.732421875,438,278,86,63
70,8,car,0.81884765625,1020,263,57,41
70,9,truck,0.439697265625,850,235,47,37
70,10,car,0.521484375,491,246,57,54
70,17,car,0.26904296875,402,215,45,38
70,34,car,0.216064453125,439,230,48,37
70,36,car,0.394287109375,850,235,47,38
70,38,car,0.2017822265625,336,221,49,35
71,1,car,0.91162109375,700,447,197,148
71,2,truck,0.78515625,683,198,61,56
71,3,car,0.9033203125,991,420,181,137
71,4,truck,0.62451171875,750,329,148,115
71,5,car,0.84912109375,511,319,112,77
71,6,car,0.3701171875,780,227,39,31
71,7,car,0.74169921875,440,279,86,64
71,8,car,0.75634765625,1019,263,57,41
71,9,truck,0.455078125,850,235,47,38
71,10,car,0.541015625,491,246,57,54
71,17,car,0.26904296875,402,216,46,39
71,34,car,0.235107421875,440,230,49,37
71,36,car,0.291015625,850,235,46,39
71,38,car,0.226806640625,336,221,49,35
72,1,car,0.91357421875,704,449,198,148
72,2,truck,0.78515625,683,198,61,56
72,3,car,0.9091796875,998,422,182,138
72,4,truck,0.70263671875,753,330,149,116
72,5,car,0.84375,512,319,112,77
72,6,car,0.515625,778,227,41,31
72,7,car,0.7607421875,440,280,87,64
72,8,car,0.8154296875,1017,262,56,41
72,9,truck,0.34521484375,848,235,47,38
72,10,car,0.609375,491,247,57,54
72,17,car,0.32763671875,402,216,46,39
72,34,car,0.29248046875,440,230,49,37
72,36,car,0.422607421875,849,235,47,39
72,38,car,0.315673828125,337,221,50,35
72,40,car,0.5078125,753,330,150,116
73,1,car,0.9091796875,708,452,200,150
73,2,truck,0.78125,682,198,61,55
73,3,car,0.90380859375,1005,425,185,139
73,4,truck,0.7548828125,757,331,150,116
73,5,car,0.84814453125,514,321,112,78
73,6,car,0.4609375,777,227,41,31
73,7,car,0.74755859375,442,280,89,64
73,8,car,0.79443359375,1016,263,56,41
73,9,car,0.517578125,847,235,47,38
73,10,car,0.55078125,492,247,58,54
73,17,car,0.31396484375,402,216,47,38
73,34,car,0.25537109375,441,230,48,38
73,38,car,0.315673828125,337,221,50,35
74,1,car,0.9072265625,713,454,201,152
74,2,truck,0.6689453125,681,198,61,55
74,3,car,0.90576171875,1013,427,187,140
74,4,truck,0.78271484375,760,333,151,117
74,5,car,0.85205078125,515,322,112,78
74,6,car,0.4091796875,776,227,40,31
74,7,car,0.7373046875,443,281,90,65
74,8,car,0.69775390625,1014,263,56,41
74,9,car,0.422607421875,847,235,47,39
74,10,car,0.52734375,493,248,59,54
74,17,car,0.2281494140625,403,217,47,39
74,34,car,0.2379150390625,443,230,49,38
74,38,car,0.2186279296875,338,221,50,36
75,1,car,0.91259765625,717,457,202,153
75,2,truck,0.5830078125,680,198,61,55
75,3,car,0.90576171875,1020,429,188,142
75,4,truck,0.81396484375,763,334,151,118
75,5,car,0.85595703125,516,323,114,79
75,6,car,0.462890625,775,227,40,31
75,7,car,0.77734375,444,281,91,64
75,8,car,0.79931640625,1013,263,56,41
75,9,car,0.513671875,845,235,47,38
75,10,car,0.56982421875,494,248,59,53
75,17,car,0.2281494140625,403,216,47,39
75,34,car,0.248046875,444,231,49,39
75,38,car,0.24365234375,338,222,50,37
76,1,car,0.90283203125,722,460,204,154
76,2,truck,0.69580078125,680,198,61,55
76,3,car,0.88720703125,1028,432,191,143
76,4,truck,0.845703125,767,335,152,120
76,5,car,0.85302734375,518,323,114,81
76,6,car,0.470703125,775,227,40,31
76,7,car,0.74609375,445,282,90,65
76,8,car,0.7646484375,1011,262,56,41
76,9,car,0.57958984375,844,235,47,38
76,10,car,0.56982421875,496,248,60,52
76,17,car,0.262939453125,404,216,46,39
76,34,car,0.27197265625,444,231,50,38
76,38,car,0.310791015625,338,222,50,37
76,42,person,0.376708984375,890,219,13,34
77,1,car,0.90869140625,726,462,208,155
77,2,truck,0.689453125,680,198,61,56
77,3,car,0.8984375,1035,435,193,145
77,4,truck,0.81298828125,771,336,154,120
77,5,car,0.8427734375,519,324,114,81
77,6,car,0.418701171875,774,227,40,31
77,7,car,0.73388671875,446,282,89,65
77,8,car,0.80419921875,1010,262,55,41
77,9,car,0.505859375,844,234,47,37
77,10,car,0.56787109375,497,249,59,54
77,17,car,0.273681640625,404,216,45,39
77,34,car,0.303955078125,445,232,50,38
77,38,car,0.36474609375,339,222,51,37
77,42,person,0.403564453125,889,218,14,33
78,1,car,0.9072265625,730,465,210,157
78,2,truck,0.689453125,679,198,62,56
78,3,car,0.8984375,1043,438,195,146
78,4,truck,0.8310546875,774,337,155,121
78,5,car,0.83740234375,522,325,116,82
78,6,car,0.435791015625,773,226,39,30
78,7,car,0.7607421875,447,283,88,66
78,8,car,0.7705078125,1008,262,56,40
78,9,car,0.47265625,843,234,47,37
78,10,car,0.6279296875,498,249,59,54
78,17,car,0.363037109375,405,217,45,39
78,34,car,0.416748046875,445,232,50,38
78,38,car,0.484375,339,222,51,38
78,42,person,0.405517578125,890,218,13,33
79,1,car,0.90869140625,734,469,212,157
79,2,truck,0.6259765625,678,198,62,56
79,3,car,0.89501953125,1051,441,197,148
79,4,truck,0.68408203125,778,339,157,122
79,5,car,0.841796875,523,326,117,83
79,6,car,0.54296875,772,226,40,30
79,7,car,0.73095703125,448,283,88,66
79,8,car,0.76611328125,1007,261,55,40
79,9,car,0.607421875,841,234,47,37
79,10,car,0.658203125,500,249,58,54
79,17,car,0.303955078125,404,217,44,39
79,34,car,0.42431640625,445,232,50,39
79,38,car,0.478515625,339,222,52,39
79,42,person,0.376708984375,890,218,13,34
80,1,car,0.90869140625,739,472,214,158
80,2,truck,0.611328125,677,197,62,55
80,3,car,0.90185546875,1059,443,199,149
80,4,truck,0.81640625,782,340,157,122
80,5,car,0.83740234375,525,327,116,82
80,6,car,0.47265625,772,226,40,30
80,7,car,0.73388671875,448,284,89,66
80,8,car,0.77880859375,1006,261,56,40
80,9,car,0.414794921875,841,233,47,38
80,10,car,0.5849609375,501,250,58,54
80,17,car,0.33642578125,405,216,45,39
80,34,car,0.437744140625,446,233,50,39
80,38,car,0.453369140625,339,222,52,39
80,42,person,0.2568359375,890,218,13,33
81,1,car,0.90966796875,745,475,217,160
81,2,truck,0.544921875,677,197,61,55
81,3,car,0.9111328125,1067,446,201,150
81,4,truck,0.83544921875,786,341,157,124
81,5,car,0.8310546875,527,328,117,82
81,6,car,0.355712890625,771,226,40,30
81,7,car,0.7138671875,449,285,90,66
81,8,car,0.763671875,1004,261,55,41
81,9,car,0.392333984375,839,233,47,38
81,10,car,0.60205078125,501,249,60,55
81,17,car,0.341552734375,406,216,46,39
81,34,car,0.4072265625,447,233,53,40
81,38,car,0.390380859375,340,222,51,39
81,42,person,0.27587890625,890,218,12,34
82,1,car,0.91552734375,751,478,220,162
82,2,truck,0.42431640625,677,197,61,55
82,3,car,0.90380859375,1076,449,203,150
82,4,truck,0.875,790,342,158,125
82,5,car,0.8388671875,529,329,119,82
82,6,car,0.42822265625,770,226,39,30
82,7,car,0.73583984375,451,285,91,66
82,8,car,0.822265625,1003,261,55,41
82,9,car,0.50390625,838,233,47,38
82,10,car,0.63720703125,502,250,60,55
82,17,car,0.33447265625,407,216,46,40
82,34,car,0.403564453125,448,234,52,39
82,38,car,0.3486328125,340,223,50,38
82,42,person,0.3486328125,890,218,13,34
83,1,car,0.91357421875,757,481,226,165
83,2,truck,0.416748046875,676,197,61,54
83,3,car,0.90380859375,1085,451,206,152
83,4,truck,0.85498046875,793,343,159,126
83,5,car,0.83349609375,531,330,120,83
83,6,car,0.443603515625,769,226,40,29
83,7,car,0.7373046875,453,286,92,67
83,8,car,0.8017578125,1002,260,56,41
83,9,car,0.48828125,838,232,47,37
83,10,car,0.61328125,503,250,60,56
83,17,car,0.287841796875,407,216,47,40
83,34,car,0.373779296875,449,234,53,39
83,38,car,0.332763671875,341,222,50,38
83,42,person,0.250244140625,890,218,13,34
84,1,car,0.91845703125,762,484,228,167
84,2,truck,0.451416015625,675,197,61,55
84,3,car,0.90185546875,1093,454,209,155
84,4,truck,0.87158203125,797,344,161,127
84,5,car,0.82421875,533,330,120,84
84,6,car,0.458984375,768,225,41,29
84,7,car,0.75048828125,453,286,89,67
84,8,car,0.7734375,1000,260,56,41
84,9,car,0.45703125,837,232,47,37
84,10,car,0.607421875,504,250,61,56
84,17,car,0.3310546875,407,216,47,40
84,34,car,0.414794921875,450,234,54,40
84,38,car,0.39794921875,342,222,51,39
84,42,person,0.2147216796875,890,218,12,34
85,1,car,0.92236328125,766,486,227,168
85,2,truck,0.3486328125,674,197,63,54
85,3,car,0.91845703125,1102,457,210,157
85,4,truck,0.79931640625,801,346,163,128
85,5,car,0.8291015625,534,331,120,85
85,6,car,0.439697265625,768,225,41,29
85,7,car,0.7705078125,454,287,89,67
85,8,car,0.80078125,998,259,54,40
85,9,car,0.5888671875,835,232,47,38
85,10,car,0.611328125,506,250,62,56
85,17,car,0.315673828125,407,216,47,39
85,34,car,0.447509765625,451,234,54,40
85,38,car,0.385009765625,342,222,51,40
85,42,person,0.245849609375,889,218,12,33
86,1,car,0.92041015625,771,490,228,169
86,2,truck,0.1895751953125,673,197,64,53
86,3,car,0.89892578125,1110,460,213,158
86,4,truck,0.796875,805,348,164,129
86,5,car,0.8232421875,536,332,120,85
86,6,car,0.401611328125,767,225,40,29
86,7,car,0.75341796875,455,287,91,67
86,8,car,0.7841796875,996,259,55,41
86,9,car,0.494140625,835,232,47,38
86,10,car,0.55810546875,507,251,63,56
86,17,car,0.203125,408,216,47,40
86,34,car,0.403564453125,451,235,54,39
86,38,car,0.3701171875,342,222,51,40
86,42,person,0.2254638671875,890,218,11,34
87,1,car,0.91796875,777,493,231,170
87,2,truck,0.319091796875,672,197,63,53
87,3,car,0.896484375,1119,464,215,159
87,4,truck,0.81884765625,809,349,165,129
87,5,car,0.82666015625,538,333,121,85
87,6,car,0.32763671875,766,225,41,29
87,7,car,0.7578125,457,287,93,68
87,8,car,0.78515625,995,259,55,39
87,9,car,0.505859375,834,231,45,37
87,10,car,0.537109375,509,251,61,56
87,17,car,0.264404296875,409,217,46,40
87,34,car,0.39990234375,453,235,54,40
87,38,car,0.359375,342,223,51,38
87,42,person,0.2294921875,890,218,11,33
88,1,car,0.921875,782,496,233,173
88,2,truck,0.420654296875,673,197,62,54
88,3,car,0.884765625,1129,467,218,161
88,4,truck,0.86328125,814,350,166,130
88,5,car,0.82763671875,540,333,122,86
88,6,car,0.24658203125,766,225,40,29
88,7,car,0.76904296875,458,288,94,68
88,8,car,0.78515625,994,259,55,39
88,9,car,0.55810546875,833,231,46,38
88,10,car,0.60205078125,509,252,61,57
88,17,car,0.368408203125,410,217,46,40
88,34,car,0.4609375,453,235,55,40
88,38,car,0.36669921875,343,223,51,37
88,42,person,0.242919921875,890,218,11,34
89,1,car,0.92236328125,788,500,236,175
89,2,truck,0.403564453125,672,197,61,54
89,3,car,0.9052734375,1139,470,221,162
89,4,truck,0.85595703125,818,351,167,130
89,5,car,0.83349609375,542,335,122,87
89,6,car,0.4091796875,765,225,39,29
89,7,car,0.77587890625,459,289,95,68
89,8,car,0.80322265625,992,259,54,39
89,9,car,0.57763671875,832,231,47,37
89,10,car,0.66015625,510,252,63,57
89,17,car,0.373779296875,410,217,48,40
89,34,car,0.455078125,454,235,56,40
89,38,car,0.33642578125,343,224,51,36
89,42,person,0.24658203125,890,218,11,34
90,1,car,0.92138671875,794,503,239,175
90,2,truck,0.445556640625,671,197,62,54
90,3,car,0.88623046875,1148,474,224,164
90,4,truck,0.8056640625,823,353,169,131
90,5,car,0.83544921875,544,334,124,89
90,6,car,0.52734375,764,225,38,29
90,7,car,0.7744140625,460,289,93,69
90,8,car,0.79833984375,991,259,54,39
90,9,car,0.56982421875,831,231,46,37
90,10,car,0.63525390625,511,252,63,57
90,17,car,0.35400390625,412,217,50,41
90,34,car,0.48046875,455,236,57,40
90,38,car,0.357666015625,343,224,51,36
90,42,person,0.2088623046875,890,217,11,33
91,1,car,0.91748046875,800,507,242,178
91,2,truck,0.501953125,670,197,64,54
91,3,car,0.90283203125,1158,477,226,166
91,4,truck,0.81396484375,826,355,170,131
91,5,car,0.82568359375,546,334,124,91
91,6,car,0.47265625,763,225,39,29
91,7,car,0.7919921875,461,290,94,69
91,8,car,0.74609375,989,258,53,39
91,9,car,0.59619140625,829,231,47,37
91,10,car,0.60400390625,512,252,63,57
91,17,car,0.315673828125,414,217,48,40
91,34,car,0.4921875,457,236,57,40
91,38,car,0.3701171875,344,224,51,37
91,42,person,0.302490234375,889,217,11,33
92,1,car,0.9140625,807,511,245,181
92,2,truck,0.445556640625,670,197,66,54
92,3,car,0.9072265625,1170,482,230,169
92,4,truck,0.8681640625,831,357,172,133
92,5,car,0.85693359375,549,337,126,88
92,6,car,0.381103515625,763,225,39,29
92,7,car,0.80078125,462,291,94,69
92,8,car,0.79296875,989,258,53,39
92,9,car,0.56396484375,829,231,46,36
92,10,car,0.5927734375,513,253,62,57
92,17,car,0.291015625,415,217,47,40
92,34,car,0.533203125,457,237,57,39
92,38,car,0.302490234375,345,226,51,36
92,42,person,0.244384765625,891,218,11,32
93,1,car,0.9111328125,812,514,248,183
93,2,truck,0.490234375,670,197,65,54
93,3,car,0.90673828125,1178,485,231,170
93,4,truck,0.8857421875,835,358,173,134
93,5,car,0.85888671875,551,338,127,89
93,6,car,0.466796875,762,225,38,29
93,7,car,0.78515625,463,292,96,69
93,8,car,0.7919921875,987,258,53,39
93,9,car,0.6279296875,828,230,45,36
93,10,car,0.5908203125,514,254,62,59
93,17,car,0.2861328125,416,218,48,40
93,34,car,0.541015625,458,237,57,39
93,38,car,0.3486328125,346,227,51,35
93,42,person,0.1285400390625,890,218,11,33
94,1,car,0.9140625,819,519,252,184
94,2,truck,0.45703125,670,197,63,54
94,3,car,0.9013671875,1188,488,235,172
94,4,truck,0.90283203125,840,359,174,135
94,5,car,0.84814453125,552,339,126,91
94,6,car,0.392333984375,761,225,37,29
94,7,car,0.78271484375,464,293,96,68
94,8,car,0.77197265625,985,258,53,39
94,9,car,0.640625,827,230,46,36
94,10,car,0.52734375,515,254,65,59
94,17,car,0.20556640625,416,218,49,41
94,34,car,0.552734375,458,237,59,40
94,38,car,0.350341796875,346,227,51,35
94,42,person,0.2998046875,890,218,11,33
95,1,car,0.9140625,825,523,255,186
95,2,truck,0.5927734375,669,196,64,54
95,3,car,0.91552734375,1199,492,238,174
95,4,truck,0.896484375,844,361,175,136
95,5,car,0.85693359375,554,341,127,90
95,6,car,0.346923828125,760,224,39,29
95,7,car,0.8017578125,465,293,97,69
95,8,car,0.74462890625,984,258,53,39
95,9,car,0.607421875,826,230,46,35
95,10,car,0.6259765625,516,255,66,59
95,17,car,0.23095703125,416,218,49,41
95,34,car,0.6298828125,459,238,58,39
95,38,car,0.42626953125,347,226,53,36
95,42,person,0.401611328125,890,218,12,33
96,1,car,0.9189453125,832,527,257,187
96,2,truck,0.546875,668,196,64,54
96,3,car,0.9033203125,1210,496,241,176
96,4,truck,0.86328125,849,363,176,137
96,5,car,0.85986328125,556,343,127,90
96,6,car,0.39599609375,759,224,39,29
96,7,car,0.77880859375,466,294,97,70
96,8,car,0.79296875,983,258,53,39
96,9,car,0.57568359375,826,230,45,35
96,10,car,0.5869140625,517,256,66,58
96,17,car,0.24072265625,419,218,51,41
96,34,car,0.60009765625,460,238,59,39
96,38,car,0.3486328125,347,226,53,37
96,42,person,0.263671875,890,217,12,32
97,1,car,0.92626953125,838,531,260,190
97,2,truck,0.39990234375,667,196,64,53
97,3,car,0.90966796875,1221,500,245,178
97,4,truck,0.80419921875,853,364,178,138
97,5,car,0.87255859375,558,344,127,90
97,6,car,0.43017578125,758,223,38,29
97,7,car,0.77978515625,469,295,99,70
97,8,car,0.72509765625,982,257,53,39
97,9,car,0.62451171875,825,230,45,35
97,10,car,0.6298828125,518,256,66,58
97,17,car,0.2705078125,422,218,53,41
97,34,car,0.640625,460,238,58,40
97,38,car,0.414794921875,348,226,53,37
97,42,person,0.24658203125,890,217,13,31
98,1,car,0.9248046875,845,535,263,191
98,2,truck,0.437744140625,666,196,65,54
98,3,car,0.90673828125,1233,503,248,180
98,4,truck,0.85693359375,858,366,179,139
98,5,car,0.86083984375,560,346,128,91
98,6,car,0.42822265625,758,223,37,29
98,7,car,0.810546875,470,295,99,71
98,8,car,0.73095703125,980,256,53,40
98,9,car,0.59814453125,823,230,46,35
98,10,car,0.5830078125,520,256,65,59
98,17,car,0.299072265625,422,219,55,41
98,34,car,0.66015625,461,238,58,40
98,38,car,0.4609375,348,226,54,37
98,42,person,0.319091796875,890,217,13,32
99,1,car,0.92626953125,853,539,267,194
99,2,truck,0.484375,666,196,65,54
99,3,car,0.88330078125,1245,508,251,182
99,4,truck,0.796875,862,368,179,140
99,5,car,0.85888671875,562,347,129,90
99,6,car,0.385009765625,757,223,37,30
99,7,car,0.79443359375,471,296,99,72
99,8,car,0.75341796875,979,257,53,39
99,9,car,0.57763671875,822,230,47,35
99,10,car,0.5908203125,521,257,67,59
99,17,car,0.352294921875,423,220,55,41
99,34,car,0.6513671875,461,238,57,41
99,38,car,0.51171875,349,226,55,39
99,42,person,0.37109375,890,218,13,32
100,1,car,0.92578125,860,543,271,196
100,2,truck,0.56005859375,665,196,65,54
100,3,car,0.88720703125,1257,512,254,185
100,4,truck,0.8642578125,866,369,180,142
100,5,car,0.84912109375,564,348,130,91
100,6,car,0.39599609375,756,223,37,29
100,7,car,0.7890625,473,296,100,71
100,8,car,0.7578125,976,256,53,40
100,9,car,0.62451171875,821,229,45,35
100,10,car,0.67919921875,522,257,67,59
100,17,car,0.392333984375,424,219,57,41
100,34,car,0.67041015625,462,238,56,42
100,38,car,0.56787109375,349,226,55,39
100,42,person,0.290283203125,890,217,13,32
101,1,car,0.92529296875,867,547,274,199
101,2,truck,0.537109375,665,196,64,54
101,3,car,0.90185546875,1268,516,258,187
101,4,truck,0.85400390625,872,370,182,141
101,5,car,0.8681640625,566,349,131,92
101,6,car,0.437744140625,755,222,37,29
101,7,car,0.7841796875,475,296,102,72
101,8,car,0.79296875,975,255,51,40
101,9,car,0.52734375,820,229,47,35
101,10,car,0.66357421875,522,257,68,59
101,17,car,0.3720703125,424,219,56,42
101,34,car,0.63525390625,462,238,55,42
101,38,car,0.56591796875,350,227,56,39
101,42,person,0.1602783203125,889,218,12,33
102,1,car,0.93017578125,874,552,277,200
102,2,truck,0.455078125,665,196,63,54
102,3,car,0.90478515625,1281,521,261,190
102,4,truck,0.78515625,878,372,185,142
102,5,car,0.873046875,569,350,134,91
102,6,car,0.39794921875,755,223,37,29
102,7,car,0.7880859375,477,297,104,71
102,8,car,0.79296875,973,255,53,40
102,9,car,0.537109375,819,229,47,35
102,10,car,0.6875,524,258,68,59
102,17,car,0.310791015625,424,220,55,42
102,34,car,0.61865234375,462,239,56,42
102,38,car,0.513671875,350,227,55,39
102,42,person,0.3701171875,890,218,12,32
103,1,car,0.92578125,882,557,280,204
103,2,truck,0.36474609375,665,196,62,54
103,3,car,0.91796875,1294,525,266,191
103,4,truck,0.8154296875,883,374,188,144
103,5,car,0.875,571,351,133,92
103,6,car,0.3720703125,755,223,38,29
103,7,car,0.79931640625,479,298,104,72
103,8,car,0.796875,973,255,51,40
103,9,car,0.6513671875,818,229,46,35
103,10,car,0.71240234375,525,259,69,59
103,17,car,0.33984375,425,220,54,42
103,34,car,0.60009765625,464,239,58,41
103,38,car,0.544921875,350,227,55,39
103,42,person,0.290283203125,890,217,13,33
104,1,car,0.9287109375,890,562,284,205
104,2,truck,0.453369140625,664,196,62,54
104,3,car,0.9228515625,1306,530,270,193
104,4,truck,0.82568359375,887,375,188,145
104,5,car,0.86865234375,573,353,134,93
104,6,car,0.355712890625,753,223,37,28
104,7,car,0.7919921875,479,298,103,73
104,8,car,0.77587890625,971,255,53,39
104,9,car,0.5078125,817,229,46,35
104,10,car,0.6826171875,526,259,69,60
104,17,car,0.30078125,424,221,53,42
104,34,car,0.513671875,465,240,59,41
104,38,car,0.58154296875,351,228,54,39
104,42,person,0.355712890625,890,218,13,33
105,1,car,0.92919921875,899,567,289,207
105,2,truck,0.54296875,664,196,62,55
105,3,car,0.9130859375,1320,534,274,196
105,4,truck,0.8115234375,893,377,189,146
105,5,car,0.861328125,575,354,134,93
105,6,car,0.390380859375,752,222,36,28
105,7,car,0.79931640625,480,299,103,73
105,8,car,0.7890625,969,255,52,40
105,9,car,0.478515625,816,229,45,35
105,10,car,0.71875,527,260,70,61
105,17,car,0.32421875,424,220,54,42
105,34,car,0.54296875,466,239,58,42
105,38,car,0.53515625,352,228,55,38
105,42,person,0.37109375,890,218,12,34
106,1,car,0.9345703125,907,571,293,210
106,2,truck,0.525390625,663,195,61,55
106,3,car,0.91748046875,1333,539,277,199
106,4,truck,0.7841796875,899,379,191,148
106,5,car,0.86083984375,578,355,136,93
106,6,car,0.439697265625,752,222,36,27
106,7,car,0.81298828125,482,299,105,72
106,8,car,0.78662109375,967,254,53,39
106,9,car,0.517578125,815,228,44,35
106,10,car,0.73388671875,528,260,69,61
106,17,car,0.3310546875,425,220,54,41
106,34,car,0.5888671875,467,240,60,43
106,38,car,0.5546875,352,227,55,39
106,42,person,0.253173828125,890,218,12,35
107,1,car,0.93310546875,915,576,296,213
107,2,truck,0.3310546875,663,195,59,54
107,3,car,0.908203125,1347,544,283,200
107,4,truck,0.763671875,904,381,194,149
107,5,car,0.880859375,580,356,137,95
107,6,car,0.455078125,750,222,38,27
107,7,car,0.79931640625,483,301,107,73
107,8,car,0.71875,966,254,52,39
107,9,car,0.42626953125,814,228,44,35
107,10,car,0.7548828125,530,260,69,60
107,17,car,0.32080078125,425,220,53,41
107,34,car,0.56005859375,469,240,61,43
107,38,car,0.56005859375,353,228,56,39
108,1,car,0.93115234375,924,581,300,215
108,2,truck,0.287841796875,663,195,60,55
108,3,car,0.9052734375,1361,548,286,203
108,4,truck,0.84716796875,910,383,195,151
108,5,car,0.88232421875,582,357,137,95
108,6,car,0.451416015625,749,222,37,27
108,7,car,0.8056640625,484,302,107,72
108,8,car,0.7265625,965,254,53,39
108,9,car,0.34326171875,813,228,44,35
108,10,car,0.740234375,531,260,71,61
108,17,car,0.36669921875,426,221,52,41
108,34,car,0.56591796875,469,241,60,44
108,38,car,0.57177734375,354,228,55,39
109,1,car,0.92529296875,932,586,306,218
109,2,truck,0.32080078125,662,195,60,55
109,3,car,0.91064453125,1376,554,292,206
109,4,truck,0.8154296875,914,384,195,152
109,5,car,0.8759765625,585,359,138,97
109,6,car,0.447509765625,748,222,37,27
109,7,car,0.79052734375,485,302,105,72
109,8,car,0.6318359375,964,254,53,39
109,9,car,0.38671875,813,228,44,35
109,10,car,0.7216796875,532,261,70,62
109,17,car,0.39990234375,427,221,53,41
109,34,car,0.544921875,470,242,60,44
109,38,car,0.53125,354,228,55,39
110,1,car,0.9248046875,942,591,311,223
110,2,truck,0.55810546875,661,195,61,56
110,3,car,0.923828125,1391,560,296,209
110,4,truck,0.83447265625,920,386,198,153
110,5,car,0.87646484375,587,360,138,98
110,6,car,0.445556640625,747,222,38,27
110,7,car,0.7958984375,486,303,106,74
110,8,car,0.7548828125,962,254,51,38
110,9,car,0.43408203125,812,228,44,35
110,10,car,0.7138671875,534,262,70,62
110,17,car,0.43212890625,427,221,53,41
110,34,car,0.53515625,471,242,60,44
110,38,car,0.537109375,354,228,55,39
111,1,car,0.9228515625,951,595,313,229
111,2,truck,0.521484375,660,195,61,56
111,3,car,0.92431640625,1407,565,302,212
111,4,truck,0.845703125,926,388,200,154
111,5,car,0.87646484375,590,362,139,97
111,6,car,0.42431640625,747,222,38,27
111,7,car,0.79443359375,488,303,106,75
111,8,car,0.69287109375,961,254,52,38
111,9,car,0.3720703125,811,228,44,35
111,10,car,0.71240234375,535,262,70,63
111,17,car,0.420654296875,428,221,52,41
111,34,car,0.552734375,471,242,61,44
111,38,car,0.4609375,354,228,56,38
111,42,person,0.2666015625,889,219,12,33
112,1,car,0.921875,961,598,317,236
112,2,truck,0.49609375,661,194,58,56
112,3,car,0.9345703125,1422,570,307,216
112,4,truck,0.89306640625,932,390,201,155
112,5,car,0.8759765625,592,363,140,98
112,6,car,0.47265625,746,222,38,28
112,7,car,0.82421875,489,304,106,76
112,8,car,0.75634765625,960,253,51,38
112,9,car,0.53125,810,227,44,35
112,10,car,0.7490234375,536,262,71,63
112,17,car,0.414794921875,428,221,50,41
112,34,car,0.5908203125,471,242,61,44
112,38,car,0.49609375,355,228,55,39
112,42,person,0.140380859375,889,219,12,34
113,1,car,0.923828125,971,607,323,234
113,2,truck,0.359375,660,194,57,55
113,3,car,0.92578125,1438,577,312,219
113,4,truck,0.8798828125,938,392,203,157
113,5,car,0.86962890625,595,364,143,98
113,6,car,0.46484375,746,223,39,29
113,7,car,0.80810546875,490,304,108,76
113,8,car,0.75341796875,959,253,53,38
113,9,car,0.57763671875,809,227,44,35
113,10,car,0.73095703125,537,263,72,63
113,17,car,0.4072265625,429,221,50,41
113,34,car,0.53515625,472,242,62,44
113,38,car,0.4765625,354,228,56,40
113,42,person,0.175537109375,889,219,11,34
114,1,car,0.931640625,981,613,328,234
114,2,truck,0.29736328125,660,194,56,55
114,3,car,0.927734375,1455,582,317,220
114,4,truck,0.84912109375,944,394,206,159
114,5,car,0.8857421875,598,366,144,99
114,6,car,0.46484375,745,222,39,29
114,7,car,0.82763671875,491,305,108,77
114,8,car,0.7216796875,958,253,51,38
114,9,car,0.521484375,808,227,44,35
114,10,car,0.74462890625,538,263,73,63
114,17,car,0.435791015625,429,221,50,41
114,34,car,0.60205078125,473,242,62,43
114,38,car,0.451416015625,356,229,54,40
114,42,person,0.1766357421875,889,219,11,33
115,1,car,0.93798828125,991,620,334,237
115,2,truck,0.498046875,660,195,56,55
115,3,car,0.9208984375,1471,588,323,225
115,4,truck,0.85498046875,950,396,209,160
115,5,car,0.88330078125,601,367,145,99
115,6,car,0.46875,744,222,38,28
115,7,car,0.830078125,493,306,108,77
115,8,car,0.732421875,956,253,53,38
115,9,car,0.546875,807,227,44,34
115,10,car,0.74609375,539,264,74,64
115,17,car,0.276611328125,429,222,50,41
115,34,car,0.53125,474,243,60,42
115,38,car,0.39990234375,356,229,54,41
115,42,person,0.154052734375,889,219,11,34
116,1,car,0.93212890625,1002,626,340,240
116,2,truck,0.509765625,658,195,57,54
116,3,car,0.9130859375,1489,594,331,228
116,4,truck,0.8759765625,957,399,210,161
116,5,car,0.88818359375,603,369,146,99
116,6,car,0.4609375,743,222,37,29
116,7,car,0.83447265625,494,306,110,77
116,8,car,0.64599609375,954,253,52,38
116,9,car,0.5888671875,806,227,44,34
116,10,car,0.7744140625,541,264,74,63
116,17,car,0.28466796875,430,222,50,42
116,34,car,0.60400390625,476,244,60,42
116,38,car,0.4765625,356,229,54,41
116,42,person,0.15771484375,889,219,11,34
117,1,car,0.92919921875,1014,633,347,243
117,2,truck,0.470703125,658,195,57,55
117,3,car,0.9287109375,1507,601,336,232
117,4,truck,0.8671875,963,401,212,162
117,5,car,0.88818359375,605,370,145,100
117,6,car,0.455078125,743,222,38,29
117,7,car,0.83740234375,496,307,109,77
117,8,car,0.72509765625,953,253,51,38
117,9,car,0.521484375,805,227,44,34
117,10,car,0.75927734375,542,265,74,64
117,17,car,0.294189453125,431,223,50,43
117,34,car,0.60400390625,478,245,61,43
117,38,car,0.443603515625,357,229,55,41
117,42,person,0.2401123046875,889,218,11,34
118,1,car,0.92919921875,1024,639,350,247
118,2,truck,0.42822265625,657,194,56,54
118,3,car,0.9248046875,1525,608,342,236
118,4,truck,0.8798828125,970,403,213,165
118,5,car,0.89111328125,607,371,145,101
118,6,car,0.42431640625,742,222,37,29
118,7,car,0.83203125,497,309,110,78
118,8,car,0.521484375,952,252,51,38
118,9,car,0.552734375,804,227,44,35
118,10,car,0.74755859375,543,265,75,65
118,17,car,0.310791015625,432,223,52,43
118,34,car,0.642578125,478,245,61,43
118,38,car,0.51171875,357,229,56,41
118,42,person,0.1519775390625,889,218,11,33
119,1,car,0.931640625,1036,647,356,249
119,2,truck,0.443603515625,657,195,57,53
119,3,car,0.923828125,1545,614,351,238
119,4,truck,0.884765625,976,405,215,166
119,5,car,0.89013671875,609,373,146,101
119,6,car,0.48046875,741,222,37,29
119,7,car,0.82763671875,499,310,110,78
119,8,car,0.73095703125,950,252,50,37
119,9,car,0.5888671875,803,226,44,35
119,10,car,0.72021484375,544,266,75,65
119,17,car,0.35400390625,433,223,53,44
119,34,car,0.68408203125,479,245,61,43
119,38,car,0.521484375,357,229,56,42
119,42,person,0.167236328125,889,219,11,33
120,1,car,0.9365234375,1049,652,363,252
120,2,truck,0.5078125,657,195,58,53
120,3,car,0.93310546875,1565,621,358,242
120,4,truck,0.89111328125,982,407,219,167
120,5,car,0.89501953125,613,374,146,102
120,6,car,0.455078125,741,221,37,29
120,7,car,0.85107421875,500,310,110,79
120,8,car,0.6494140625,949,252,50,37
120,9,car,0.48828125,803,226,44,35
120,10,car,0.69921875,546,266,75,65
120,17,car,0.3056640625,433,223,51,43
120,34,car,0.64599609375,481,246,61,44
120,38,car,0.439697265625,358,230,56,41
120,42,person,0.2088623046875,890,218,11,32
120,72,car,0.329345703125,320,213,43,38
121,1,car,0.93603515625,1060,659,368,256
121,2,truck,0.515625,655,195,59,53
121,3,car,0.93310546875,1584,627,365,247
121,4,truck,0.88232421875,989,409,221,169
121,5,car,0.90283203125,615,376,146,103
121,6,car,0.478515625,740,221,37,29
121,7,car,0.841796875,502,311,111,81
121,8,car,0.74169921875,948,252,51,37
121,9,car,0.517578125,801,226,45,34
121,10,car,0.7548828125,548,266,75,65
121,17,car,0.302490234375,434,224,53,43
121,34,car,0.62255859375,481,246,62,43
121,38,car,0.482421875,358,231,56,41
121,42,person,0.16455078125,890,218,12,33
121,72,car,0.2322998046875,320,212,44,40
122,1,car,0.93310546875,1072,666,374,259
122,2,truck,0.42822265625,654,194,60,53
122,3,car,0.92822265625,1605,635,371,253
122,4,truck,0.88818359375,996,411,223,171
122,5,car,0.89501953125,618,377,147,103
122,6,car,0.453369140625,740,221,38,28
122,7,car,0.8388671875,503,311,111,82
122,8,car,0.70751953125,947,252,51,37
122,9,car,0.515625,800,226,45,34
122,10,car,0.7265625,549,267,75,66
122,17,car,0.30908203125,435,224,53,42
122,34,car,0.6298828125,482,246,63,44
122,38,car,0.414794921875,359,231,57,41
122,42,person,0.181884765625,890,218,13,32
122,72,car,0.2958984375,321,212,45,40
123,1,car,0.9375,1085,674,380,265
123,2,truck,0.312255859375,654,195,59,53
123,3,car,0.93115234375,1627,642,381,257
123,4,truck,0.8984375,1003,413,225,172
123,5,car,0.9052734375,620,378,147,104
123,6,car,0.449462890625,739,221,36,29
123,7,car,0.85400390625,506,312,113,82
123,8,car,0.75634765625,945,251,51,37
123,9,car,0.49609375,800,226,46,34
123,10,car,0.76220703125,550,268,76,67
123,17,car,0.357666015625,435,224,52,42
123,34,car,0.64794921875,483,246,62,44
123,38,car,0.494140625,360,232,57,42
123,42,person,0.203125,890,218,13,32
123,72,car,0.325927734375,322,212,44,40
124,1,car,0.93896484375,1099,681,386,269
124,2,truck,0.329345703125,653,195,59,53
124,3,car,0.9248046875,1648,650,391,262
124,4,truck,0.8896484375,1010,416,227,174
124,5,car,0.900390625,623,380,148,105
124,6,car,0.48046875,738,221,37,29
124,7,car,0.85693359375,508,314,114,83
124,8,car,0.77978515625,944,251,50,38
124,9,car,0.47265625,798,226,45,34
124,10,car,0.7548828125,552,268,77,67
124,17,car,0.357666015625,436,225,54,43
124,34,car,0.638671875,484,247,62,44
124,38,car,0.546875,361,232,57,42
124,42,person,0.1339111328125,889,218,13,32
124,72,car,0.315673828125,322,212,43,39
125,1,car,0.939453125,1112,689,392,272
125,2,truck,0.25537109375,653,194,60,53
125,3,car,0.93212890625,1673,658,399,265
125,4,truck,0.85986328125,1017,418,228,176
125,5,car,0.90869140625,625,381,150,107
125,6,car,0.56201171875,738,221,36,28
125,7,car,0.86083984375,508,315,114,82
125,8,car,0.76220703125,943,251,50,38
125,9,car,0.537109375,797,226,45,35
125,10,car,0.72802734375,553,268,78,67
125,17,car,0.388671875,437,225,56,43
125,34,car,0.662109375,486,246,64,45
125,38,car,0.57958984375,361,232,57,42
125,42,person,0.11798095703125,889,218,14,33
125,72,car,0.3701171875,322,212,42,39
126,1,car,0.93505859375,1127,697,400,277
126,2,truck,0.22265625,652,194,61,53
126,3,car,0.93310546875,1695,667,407,270
126,4,truck,0.85693359375,1025,421,230,177
126,5,car,0.90869140625,629,383,150,107
126,6,car,0.517578125,737,220,37,28
126,7,car,0.85888671875,510,315,114,82
126,8,car,0.763671875,942,250,50,37
126,9,car,0.56591796875,797,226,45,35
126,10,car,0.70068359375,554,268,78,67
126,17,car,0.401611328125,438,225,55,44
126,34,car,0.64404296875,487,247,64,46
126,38,car,0.5908203125,361,232,57,42
126,42,person,0.2705078125,890,218,13,33
126,72,car,0.42822265625,323,213,42,39
127,1,car,0.93115234375,1142,705,409,282
127,2,truck,0.33984375,650,194,60,53
127,3,car,0.94091796875,1715,676,409,274
127,4,truck,0.888671875,1031,424,233,177
127,5,car,0.89990234375,632,385,152,108
127,6,car,0.46484375,736,220,37,28
127,7,car,0.85595703125,510,316,114,83
127,8,car,0.71044921875,940,250,51,38
127,9,car,0.556640625,795,225,44,34
127,10,car,0.7041015625,555,269,78,68
127,17,car,0.346923828125,439,225,56,44
127,34,car,0.67578125,488,247,64,46
127,38,car,0.494140625,362,232,58,42
127,42,person,0.11517333984375,889,218,14,34
127,72,car,0.416748046875,323,213,42,38
128,1,car,0.93505859375,1157,714,417,287
128,2,truck,0.420654296875,650,194,61,53
128,3,car,0.93798828125,1725,684,389,277
128,4,truck,0.8916015625,1040,427,236,179
128,5,car,0.89306640625,635,386,155,109
128,6,car,0.482421875,735,220,37,28
128,7,car,0.845703125,512,317,115,83
128,8,car,0.5947265625,940,250,51,38
128,9,car,0.5078125,794,225,44,34
128,10,car,0.68408203125,557,269,79,68
128,17,car,0.32763671875,440,225,57,44
128,34,car,0.615234375,489,248,63,45
128,38,car,0.462890625,363,233,58,42
128,42,person,0.235107421875,889,218,14,34
128,72,car,0.39794921875,323,213,42,38
129,1,car,0.93701171875,1172,723,425,292
129,2,truck,0.216064453125,649,194,61,52
129,3,car,0.92822265625,1735,692,368,278
129,4,truck,0.89111328125,1047,429,239,181
129,5,car,0.8955078125,638,388,156,109
129,6,car,0.47265625,735,220,37,28
129,7,car,0.85107421875,515,319,116,84
129,8,car,0.482421875,938,250,51,38
129,9,car,0.52734375,794,225,44,35
129,10,car,0.6318359375,559,270,78,68
129,17,car,0.338134765625,441,225,57,45
129,34,car,0.6513671875,490,248,65,45
129,38,car,0.46484375,363,233,57,42
129,42,person,0.1280517578125,889,218,15,34
129,72,car,0.35400390625,323,213,42,39
130,1,car,0.93505859375,1188,731,433,296
130,2,truck,0.138427734375,649,193,61,52
130,3,car,0.923828125,1747,700,345,283
130,4,truck,0.89013671875,1055,431,242,183
130,5,car,0.89892578125,641,389,157,110
130,6,car,0.416748046875,734,220,37,29
130,7,car,0.85107421875,516,320,117,85
130,8,car,0.5,937,250,51,37
130,9,car,0.484375,793,225,43,34
130,10,car,0.74462890625,560,271,79,69
130,17,car,0.3720703125,442,225,56,45
130,34,car,0.67724609375,491,248,65,45
130,38,car,0.50390625,364,233,58,43
130,42,person,0.251708984375,889,218,15,34
130,72,car,0.338134765625,323,213,42,40
131,1,car,0.93505859375,1205,742,442,304
131,3,car,0.92919921875,1758,710,323,287
131,4,truck,0.9013671875,1063,434,244,185
131,5,car,0.908203125,644,391,158,110
131,6,car,0.37939453125,734,220,37,28
131,7,car,0.85595703125,518,320,117,85
131,8,car,0.57177734375,936,250,50,37
131,9,car,0.462890625,792,225,44,34
131,10,car,0.6513671875,561,272,80,70
131,17,car,0.36669921875,443,226,56,45
131,34,car,0.6806640625,491,249,65,46
131,38,car,0.5234375,365,233,59,43
131,42,person,0.21337890625,890,218,15,33
131,72,car,0.310791015625,324,213,44,40
132,1,car,0.931640625,1221,751,450,309
132,3,car,0.93212890625,1769,719,301,293
132,4,truck,0.89892578125,1071,437,247,186
132,5,car,0.90478515625,648,393,159,111
132,6,car,0.443603515625,733,220,37,28
132,7,car,0.85595703125,520,321,119,86
132,8,car,0.67919921875,934,249,50,37
132,9,car,0.54296875,791,225,44,35
132,10,car,0.7841796875,562,273,81,69
132,17,car,0.418701171875,444,226,58,45
132,34,car,0.7041015625,492,249,65,46
132,38,car,0.57177734375,365,234,59,44
132,42,person,0.247314453125,890,218,15,34
132,72,car,0.322509765625,324,213,45,40
132,74,car,0.341552734375,402,218,41,32
132,2,truck,0.445556640625,649,193,61,52
133,1,car,0.93603515625,1239,760,460,314
133,3,car,0.91845703125,1781,730,277,297
133,4,truck,0.91259765625,1079,440,249,188
133,5,car,0.900390625,651,394,160,112
133,6,car,0.368408203125,732,220,37,28
133,7,car,0.85400390625,521,322,118,87
133,8,car,0.6669921875,933,249,50,37
133,9,car,0.48828125,791,225,44,35
133,10,car,0.7490234375,564,273,82,69
133,17,car,0.422607421875,445,226,58,46
133,34,car,0.6875,493,250,66,46
133,38,car,0.494140625,365,234,60,43
133,42,person,0.265869140625,890,218,15,34
133,72,car,0.325927734375,324,214,44,39
133,74,car,0.25830078125,403,219,40,32
133,2,truck,0.441650390625,648,193,60,52
134,1,car,0.94189453125,1257,771,469,320
134,3,car,0.9267578125,1795,741,249,303
134,4,truck,0.892578125,1088,443,251,190
134,5,car,0.900390625,653,396,160,112
134,6,car,0.37939453125,731,220,38,28
134,7,car,0.85400390625,523,323,119,86
134,8,car,0.75341796875,932,249,49,36
134,9,car,0.462890625,790,225,43,35
134,10,car,0.69287109375,567,274,81,70
134,17,car,0.462890625,446,226,58,46
134,34,car,0.6943359375,494,250,67,47
134,38,car,0.5078125,365,235,59,43
134,42,person,0.312255859375,890,218,15,33
134,72,car,0.34326171875,325,214,46,39
134,74,car,0.27978515625,405,219,39,32
134,2,truck,0.494140625,648,193,60,52
135,1,car,0.9326171875,1276,782,482,328
135,3,car,0.923828125,1807,752,225,310
135,4,truck,0.89111328125,1097,446,254,191
135,5,car,0.9033203125,656,398,161,114
135,6,car,0.47265625,730,219,37,28
135,7,car,0.85791015625,524,324,121,88
135,8,car,0.76220703125,932,249,49,36
135,9,car,0.56591796875,789,224,44,35
135,10,car,0.72314453125,568,274,82,70
135,17,car,0.517578125,447,226,59,46
135,34,car,0.7265625,495,250,68,47
135,38,car,0.5390625,366,235,59,43
135,42,person,0.37744140625,890,218,15,34
135,72,car,0.388671875,325,214,45,39
135,74,car,0.3310546875,405,219,40,32
135,2,truck,0.4921875,648,193,60,53
136,1,car,0.93310546875,1295,793,492,334
136,3,car,0.9208984375,1820,763,199,319
136,4,truck,0.9111328125,1106,449,257,194
136,5,car,0.89697265625,659,400,163,114
136,6,car,0.46484375,730,220,37,28
136,7,car,0.85791015625,526,325,122,89
136,8,car,0.75048828125,930,248,48,37
136,9,car,0.525390625,788,224,42,35
136,10,car,0.71533203125,569,275,83,70
136,17,car,0.548828125,447,227,59,46
136,34,car,0.73583984375,495,251,66,47
136,38,car,0.57177734375,366,235,59,42
136,42,person,0.19677734375,890,217,15,34
136,72,car,0.418701171875,325,214,45,39
136,74,car,0.361083984375,405,220,40,31
136,2,truck,0.474609375,647,193,59,52
137,1,car,0.93359375,1316,804,503,341
137,3,car,0.89990234375,1834,768,170,310
137,4,truck,0.90869140625,1115,452,260,196
137,5,car,0.8984375,662,402,165,116
137,6,car,0.4609375,730,220,37,28
137,7,car,0.8642578125,529,326,121,89
137,8,car,0.7744140625,928,248,48,37
137,9,car,0.52734375,787,224,42,35
137,10,car,0.7607421875,570,275,84,70
137,17,car,0.546875,448,227,58,46
137,34,car,0.732421875,497,251,65,46
137,38,car,0.5888671875,367,236,60,42
137,42,person,0.21533203125,890,217,15,34
137,72,car,0.37939453125,326,214,44,38
137,74,car,0.3720703125,405,219,41,30
137,2,truck,0.51953125,647,193,59,52
138,1,car,0.9365234375,1337,815,513,348
138,3,car,0.875,1849,764,140,279
138,4,truck,0.90869140625,1124,455,264,198
138,5,car,0.89111328125,666,404,168,117
138,6,car,0.466796875,729,220,37,29
138,7,car,0.8642578125,531,327,122,89
138,8,car,0.76611328125,928,248,47,37
138,9,car,0.513671875,786,224,42,35
138,10,car,0.7548828125,571,276,85,71
138,17,car,0.60400390625,450,227,60,47
138,34,car,0.7431640625,498,252,65,45
138,38,car,0.63330078125,368,236,61,42
138,42,person,0.291748046875,890,217,15,34
138,72,car,0.385009765625,326,215,44,38
138,74,car,0.346923828125,406,219,40,30
138,2,truck,0.48046875,647,193,58,52
139,1,car,0.9375,1358,827,528,354
139,3,car,0.8427734375,1864,768,111,266
139,4,truck,0.9189453125,1133,458,267,200
139,5,car,0.9033203125,670,405,170,117
139,6,car,0.482421875,728,220,37,29
139,7,car,0.85595703125,533,328,123,90
139,8,car,0.7841796875,927,248,47,37
139,9,car,0.5234375,785,224,43,34
139,10,car,0.6669921875,573,276,86,70
139,17,car,0.57958984375,450,227,59,46
139,34,car,0.75341796875,500,252,66,46
139,38,car,0.5869140625,368,236,61,42
139,42,person,0.28369140625,890,216,15,34
139,72,car,0.385009765625,326,215,44,38
139,74,car,0.33984375,408,218,39,29
139,2,truck,0.51171875,647,192,58,52
140,1,car,0.9375,1381,839,541,362
140,3,car,0.78125,1880,782,79,261
140,4,truck,0.9189453125,1143,461,269,202
140,5,car,0.90869140625,674,408,171,118
140,6,car,0.5078125,727,219,36,27
140,7,car,0.85498046875,534,329,124,91
140,8,car,0.73388671875,925,247,49,38
140,9,car,0.515625,785,224,43,34
140,10,car,0.68603515625,574,276,87,70
140,17,car,0.60595703125,450,227,59,47
140,34,car,0.7646484375,501,252,66,46
140,38,car,0.57568359375,368,236,61,42
140,42,person,0.1937255859375,890,216,15,34
140,72,car,0.405517578125,326,215,44,38
140,74,car,0.36669921875,409,217,39,29
140,2,truck,0.63330078125,646,192,57,52
141,1,car,0.93603515625,1404,852,554,369
141,3,car,0.611328125,1895,806,43,235
141,4,truck,0.91650390625,1152,465,274,205
141,5,car,0.9091796875,678,409,171,119
141,6,car,0.482421875,727,219,36,27
141,7,car,0.85986328125,537,330,124,92
141,8,car,0.708984375,924,247,48,38
141,9,car,0.51953125,784,224,42,35
141,10,car,0.67919921875,576,277,87,71
141,17,car,0.57568359375,451,228,61,47
141,34,car,0.767578125,501,253,66,46
141,38,car,0.529296875,369,236,61,43
141,42,person,0.1871337890625,890,215,15,34
141,72,car,0.36669921875,327,215,45,38
141,74,car,0.325927734375,409,217,39,28
141,2,truck,0.67236328125,646,193,57,52
142,1,car,0.9365234375,1428,866,569,377
142,4,truck,0.8974609375,1162,468,277,205
142,5,car,0.9091796875,681,411,170,120
142,6,car,0.48046875,726,218,37,28
142,7,car,0.86083984375,538,331,125,92
142,8,car,0.7431640625,922,247,49,37
142,9,car,0.54296875,784,224,42,34
142,10,car,0.7041015625,578,278,87,72
142,17,car,0.609375,452,228,61,47
142,34,car,0.78125,501,253,67,47
142,38,car,0.5869140625,370,237,61,43
142,42,person,0.264404296875,890,215,15,34
142,72,car,0.36474609375,327,214,46,38
142,74,car,0.287841796875,410,217,38,27
142,2,truck,0.70068359375,646,193,57,53
143,1,car,0.943359375,1455,878,585,381
143,4,truck,0.892578125,1172,471,281,209
143,5,car,0.90478515625,684,413,172,121
143,6,car,0.46875,725,218,37,27
143,7,car,0.8671875,541,332,127,93
143,8,car,0.6943359375,921,247,49,37
143,9,car,0.45703125,783,224,43,34
143,10,car,0.74169921875,579,279,89,73
143,17,car,0.607421875,454,228,61,47
143,34,car,0.77734375,503,253,67,47
143,38,car,0.611328125,370,236,60,43
143,42,person,0.1744384765625,891,215,15,34
143,72,car,0.341552734375,327,215,47,38
143,74,car,0.25537109375,412,218,38,28
143,2,truck,0.67724609375,645,193,57,53
144,1,car,0.9375,1480,886,599,377
144,4,truck,0.90185546875,1183,474,285,211
144,5,car,0.90966796875,687,415,174,122
144,6,car,0.437744140625,724,218,36,26
144,7,car,0.875,542,333,128,94
144,8,car,0.7041015625,920,246,49,36
144,9,car,0.390380859375,781,223,42,34
144,10,car,0.7490234375,581,279,89,74
144,17,car,0.6318359375,455,229,62,48
144,34,car,0.78515625,504,253,67,48
144,38,car,0.67578125,371,236,61,44
144,42,person,0.1829833984375,890,215,15,34
144,72,car,0.3701171875,328,215,46,39
144,74,car,0.338134765625,412,219,39,29
144,2,truck,0.6689453125,645,193,57,53
145,1,car,0.94091796875,1506,893,617,369
145,4,truck,0.865234375,1193,479,288,213
145,5,car,0.91064453125,690,417,175,123
145,6,car,0.435791015625,723,218,36,26
145,7,car,0.87841796875,545,334,128,94
145,8,car,0.71044921875,919,246,49,36
145,9,car,0.494140625,781,223,41,35
145,10,car,0.72509765625,583,280,89,73
145,17,car,0.61669921875,455,229,63,48
145,34,car,0.78515625,505,254,68,48
145,38,car,0.7041015625,371,237,61,45
145,42,person,0.1661376953125,891,215,15,33
145,72,car,0.4091796875,328,215,46,40
145,74,car,0.4130859375,413,220,39,31
145,2,truck,0.6806640625,644,192,56,53
146,1,car,0.94189453125,1535,899,635,358
146,4,truck,0.89501953125,1203,482,293,215
146,5,car,0.9130859375,694,420,176,124
146,6,car,0.36474609375,723,218,36,27
146,7,car,0.8818359375,546,335,130,94
146,8,car,0.609375,917,246,48,37
146,9,car,0.39599609375,780,223,42,34
146,10,car,0.5869140625,584,280,89,73
146,17,car,0.66015625,456,229,64,49
146,34,car,0.767578125,507,254,69,49
146,38,car,0.71533203125,371,237,61,45
146,42,person,0.12042236328125,891,215,15,33
146,72,car,0.403564453125,329,215,45,40
146,74,car,0.443603515625,413,220,39,31
146,2,truck,0.6298828125,644,192,56,53
147,1,car,0.93798828125,1564,904,655,346
147,4,truck,0.87890625,1215,485,296,217
147,5,car,0.9130859375,698,422,177,125
147,6,car,0.3486328125,722,217,36,27
147,7,car,0.884765625,549,337,131,94
147,8,car,0.7265625,916,245,48,36
147,9,car,0.357666015625,779,223,42,34
147,10,car,0.67236328125,585,281,91,73
147,17,car,0.67578125,457,230,63,50
147,34,car,0.7880859375,507,254,68,50
147,38,car,0.732421875,372,237,61,45
147,42,person,0.11083984375,891,215,15,34
147,72,car,0.42822265625,330,216,46,41
147,74,car,0.4609375,413,221,40,32
147,2,truck,0.607421875,643,192,56,53
148,1,car,0.94482421875,1588,909,660,332
148,4,truck,0.8642578125,1226,489,301,219
148,5,car,0.91162109375,702,424,178,126
148,6,car,0.37939453125,722,217,36,26
148,7,car,0.87890625,551,338,131,96
148,8,car,0.70068359375,915,245,47,36
148,9,car,0.39794921875,779,223,42,34
148,10,car,0.73095703125,587,281,91,73
148,17,car,0.640625,457,230,61,50
148,34,car,0.7880859375,509,254,68,49
148,38,car,0.74755859375,373,237,62,44
148,42,person,0.103759765625,891,215,15,33
148,72,car,0.458984375,330,216,45,41
148,74,car,0.49609375,414,221,41,31
148,2,truck,0.64599609375,643,192,56,53
148,76,truck,0.33642578125,778,223,41,33
149,1,car,0.9384765625,1600,915,639,319
149,4,truck,0.87646484375,1237,493,305,223
149,5,car,0.90478515625,706,426,180,127
149,6,car,0.381103515625,721,217,36,25
149,7,car,0.88623046875,552,339,132,96
149,8,car,0.767578125,914,244,47,37
149,9,car,0.43212890625,778,223,42,34
149,10,car,0.76220703125,589,281,91,72
149,17,car,0.6806640625,458,230,62,50
149,34,car,0.79296875,510,255,68,49
149,38,car,0.75634765625,374,238,62,44
149,72,car,0.449462890625,330,217,45,41
149,74,car,0.48828125,414,221,41,31
149,2,truck,0.6318359375,643,192,56,53
149,76,truck,0.1490478515625,778,223,40,34
150,1,car,0.9375,1611,921,616,305
150,4,truck,0.89501953125,1248,497,309,226
150,5,car,0.90478515625,710,428,182,127
150,6,car,0.34326171875,721,217,35,26
150,7,car,0.89111328125,554,340,131,97
150,8,car,0.81884765625,913,244,45,36
150,9,truck,0.3701171875,777,223,41,33
150,10,car,0.7431640625,591,281,91,73
150,17,car,0.7041015625,459,230,62,50
150,34,car,0.8017578125,511,255,66,49
150,38,car,0.78662109375,375,238,62,44
150,72,car,0.46484375,330,217,46,41
150,74,car,0.4765625,415,221,40,31
150,2,truck,0.59814453125,642,192,56,53
150,76,car,0.299072265625,777,223,41,34
151,1,car,0.939453125,1623,927,593,290
151,4,truck,0.90576171875,1261,501,314,229
151,5,car,0.9033203125,715,430,185,128
151,6,car,0.2451171875,720,217,35,26
151,7,car,0.89013671875,556,342,133,98
151,8,car,0.64794921875,912,244,47,38
151,9,truck,0.312255859375,775,222,41,33
151,10,car,0.64794921875,594,282,92,73
151,17,car,0.68603515625,459,230,61,50
151,34,car,0.79052734375,512,256,67,49
151,38,car,0.74609375,375,238,63,45
151,72,car,0.43212890625,330,217,46,41
151,74,car,0.4765625,416,221,38,30
151,2,truck,0.615234375,642,192,55,53
152,1,car,0.94189453125,1634,934,571,276
152,4,truck,0.89990234375,1273,505,318,231
152,5,car,0.91650390625,718,433,185,130
152,6,car,0.203125,719,217,35,27
152,7,car,0.8916015625,559,343,133,99
152,8,car,0.60009765625,911,244,47,38
152,9,car,0.264404296875,775,223,41,33
152,10,car,0.69775390625,596,282,91,73
152,17,car,0.662109375,460,231,61,50
152,34,car,0.7919921875,514,256,68,50
152,38,car,0.73095703125,375,239,63,45
152,72,car,0.394287109375,330,218,46,40
152,74,car,0.533203125,417,221,38,30
152,2,truck,0.544921875,641,192,56,53
153,1,car,0.93408203125,1647,942,545,261
153,4,truck,0.9140625,1286,510,323,234
153,5,car,0.9150390625,722,435,186,131
153,6,car,0.267333984375,718,217,35,27
153,7,car,0.88818359375,560,343,133,99
153,8,car,0.3486328125,910,243,47,38
153,9,truck,0.3056640625,773,222,43,34
153,10,car,0.75634765625,597,282,92,74
153,17,car,0.7041015625,461,231,61,50
153,34,car,0.79296875,515,256,69,50
153,38,car,0.72802734375,375,239,63,45
153,72,car,0.375732421875,331,217,46,40
153,74,car,0.541015625,417,221,36,29
153,2,truck,0.48046875,641,191,56,52
154,1,car,0.9375,1660,950,518,246
154,4,truck,0.89013671875,1299,514,328,237
154,5,car,0.90576171875,726,437,188,133
154,6,car,0.25830078125,718,216,35,26
154,7,car,0.888671875,563,345,134,99
154,8,car,0.46875,909,244,47,37
154,9,truck,0.299072265625,772,222,43,34
154,10,car,0.77978515625,599,283,93,74
154,17,car,0.66015625,461,231,59,50
154,34,car,0.80810546875,516,257,70,50
154,38,car,0.7734375,376,239,62,45
154,72,car,0.392333984375,331,217,46,40
154,74,car,0.490234375,417,220,36,28
154,2,truck,0.462890625,640,191,56,52
155,1,car,0.92919921875,1673,958,492,230
155,4,truck,0.89892578125,1312,519,333,240
155,5,car,0.90673828125,731,440,189,133
155,6,car,0.341552734375,717,216,35,27
155,7,car,0.89306640625,566,345,136,100
155,8,car,0.50390625,908,243,47,37
155,9,car,0.388671875,772,222,43,33
155,10,car,0.7490234375,601,284,93,75
155,17,car,0.63720703125,461,231,58,50
155,34,car,0.80078125,516,257,70,50
155,38,car,0.76220703125,377,239,62,45
155,72,car,0.37744140625,331,217,46,41
155,74,car,0.441650390625,418,220,36,28
155,2,truck,0.5078125,640,191,56,52
156,1,car,0.9150390625,1688,967,463,213
156,4,truck,0.908203125,1325,523,338,243
156,5,car,0.90869140625,736,442,191,136
156,6,car,0.3173828125,717,216,35,27
156,7,car,0.892578125,568,347,137,100
156,8,car,0.5830078125,907,243,46,37
156,9,car,0.478515625,771,222,42,34
156,10,car,0.80322265625,603,284,94,76
156,17,car,0.70263671875,462,231,59,50
156,34,car,0.80419921875,518,257,71,51
156,38,car,0.76904296875,377,240,62,46
156,72,car,0.451416015625,332,217,45,42
156,74,car,0.45703125,419,221,36,28
156,2,truck,0.443603515625,639,191,56,52
157,1,car,0.9150390625,1703,976,432,197
157,4,truck,0.91162109375,1339,528,344,246
157,5,car,0.90380859375,740,444,193,137
157,6,car,0.2005615234375,715,215,36,28
157,7,car,0.8916015625,569,348,138,100
157,8,car,0.556640625,905,243,47,37
157,9,car,0.361083984375,770,222,43,34
157,10,car,0.76611328125,605,285,94,76
157,17,car,0.689453125,463,231,60,51
157,34,car,0.80322265625,519,258,72,50
157,38,car,0.77197265625,378,240,63,46
157,72,car,0.381103515625,332,217,46,41
157,74,car,0.45703125,419,221,35,29
157,2,truck,0.5234375,638,190,56,51
158,1,car,0.89501953125,1719,985,401,178
158,4,truck,0.87158203125,1353,532,348,250
158,5,car,0.8984375,744,447,195,138
158,6,car,0.3173828125,715,215,36,27
158,7,car,0.88818359375,572,349,138,102
158,8,car,0.52734375,904,243,46,37
158,9,car,0.445556640625,769,222,42,33
158,10,car,0.76904296875,606,286,94,77
158,17,car,0.689453125,464,232,61,51
158,34,car,0.81298828125,520,258,72,49
158,38,car,0.7578125,378,240,63,46
158,72,car,0.439697265625,332,217,45,41
158,74,car,0.470703125,419,222,36,31
158,2,truck,0.4921875,638,190,55,51
159,1,car,0.89013671875,1737,996,365,158
159,4,truck,0.89404296875,1367,537,354,253
159,5,car,0.90283203125,749,449,198,139
159,6,car,0.2421875,714,215,36,27
159,7,car,0.89013671875,574,350,138,103
159,8,car,0.63330078125,903,243,48,37
159,9,car,0.51171875,768,222,42,34
159,10,car,0.7841796875,608,286,94,78
159,17,car,0.7041015625,465,232,62,52
159,34,car,0.8310546875,521,259,71,51
159,38,car,0.76611328125,378,240,64,47
159,72,car,0.494140625,333,218,45,41
159,74,car,0.47265625,420,223,37,32
159,2,truck,0.43212890625,637,190,56,51
160,1,car,0.896484375,1755,1007,328,139
160,4,truck,0.8916015625,1382,543,359,256
160,5,car,0.91259765625,754,452,201,139
160,6,car,0.1981201171875,714,216,36,27
160,7,car,0.8916015625,576,352,140,103
160,8,car,0.60009765625,901,242,50,37
160,9,car,0.54296875,768,221,42,33
160,10,car,0.74462890625,611,287,94,78
160,17,car,0.7041015625,466,232,62,52
160,34,car,0.83203125,522,260,71,51
160,38,car,0.77734375,379,241,64,46
160,72,car,0.48046875,333,219,45,41
160,74,car,0.494140625,420,224,39,33
160,2,truck,0.43408203125,636,190,56,51
161,1,car,0.87158203125,1776,1018,286,117
161,4,truck,0.875,1397,548,367,259
161,5,car,0.90185546875,759,456,203,139
161,6,car,0.1981201171875,713,216,35,27
161,7,car,0.89013671875,578,353,141,105
161,8,car,0.615234375,900,242,48,36
161,9,car,0.418701171875,767,221,41,34
161,10,car,0.763671875,612,287,95,77
161,17,car,0.66552734375,466,232,62,53
161,34,car,0.83203125,523,260,72,51
161,38,car,0.7919921875,380,241,64,46
161,72,car,0.443603515625,333,220,46,41
161,74,car,0.462890625,421,224,41,33
161,2,truck,0.515625,635,190,56,51
162,1,car,0.7265625,1798,1031,241,94
162,4,truck,0.888671875,1412,553,372,262
162,5,car,0.8984375,766,458,207,141
162,6,car,0.332763671875,712,215,34,27
162,7,car,0.892578125,581,354,142,106
162,8,car,0.7373046875,898,242,48,35
162,9,car,0.505859375,767,221,40,33
162,10,car,0.78125,615,288,95,77
162,17,car,0.71240234375,467,232,63,53
162,34,car,0.8427734375,525,260,72,51
162,38,car,0.79052734375,381,242,64,46
162,72,car,0.4765625,333,220,46,41
162,74,car,0.405517578125,422,224,38,32
162,2,truck,0.53515625,635,190,56,51
163,4,truck,0.8623046875,1428,559,379,266
163,5,car,0.9033203125,771,461,209,144
163,6,car,0.36669921875,712,215,34,27
163,7,car,0.88427734375,583,356,144,107
163,8,car,0.67578125,898,242,46,35
163,9,car,0.609375,766,221,40,33
163,10,car,0.7880859375,617,289,96,76
163,17,car,0.708984375,468,232,65,53
163,34,car,0.83740234375,526,261,73,51
163,38,car,0.7734375,381,242,65,47
163,72,car,0.484375,334,220,47,42
163,74,car,0.385009765625,422,224,36,32
163,2,truck,0.533203125,635,190,56,51
163,91,car,0.34521484375,385,208,59,31
164,4,truck,0.87255859375,1445,565,387,269
164,5,car,0.9111328125,775,464,210,145
164,6,car,0.2451171875,711,215,34,27
164,7,car,0.8857421875,586,357,145,107
164,8,car,0.62060546875,896,242,47,35
164,9,car,0.455078125,765,221,40,33
164,10,car,0.71875,619,290,96,78
164,17,car,0.453369140625,469,233,65,54
164,34,car,0.85009765625,528,261,72,52
164,38,car,0.7705078125,381,242,65,47
164,72,car,0.517578125,335,220,48,41
164,74,car,0.169921875,422,225,38,30
164,2,truck,0.443603515625,635,190,55,51
164,91,car,0.332763671875,387,208,56,31
165,4,truck,0.8896484375,1462,570,394,273
165,5,car,0.90966796875,779,467,211,145
165,6,car,0.24658203125,710,215,34,28
165,7,car,0.88330078125,589,359,145,108
165,8,car,0.6806640625,895,242,49,35
165,9,car,0.32080078125,763,221,40,33
165,10,car,0.6494140625,621,292,97,80
165,17,car,0.60595703125,470,233,66,54
165,34,car,0.84716796875,529,262,73,52
165,38,car,0.76611328125,382,243,65,47
165,72,car,0.5078125,336,220,48,42
165,74,car,0.193115234375,425,224,40,29
165,2,truck,0.3310546875,635,190,55,50
165,91,car,0.34521484375,388,208,55,30
166,4,truck,0.9013671875,1479,576,401,278
166,5,car,0.9189453125,784,470,213,146
166,6,car,0.34326171875,709,215,34,28
166,7,car,0.87744140625,591,360,146,108
166,8,car,0.662109375,894,242,48,35
166,9,car,0.513671875,763,221,40,32
166,10,car,0.74462890625,623,292,97,80
166,17,car,0.67041015625,471,234,66,54
166,34,car,0.83642578125,530,263,73,51
166,38,car,0.8056640625,384,244,65,46
166,72,car,0.501953125,336,220,48,42
166,74,car,0.2254638671875,428,224,42,29
166,2,truck,0.2861328125,634,190,55,50
166,91,car,0.2568359375,386,208,54,30
167,4,truck,0.89404296875,1496,582,409,282
167,5,car,0.9072265625,790,473,215,149
167,6,car,0.4111328125,709,214,34,28
167,7,car,0.87646484375,594,362,148,109
167,8,car,0.642578125,892,242,48,35
167,9,car,0.6298828125,762,220,39,32
167,10,car,0.751953125,625,293,98,80
167,17,car,0.673828125,472,234,65,53
167,34,car,0.84375,531,264,72,51
167,38,car,0.80810546875,384,244,65,46
167,72,car,0.501953125,337,220,48,42
167,74,car,0.3056640625,429,223,44,31
167,2,truck,0.37744140625,634,190,54,51
167,91,car,0.291015625,387,208,56,30
168,4,truck,0.87841796875,1515,588,418,286
168,5,car,0.9365234375,795,476,217,151
168,6,car,0.368408203125,708,214,34,27
168,7,car,0.884765625,597,364,150,109
168,8,car,0.609375,891,241,48,35
168,9,car,0.490234375,761,220,40,32
168,10,car,0.77734375,627,293,100,80
168,17,car,0.64794921875,474,235,66,52
168,34,car,0.8232421875,532,264,73,52
168,38,car,0.79296875,385,245,64,47
168,72,car,0.439697265625,338,221,49,43
168,74,car,0.310791015625,430,224,44,32
168,2,truck,0.416748046875,633,190,54,51
168,91,car,0.259765625,388,209,57,31
168,97,car,0.5078125,1898,412,40,79
169,4,truck,0.9033203125,1534,595,427,292
169,5,car,0.9140625,800,479,219,151
169,6,car,0.31396484375,708,214,34,27
169,7,car,0.88720703125,600,365,151,110
169,8,car,0.325927734375,890,241,47,35
169,9,car,0.42822265625,760,220,40,32
169,10,car,0.7548828125,628,294,100,80
169,17,car,0.64794921875,475,235,66,52
169,34,car,0.82080078125,533,264,73,52
169,38,car,0.7958984375,385,245,65,47
169,72,car,0.418701171875,338,221,49,43
169,74,car,0.33447265625,430,225,43,33
169,2,truck,0.45703125,632,190,55,50
169,91,car,0.203125,389,210,56,32
169,97,car,0.533203125,1894,408,50,87
170,4,truck,0.8974609375,1553,602,436,296
170,5,car,0.90869140625,806,482,221,153
170,6,car,0.381103515625,707,214,34,27
170,7,car,0.89306640625,601,367,150,111
170,8,car,0.64794921875,889,241,47,35
170,9,car,0.6279296875,760,220,40,32
170,10,car,0.7373046875,631,294,101,81
170,17,car,0.67041015625,475,236,66,53
170,34,car,0.81982421875,535,265,74,53
170,38,car,0.80322265625,385,245,65,47
170,72,car,0.4072265625,338,221,50,44
170,74,car,0.435791015625,430,226,44,35
170,2,truck,0.3310546875,632,190,55,50
170,91,car,0.21337890625,390,210,56,32
170,97,car,0.73583984375,1889,405,60,92
171,4,truck,0.8955078125,1572,610,445,302
171,5,car,0.9140625,811,486,223,155
171,6,car,0.418701171875,707,214,34,27
171,7,car,0.8974609375,604,368,151,111
171,8,car,0.462890625,888,241,47,36
171,9,car,0.5830078125,759,220,40,32
171,10,car,0.7919921875,633,295,102,81
171,17,car,0.61865234375,475,236,67,53
171,34,car,0.8056640625,536,265,75,53
171,38,car,0.806640625,386,246,65,47
171,72,car,0.355712890625,338,221,50,44
171,74,car,0.38671875,430,226,44,36
171,2,truck,0.33642578125,632,190,54,50
171,91,car,0.21337890625,390,210,57,33
171,97,truck,0.401611328125,1883,402,69,94
172,4,truck,0.89697265625,1593,616,455,305
172,5,car,0.9208984375,817,489,225,157
172,6,car,0.449462890625,706,214,35,27
172,7,car,0.892578125,606,369,152,112
172,8,motorcycle,0.4765625,887,241,46,36
172,9,car,0.56005859375,758,220,39,31
172,10,car,0.79931640625,636,296,103,81
172,17,car,0.58154296875,476,237,66,54
172,34,car,0.83349609375,538,266,75,52
172,38,car,0.8154296875,386,246,65,47
172,72,car,0.43408203125,339,221,52,45
172,74,car,0.401611328125,430,227,45,36
172,2,truck,0.1451416015625,631,190,54,51
172,91,car,0.2239990234375,390,211,57,31
172,97,car,0.65478515625,1878,403,81,96
173,4,truck,0.9130859375,1614,623,464,310
173,5,car,0.9189453125,823,492,228,158
173,6,car,0.447509765625,705,214,34,26
173,7,car,0.9052734375,608,371,154,111
173,8,car,0.441650390625,886,240,45,36
173,9,car,0.609375,757,220,40,31
173,10,car,0.80419921875,637,296,102,81
173,17,car,0.48046875,476,237,66,54
173,34,car,0.841796875,539,267,75,52
173,38,car,0.78662109375,387,246,64,47
173,72,car,0.470703125,339,222,52,44
173,74,car,0.35400390625,431,226,45,35
173,2,truck,0.289306640625,630,190,54,52
173,91,car,0.2379150390625,390,211,57,31
173,97,car,0.51171875,1873,403,91,100
174,4,truck,0.91845703125,1636,631,476,314
174,5,car,0.91552734375,830,496,230,161
174,6,car,0.373779296875,705,215,34,26
174,7,car,0.89990234375,611,372,154,112
174,8,car,0.276611328125,885,240,45,37
174,9,car,0.4609375,756,219,39,31
174,10,car,0.767578125,640,298,103,83
174,17,car,0.435791015625,477,237,65,55
174,34,car,0.83544921875,540,268,75,52
174,38,car,0.78662109375,388,246,65,48
174,72,car,0.462890625,339,223,50,43
174,74,car,0.267333984375,432,227,43,35
174,2,truck,0.403564453125,630,190,54,52
174,91,car,0.2081298828125,390,212,59,33
174,97,car,0.552734375,1868,402,100,100
175,4,truck,0.9208984375,1660,638,487,321
175,5,car,0.9208984375,836,499,234,161
175,6,car,0.43212890625,704,214,34,26
175,7,car,0.89697265625,614,374,155,114
175,8,car,0.361083984375,884,240,44,37
175,9,car,0.462890625,756,220,39,32
175,10,car,0.68408203125,643,299,104,83
175,17,car,0.455078125,478,237,65,56
175,34,car,0.82421875,542,268,75,52
175,38,car,0.796875,389,247,67,47
175,72,car,0.47265625,338,223,49,42
175,74,car,0.32080078125,432,227,42,35
175,2,truck,0.416748046875,629,190,55,51
175,91,car,0.28466796875,391,213,61,36
175,97,car,0.70068359375,1863,401,109,101
176,4,truck,0.90869140625,1676,647,487,327
176,5,car,0.91943359375,842,502,236,163
176,6,car,0.4111328125,704,214,34,26
176,7,car,0.89306640625,617,376,158,114
176,8,car,0.56982421875,883,240,45,37
176,9,car,0.394287109375,755,220,39,32
176,10,car,0.64599609375,645,299,104,84
176,17,truck,0.35400390625,479,237,65,56
176,34,car,0.8173828125,543,269,76,52
176,38,car,0.77734375,389,247,69,47
176,72,car,0.43017578125,339,224,49,42
176,74,car,0.27197265625,434,228,43,35
176,2,truck,0.338134765625,628,190,55,50
176,91,car,0.203125,392,212,59,35
176,97,car,0.70263671875,1859,398,119,104
177,4,truck,0.90283203125,1685,654,468,331
177,5,car,0.91845703125,848,506,239,164
177,6,car,0.42431640625,703,214,34,26
177,7,car,0.89501953125,621,377,159,116
177,8,motorcycle,0.355712890625,882,240,46,36
177,9,car,0.443603515625,754,220,40,32
177,10,car,0.6259765625,647,300,105,85
177,17,truck,0.3486328125,481,238,65,56
177,34,car,0.8056640625,545,269,75,53
177,38,car,0.7919921875,389,247,68,48
177,72,car,0.414794921875,340,223,49,42
177,74,car,0.2861328125,434,228,44,34
177,2,truck,0.28466796875,628,190,54,50
177,91,car,0.1871337890625,393,212,57,34
177,97,car,0.529296875,1854,397,128,103
177,105,car,0.34326171875,480,238,66,55
178,4,truck,0.91748046875,1694,661,450,335
178,5,car,0.91650390625,854,509,242,166
178,6,car,0.453369140625,703,214,33,26
178,7,car,0.90185546875,624,379,159,117
178,8,car,0.509765625,881,239,46,36
178,9,car,0.405517578125,753,220,39,32
178,10,car,0.6259765625,650,301,105,85
178,17,truck,0.48828125,481,238,64,56
178,34,car,0.82666015625,547,269,77,55
178,38,car,0.80810546875,391,247,68,47
178,72,car,0.414794921875,341,224,51,42
178,74,car,0.307373046875,435,228,44,35
178,2,truck,0.226806640625,628,190,54,50
178,91,car,0.219970703125,393,212,60,35
178,97,truck,0.439697265625,1850,396,139,101
178,105,car,0.267333984375,481,238,66,56
179,4,truck,0.91845703125,1704,667,430,335
179,5,car,0.92041015625,860,513,243,167
179,6,car,0.388671875,703,214,34,27
179,7,car,0.9033203125,626,381,160,117
179,8,car,0.68603515625,880,239,46,36
179,9,car,0.3056640625,753,220,38,33
179,10,car,0.796875,651,302,105,85
179,17,truck,0.2861328125,483,238,66,57
179,34,car,0.83203125,548,270,77,55
179,38,car,0.79052734375,392,248,67,47
179,72,car,0.373779296875,342,224,52,43
179,74,car,0.447509765625,436,229,44,35
179,2,truck,0.34326171875,627,189,53,50
179,91,car,0.2186279296875,393,212,62,34
179,97,truck,0.552734375,1845,395,147,103
179,105,car,0.4091796875,482,239,67,57
180,4,truck,0.91357421875,1714,675,410,340
180,5,car,0.9150390625,867,517,247,169
180,6,car,0.273681640625,701,213,35,27
180,7,car,0.89892578125,629,382,161,119
180,8,car,0.6875,879,239,45,35
180,9,car,0.21728515625,752,219,38,33
180,10,car,0.75927734375,654,302,105,86
180,17,car,0.357666015625,483,239,65,56
180,34,car,0.82421875,549,271,78,56
180,38,car,0.78515625,392,248,67,48
180,72,car,0.37939453125,342,224,52,42
180,74,car,0.470703125,436,229,44,36
180,2,truck,0.56982421875,627,189,53,50
180,91,car,0.2069091796875,393,211,63,34
180,97,truck,0.83349609375,1841,395,155,102
180,105,truck,0.363037109375,483,239,65,56
181,4,truck,0.91796875,1724,684,390,345
181,5,car,0.91259765625,875,521,250,171
181,6,car,0.289306640625,700,214,34,27
181,7,car,0.89111328125,632,384,163,120
181,8,car,0.74609375,878,239,45,35
181,9,car,0.273681640625,751,219,39,33
181,10,car,0.74609375,656,303,106,86
181,17,car,0.61328125,484,240,67,56
181,34,car,0.82666015625,551,271,79,55
181,38,car,0.7734375,393,248,68,49
181,72,car,0.414794921875,343,225,53,42
181,74,car,0.46875,437,230,45,35
181,2,truck,0.416748046875,626,189,53,50
181,91,car,0.1778564453125,394,212,64,33
181,97,truck,0.81982421875,1836,395,164,101
182,4,truck,0.91748046875,1735,693,368,353
182,5,car,0.91357421875,881,525,254,173
182,6,car,0.388671875,700,214,34,26
182,7,car,0.888671875,635,385,164,121
182,8,car,0.71044921875,876,239,44,35
182,9,car,0.418701171875,750,219,39,33
182,10,car,0.7216796875,658,303,107,86
182,17,car,0.62060546875,486,240,68,56
182,34,car,0.822265625,553,271,78,55
182,38,car,0.763671875,393,249,69,49
182,72,car,0.43212890625,343,225,54,42
182,74,car,0.478515625,437,230,46,36
182,2,truck,0.435791015625,626,189,54,50
182,91,car,0.1744384765625,396,212,64,33
182,97,truck,0.77978515625,1832,395,173,102
183,4,truck,0.93603515625,1746,703,347,358
183,5,car,0.92236328125,888,529,256,176
183,6,car,0.33984375,699,214,35,26
183,7,car,0.89111328125,638,387,166,121
183,8,car,0.556640625,875,239,44,35
183,9,car,0.341552734375,749,219,39,33
183,10,car,0.55078125,661,305,108,86
183,17,car,0.60595703125,487,240,68,56
183,34,car,0.806640625,554,272,78,55
183,38,car,0.7490234375,394,249,70,49
183,72,car,0.45703125,343,225,54,43
183,74,car,0.486328125,438,230,46,36
183,2,truck,0.282958984375,625,189,55,50
183,91,car,0.19189453125,402,212,53,33
183,97,truck,0.880859375,1826,394,180,101
184,4,truck,0.93603515625,1757,714,325,364
184,5,car,0.92626953125,896,533,258,178
184,6,car,0.25830078125,698,214,34,27
184,7,car,0.8974609375,640,388,167,122
184,8,car,0.43212890625,874,239,44,35
184,9,car,0.294189453125,748,219,39,33
184,10,car,0.763671875,663,306,108,87
184,17,car,0.67724609375,487,241,66,56
184,34,car,0.822265625,555,272,78,56
184,38,car,0.77197265625,395,249,70,49
184,72,car,0.474609375,344,225,55,43
184,74,car,0.521484375,439,230,44,35
184,2,truck,0.3056640625,625,189,54,50
184,91,car,0.1461181640625,399,212,55,32
184,97,truck,0.87744140625,1819,392,183,101
185,4,truck,0.9375,1768,725,302,371
185,5,car,0.921875,904,538,263,179
185,6,car,0.195556640625,697,213,34,27
185,7,car,0.90576171875,644,390,169,123
185,8,car,0.462890625,873,238,44,35
185,9,car,0.29736328125,747,219,40,34
185,10,car,0.80810546875,666,306,108,88
185,17,car,0.5927734375,488,241,66,57
185,34,car,0.81298828125,557,273,79,56
185,38,car,0.7734375,395,249,69,50
185,72,car,0.447509765625,345,225,55,43
185,74,car,0.494140625,440,230,44,35
185,2,truck,0.32421875,625,189,53,50
185,91,car,0.1251220703125,400,213,56,31
185,97,truck,0.85400390625,1810,390,182,101
186,4,truck,0.935546875,1780,736,279,379
186,5,car,0.921875,913,542,269,182
186,6,car,0.2017822265625,697,213,34,26
186,7,car,0.90673828125,647,392,170,124
186,8,car,0.451416015625,872,238,44,35
186,9,car,0.312255859375,746,218,40,33
186,10,car,0.8056640625,668,307,109,88
186,17,car,0.45703125,489,241,67,57
186,34,car,0.80322265625,558,273,79,56
186,38,car,0.77197265625,396,250,70,50
186,72,car,0.43212890625,346,225,56,44
186,74,car,0.43408203125,440,229,45,35
186,2,truck,0.48828125,624,189,53,50
186,91,car,0.1666259765625,408,213,44,30
186,97,truck,0.82568359375,1802,388,179,103
187,4,truck,0.91259765625,1792,743,254,381
187,5,car,0.92529296875,920,546,272,184
187,6,car,0.2069091796875,696,214,34,26
187,7,car,0.90283203125,651,394,171,126
187,8,car,0.37939453125,872,238,44,36
187,9,car,0.291015625,746,218,40,34
187,10,car,0.80810546875,671,308,109,88
187,17,car,0.63720703125,490,241,66,57
187,34,car,0.80908203125,560,274,78,57
187,38,car,0.7548828125,396,251,70,49
187,72,car,0.447509765625,346,225,56,44
187,74,car,0.418701171875,441,230,45,36
187,2,truck,0.418701171875,623,189,54,50
187,91,car,0.1883544921875,412,213,39,31
187,97,truck,0.810546875,1793,386,178,105
188,4,truck,0.90673828125,1805,734,229,347
188,5,car,0.91796875,928,550,275,187
188,6,car,0.25244140625,696,213,34,27
188,7,car,0.90185546875,654,396,172,127
188,8,truck,0.4765625,871,238,45,36
188,9,car,0.33642578125,745,218,39,33
188,10,car,0.79052734375,674,309,110,88
188,17,car,0.55078125,492,242,68,58
188,34,car,0.80322265625,561,275,78,56
188,38,car,0.74755859375,396,251,69,49
188,72,car,0.45703125,346,225,55,44
188,74,car,0.420654296875,442,230,45,36
188,2,truck,0.359375,623,188,55,50
188,91,car,0.21337890625,413,213,40,31
188,97,truck,0.84814453125,1784,385,177,102
189,4,truck,0.86962890625,1818,734,202,328
189,5,car,0.91552734375,936,555,278,188
189,6,car,0.172119140625,695,213,33,27
189,7,car,0.90185546875,658,397,174,128
189,8,truck,0.416748046875,869,238,45,35
189,9,car,0.302490234375,745,218,40,33
189,10,car,0.8232421875,676,309,111,88
189,17,car,0.59619140625,492,242,67,57
189,34,car,0.80908203125,563,275,79,57
189,38,car,0.74462890625,397,251,69,50
189,72,car,0.453369140625,347,226,56,44
189,74,car,0.39794921875,443,230,45,37
189,2,truck,0.368408203125,622,188,55,49
189,91,car,0.169921875,413,213,41,31
189,97,truck,0.8427734375,1774,383,177,103
190,4,truck,0.8427734375,1832,743,175,307
190,5,car,0.9208984375,944,560,281,191
190,6,car,0.2108154296875,695,213,33,26
190,7,car,0.90185546875,661,400,175,129
190,8,car,0.482421875,869,238,44,35
190,9,car,0.24365234375,744,217,39,33
190,10,car,0.81396484375,678,311,112,90
190,17,car,0.69091796875,493,242,67,57
190,34,car,0.8115234375,564,276,79,57
190,38,car,0.74755859375,398,252,70,51
190,72,car,0.439697265625,347,226,57,44
190,74,car,0.439697265625,443,230,47,37
190,2,truck,0.287841796875,622,188,55,48
190,91,car,0.178955078125,414,214,40,31
190,97,truck,0.85693359375,1765,382,172,103
191,4,truck,0.89892578125,1847,764,144,277
191,5,car,0.92236328125,953,565,285,194
191,6,car,0.29736328125,694,213,33,26
191,7,car,0.908203125,665,402,177,129
191,8,car,0.490234375,868,238,44,34
191,9,car,0.4091796875,743,217,39,32
191,10,car,0.84912109375,681,311,112,90
191,17,car,0.6669921875,493,243,69,57
191,34,car,0.810546875,566,276,80,57
191,38,car,0.7705078125,398,252,70,51
191,72,car,0.43017578125,348,226,57,44
191,74,car,0.449462890625,443,231,48,38
191,2,truck,0.357666015625,621,188,54,48
191,91,car,0.25244140625,415,215,40,33
191,97,truck,0.8056640625,1757,382,170,100
192,4,truck,0.822265625,1863,781,112,271
192,5,car,0.92529296875,961,570,288,196
192,6,car,0.2147216796875,693,213,34,26
192,7,car,0.9072265625,668,403,179,129
192,8,car,0.32421875,867,237,44,34
192,9,car,0.33447265625,743,217,39,32
192,10,car,0.8623046875,684,312,113,91
192,17,car,0.67041015625,495,243,70,57
192,34,car,0.80419921875,567,277,81,58
192,38,car,0.76904296875,399,252,70,50
192,72,car,0.46484375,348,227,56,44
192,74,car,0.478515625,444,231,48,37
192,2,truck,0.28466796875,621,188,54,48
192,91,car,0.27978515625,415,215,41,33
192,97,truck,0.81396484375,1748,378,170,104
193,4,truck,0.5908203125,1879,793,79,270
193,5,car,0.93359375,970,574,292,199
193,6,car,0.2069091796875,693,213,34,26
193,7,car,0.9072265625,671,405,180,130
193,8,car,0.48046875,866,237,44,34
193,9,car,0.3310546875,742,217,39,33
193,10,car,0.8427734375,687,313,114,91
193,17,car,0.64599609375,495,244,70,57
193,34,car,0.79833984375,569,277,82,58
193,38,car,0.76611328125,400,252,71,51
193,72,car,0.420654296875,348,227,57,45
193,74,car,0.4130859375,446,231,48,37
193,2,truck,0.388671875,621,188,54,49
193,91,car,0.2568359375,415,215,41,33
193,97,truck,0.79443359375,1740,376,167,102
194,4,car,0.453369140625,1894,804,48,272
194,5,car,0.9248046875,979,580,296,202
194,6,car,0.21337890625,692,213,34,26
194,7,car,0.91162109375,675,407,181,132
194,8,car,0.315673828125,865,237,45,34
194,9,car,0.42822265625,741,217,39,32
194,10,car,0.83544921875,689,314,116,90
194,17,car,0.67041015625,496,245,69,57
194,34,car,0.8056640625,570,278,82,58
194,38,car,0.75927734375,401,253,71,52
194,72,car,0.447509765625,349,227,58,45
194,74,car,0.420654296875,447,231,46,36
194,2,truck,0.2379150390625,621,188,53,49
194,91,car,0.273681640625,416,215,42,33
194,97,truck,0.82421875,1731,376,164,99
195,4,car,0.1015625,1909,785,18,188
195,5,car,0.92138671875,989,585,302,203
195,6,car,0.361083984375,692,213,34,25
195,7,car,0.91650390625,679,409,181,133
195,8,car,0.6513671875,864,237,46,33
195,9,car,0.658203125,741,216,38,33
195,10,car,0.8447265625,692,315,116,92
195,17,car,0.6943359375,497,245,69,57
195,34,car,0.81884765625,572,278,82,58
195,38,car,0.77734375,402,253,71,52
195,72,car,0.458984375,350,227,59,45
195,74,car,0.4765625,448,231,46,35
195,2,truck,0.2783203125,621,188,53,48
195,91,car,0.319091796875,418,215,42,34
195,97,truck,0.83203125,1723,372,165,105
196,5,car,0.921875,998,590,306,205
196,6,car,0.39990234375,691,213,34,25
196,7,car,0.9052734375,682,411,183,133
196,8,car,0.69775390625,863,237,45,33
196,9,car,0.60009765625,740,217,38,34
196,10,car,0.86328125,695,315,116,93
196,17,car,0.6533203125,498,245,68,56
196,34,car,0.82421875,574,279,84,59
196,38,car,0.79052734375,402,253,71,52
196,72,car,0.482421875,351,227,59,45
196,74,car,0.4765625,448,231,47,36
196,2,truck,0.361083984375,620,187,52,48
196,91,car,0.34326171875,417,215,44,33
196,97,truck,0.83203125,1716,372,163,101
197,5,car,0.91845703125,1008,596,309,207
197,6,car,0.46484375,690,213,34,25
197,7,car,0.900390625,686,413,185,135
197,8,car,0.69580078125,862,237,46,34
197,9,car,0.6318359375,740,216,38,34
197,10,car,0.845703125,699,316,118,93
197,17,car,0.67919921875,499,245,67,56
197,34,car,0.830078125,575,279,84,59
197,38,car,0.79443359375,403,254,73,52
197,72,car,0.544921875,350,228,57,45
197,74,car,0.458984375,449,232,48,36
197,2,truck,0.2861328125,620,187,52,47
197,91,car,0.363037109375,417,215,44,33
197,97,truck,0.82421875,1707,373,160,98
197,119,car,0.361083984375,244,202,43,32
198,5,car,0.93017578125,1017,602,312,212
198,6,car,0.439697265625,690,212,34,25
198,7,car,0.9013671875,690,416,186,136
198,8,car,0.662109375,861,237,45,34
198,9,car,0.65478515625,739,216,38,34
198,10,car,0.763671875,702,317,118,95
198,17,car,0.71533203125,500,245,69,57
198,34,car,0.830078125,576,280,85,59
198,38,car,0.76904296875,404,255,74,52
198,72,car,0.53515625,350,228,57,44
198,74,car,0.46484375,450,232,47,36
198,2,truck,0.302490234375,619,187,52,47
198,91,car,0.355712890625,418,215,45,34
198,97,truck,0.78515625,1699,373,159,96
198,119,car,0.325927734375,244,202,44,32
199,5,car,0.93115234375,1028,607,317,214
199,6,car,0.414794921875,689,212,33,25
199,7,car,0.90478515625,694,418,187,137
199,8,car,0.71533203125,860,237,44,34
199,9,car,0.73095703125,738,216,37,34
199,10,car,0.75927734375,704,318,120,96
199,17,car,0.5888671875,502,245,69,58
199,34,car,0.81396484375,578,280,85,60
199,38,car,0.77734375,404,255,73,51
199,72,car,0.494140625,351,228,57,44
199,74,car,0.453369140625,452,232,49,36
199,2,truck,0.2081298828125,619,186,51,47
199,91,car,0.3173828125,419,215,44,35
199,97,truck,0.8154296875,1692,370,161,99
199,119,car,0.248046875,244,202,44,32
200,5,car,0.931640625,1038,613,321,217
200,6,car,0.451416015625,689,212,32,25
200,7,car,0.900390625,698,420,189,139
200,8,car,0.67919921875,858,237,44,34
200,9,car,0.689453125,737,216,37,34
200,10,car,0.84814453125,707,319,121,96
200,17,car,0.66357421875,503,246,69,58
200,34,car,0.82763671875,579,281,86,60
200,38,car,0.76611328125,405,256,74,52
200,72,car,0.490234375,351,228,58,44
200,74,car,0.48828125,453,233,48,38
200,2,truck,0.281494140625,619,187,51,47
200,91,car,0.322509765625,420,216,43,35
200,97,truck,0.83544921875,1684,367,158,99
200,119,car,0.2108154296875,245,202,43,31
201,5,car,0.93310546875,1048,619,326,220
201,6,car,0.422607421875,688,212,32,25
201,7,car,0.9111328125,702,422,192,140
201,8,car,0.65673828125,857,236,44,34
201,9,car,0.70556640625,737,216,37,33
201,10,car,0.83740234375,709,320,122,96
201,17,car,0.61669921875,503,246,69,59
201,34,car,0.8291015625,581,282,86,61
201,38,car,0.78662109375,406,256,74,53
201,72,car,0.43408203125,352,228,57,45
201,74,car,0.462890625,454,233,48,38
201,2,truck,0.418701171875,618,187,51,48
201,91,car,0.26904296875,421,216,46,35
201,97,truck,0.85205078125,1677,366,156,99
201,119,car,0.1688232421875,245,203,42,30
201,122,car,0.57373046875,1902,404,31,58
202,5,car,0.92431640625,1061,625,334,222
202,6,car,0.3701171875,688,212,32,26
202,7,car,0.91162109375,706,424,194,140
202,8,car,0.75634765625,856,236,42,34
202,9,car,0.69921875,736,216,37,32
202,10,car,0.81396484375,712,321,122,95
202,17,car,0.56396484375,505,247,71,60
202,34,car,0.85205078125,583,283,88,60
202,38,car,0.78271484375,406,256,73,53
202,72,car,0.368408203125,352,229,58,46
202,74,car,0.416748046875,455,234,47,38
202,2,truck,0.453369140625,618,187,52,48
202,91,car,0.2379150390625,422,217,46,35
202,97,truck,0.81396484375,1669,364,156,100
202,119,car,0.1143798828125,244,202,42,32
202,122,car,0.6689453125,1900,401,38,65
203,5,car,0.92578125,1072,631,338,225
203,6,car,0.3701171875,687,212,32,26
203,7,car,0.90673828125,710,426,195,142
203,8,car,0.7138671875,856,236,44,34
203,9,car,0.69580078125,735,216,37,32
203,10,car,0.8681640625,716,322,122,96
203,17,car,0.6318359375,506,247,71,60
203,34,car,0.84375,585,283,88,60
203,38,car,0.796875,407,256,74,53
203,72,car,0.39599609375,353,229,58,46
203,74,car,0.422607421875,456,234,48,38
203,2,truck,0.441650390625,617,187,52,48
203,91,car,0.273681640625,422,217,46,35
203,97,truck,0.8291015625,1662,364,156,97
203,119,car,0.115966796875,243,202,42,33
203,122,car,0.5947265625,1896,397,45,69
204,5,car,0.9267578125,1082,637,342,229
204,6,car,0.449462890625,687,210,31,26
204,7,car,0.90576171875,714,426,196,144
204,8,car,0.76611328125,855,234,43,33
204,9,car,0.7373046875,734,214,37,32
204,10,car,0.81884765625,719,321,122,97
204,17,car,0.546875,507,245,71,60
204,34,car,0.830078125,586,282,88,62
204,38,car,0.82080078125,409,255,73,53
204,72,car,0.46875,354,227,59,46
204,74,car,0.439697265625,456,232,49,39
204,2,truck,0.3173828125,616,186,52,50
204,91,car,0.329345703125,422,216,47,34
204,97,truck,0.7216796875,1654,363,153,94
204,119,car,0.32763671875,248,200,44,32
204,122,car,0.7294921875,1891,396,52,72
205,5,car,0.927734375,1093,643,347,231
205,6,car,0.388671875,686,210,31,26
205,7,car,0.908203125,719,429,198,146
205,8,car,0.80419921875,853,234,41,32
205,9,car,0.6533203125,734,214,37,33
205,10,car,0.845703125,722,321,123,98
205,17,car,0.48828125,508,246,71,60
205,34,car,0.845703125,588,282,89,62
205,38,car,0.83349609375,410,256,73,53
205,72,car,0.521484375,355,227,59,46
205,74,car,0.394287109375,457,232,49,39
205,2,truck,0.42431640625,615,186,52,50
205,91,car,0.2705078125,422,216,48,33
205,97,truck,0.84375,1646,363,149,90
205,119,car,0.338134765625,250,201,45,32
205,122,car,0.63525390625,1887,395,60,73
206,5,car,0.93017578125,1106,650,354,236
206,6,car,0.39794921875,686,210,31,25
206,7,car,0.9013671875,723,432,201,147
206,8,car,0.71044921875,853,234,41,33
206,9,car,0.67236328125,734,214,37,33
206,10,car,0.84912109375,725,323,125,98
206,17,car,0.5546875,509,246,72,61
206,34,car,0.8388671875,590,283,90,61
206,38,car,0.80908203125,410,256,74,53
206,72,car,0.47265625,354,228,57,45
206,74,car,0.53515625,459,233,49,39
206,2,truck,0.455078125,615,186,51,51
206,91,car,0.3310546875,424,216,47,33
206,97,truck,0.8232421875,1640,362,149,89
206,119,car,0.350341796875,250,201,45,32
206,122,car,0.513671875,1884,395,69,73
206,124,truck,0.36474609375,265,161,39,52
207,5,car,0.9248046875,1119,657,359,240
207,6,car,0.346923828125,685,209,32,25
207,7,car,0.9033203125,728,435,202,147
207,8,car,0.67578125,851,234,41,33
207,9,car,0.56201171875,732,213,37,33
207,10,car,0.8017578125,728,324,126,98
207,17,car,0.521484375,510,246,73,61
207,34,car,0.83203125,592,284,91,61
207,38,car,0.80419921875,411,255,75,53
207,72,car,0.42626953125,353,228,56,45
207,74,car,0.56787109375,460,233,49,39
207,2,truck,0.451416015625,615,185,51,50
207,91,car,0.2705078125,427,215,45,32
207,97,truck,0.806640625,1632,361,149,88
207,119,car,0.338134765625,251,201,46,33
207,122,car,0.67578125,1880,394,76,74
207,124,truck,0.4765625,265,161,39,52
208,5,car,0.9326171875,1131,664,364,242
208,6,car,0.315673828125,684,209,32,26
208,7,car,0.90478515625,731,437,204,148
208,8,car,0.67578125,849,234,41,32
208,9,car,0.61669921875,731,213,37,33
208,10,car,0.77734375,731,324,127,97
208,17,car,0.541015625,511,247,74,61
208,34,car,0.8427734375,593,285,92,62
208,38,car,0.8017578125,412,256,74,54
208,72,car,0.445556640625,355,229,58,46
208,74,car,0.5234375,460,233,49,39
208,2,truck,0.437744140625,615,185,50,50
208,91,car,0.2254638671875,426,215,49,31
208,97,truck,0.81298828125,1624,361,147,86
208,119,car,0.2451171875,251,202,46,31
208,122,car,0.7646484375,1874,393,83,74
208,124,truck,0.3310546875,265,161,38,52
209,5,car,0.931640625,1145,671,372,246
209,6,car,0.265869140625,684,209,32,27
209,7,car,0.91259765625,736,440,206,149
209,8,car,0.67578125,850,233,41,32
209,9,car,0.494140625,731,213,37,33
209,10,car,0.8056640625,735,324,127,97
209,17,car,0.455078125,513,247,74,62
209,34,car,0.83544921875,596,285,92,62
209,38,car,0.806640625,413,256,73,54
209,72,car,0.474609375,355,229,58,47
209,74,car,0.56005859375,462,233,49,39
209,2,truck,0.385009765625,615,185,50,50
209,91,car,0.264404296875,428,214,47,32
209,97,truck,0.79931640625,1618,360,146,86
209,119,car,0.325927734375,251,202,46,31
209,122,car,0.65673828125,1872,392,91,73
209,124,truck,0.30908203125,266,161,38,52
210,5,car,0.93115234375,1159,679,379,251
210,6,car,0.248046875,684,209,31,26
210,7,car,0.91064453125,741,442,208,150
210,8,car,0.638671875,849,233,41,32
210,9,car,0.470703125,731,213,37,33
210,10,car,0.75927734375,738,325,127,98
210,17,car,0.60205078125,514,247,73,62
210,34,car,0.83740234375,598,285,91,63
210,38,car,0.79443359375,414,257,75,55
210,72,car,0.403564453125,356,229,58,47
210,74,car,0.609375,462,233,50,39
210,2,truck,0.38671875,615,185,49,50
210,91,car,0.27197265625,429,215,46,34
210,97,truck,0.7880859375,1611,358,144,86
210,119,car,0.2783203125,251,202,45,31
210,122,car,0.7490234375,1869,391,98,73
210,124,truck,0.2379150390625,266,160,37,52
211,5,car,0.93359375,1172,687,386,254
211,6,car,0.26904296875,683,209,31,25
211,7,car,0.9111328125,746,444,210,152
211,8,car,0.56396484375,848,233,41,32
211,9,car,0.494140625,730,213,37,32
211,10,car,0.62060546875,741,326,128,99
211,17,car,0.66552734375,516,248,73,62
211,34,car,0.822265625,599,286,93,64
211,38,car,0.76220703125,414,257,75,56
211,72,car,0.43017578125,356,230,58,46
211,74,car,0.552734375,463,234,50,40
211,2,truck,0.420654296875,614,185,49,50
211,91,car,0.2783203125,430,215,45,34
211,97,truck,0.78271484375,1604,356,145,87
211,119,car,0.282958984375,251,203,45,31
211,122,car,0.66552734375,1865,390,106,72
211,124,truck,0.259765625,266,160,37,51
212,5,car,0.92724609375,1187,696,392,259
212,6,car,0.25390625,682,209,31,26
212,7,car,0.90869140625,751,448,212,153
212,8,car,0.59619140625,847,232,41,32
212,9,car,0.60400390625,730,213,37,33
212,10,car,0.7265625,744,327,129,100
212,17,car,0.6533203125,517,249,74,62
212,34,car,0.83642578125,601,287,93,64
212,38,car,0.76611328125,415,258,74,55
212,72,car,0.441650390625,357,230,58,46
212,74,car,0.55810546875,464,234,51,39
212,2,truck,0.462890625,613,185,49,49
212,91,car,0.302490234375,432,215,44,34
212,97,truck,0.77880859375,1596,355,144,87
212,119,car,0.2421875,251,203,44,31
212,122,car,0.73583984375,1862,390,113,74
212,124,truck,0.1571044921875,267,160,37,51
213,5,car,0.931640625,1202,704,398,263
213,6,car,0.259765625,682,210,31,26
213,7,car,0.90576171875,756,450,215,154
213,8,car,0.609375,846,232,41,32
213,9,car,0.52734375,729,213,37,33
213,10,car,0.7041015625,748,329,130,100
213,17,car,0.5908203125,519,249,76,62
213,34,car,0.83447265625,603,287,94,64
213,38,car,0.7744140625,417,259,74,54
213,72,car,0.458984375,359,230,61,47
213,74,car,0.513671875,464,235,51,40
213,2,truck,0.46875,613,185,50,49
213,91,car,0.34521484375,432,216,44,35
213,97,truck,0.806640625,1591,355,141,86
213,119,car,0.23095703125,251,203,44,31
213,122,car,0.420654296875,1858,389,119,75
213,124,truck,0.103759765625,267,161,36,50
214,5,car,0.927734375,1217,712,408,269
214,6,car,0.281494140625,681,210,32,26
214,7,car,0.8974609375,762,453,219,155
214,8,car,0.62451171875,845,232,42,32
214,9,car,0.5888671875,729,213,37,33
214,10,car,0.57958984375,751,330,130,100
214,17,car,0.63720703125,519,250,76,61
214,34,car,0.81884765625,606,288,93,65
214,38,car,0.78125,417,260,75,54
214,72,car,0.509765625,359,230,61,48
214,74,car,0.55810546875,465,236,49,40
214,2,truck,0.449462890625,612,185,50,49
214,91,car,0.39794921875,432,217,45,35
214,97,truck,0.78271484375,1583,353,142,87
214,119,car,0.204345703125,251,204,44,31
214,122,car,0.72021484375,1854,388,125,75
215,5,car,0.9345703125,1232,722,418,274
215,6,car,0.24365234375,681,210,31,26
215,7,car,0.9091796875,767,457,220,158
215,8,car,0.59619140625,844,232,42,32
215,9,car,0.47265625,729,213,37,32
215,10,car,0.60400390625,755,331,131,101
215,17,car,0.6533203125,521,251,76,63
215,34,car,0.80810546875,608,289,92,66
215,38,car,0.7607421875,418,260,76,56
215,72,car,0.57177734375,360,231,62,48
215,74,car,0.55810546875,466,237,51,40
215,2,truck,0.3701171875,612,185,49,49
215,91,car,0.32421875,433,218,45,34
215,97,truck,0.74462890625,1577,351,139,90
215,119,car,0.2294921875,251,204,44,32
215,122,car,0.79296875,1849,388,128,74
216,5,car,0.93310546875,1248,731,424,278
216,6,car,0.2861328125,680,210,32,25
216,7,car,0.91162109375,771,460,221,160
216,8,car,0.58154296875,843,232,43,32
216,9,car,0.59619140625,727,214,37,32
216,10,car,0.5947265625,758,333,133,102
216,17,car,0.66015625,522,251,76,63
216,34,car,0.8056640625,610,290,93,65
216,38,car,0.75341796875,419,260,76,56
216,72,car,0.63720703125,360,231,60,47
216,74,car,0.57568359375,467,237,52,40
216,2,truck,0.248046875,611,185,49,49
216,91,car,0.30908203125,433,218,46,34
216,97,truck,0.7890625,1571,350,138,89
216,119,car,0.289306640625,252,204,44,32
216,122,car,0.60595703125,1842,387,129,74
217,5,car,0.93603515625,1265,741,431,285
217,6,car,0.267333984375,680,210,32,25
217,7,car,0.91064453125,777,462,223,160
217,8,car,0.56201171875,842,232,43,32
217,9,car,0.5947265625,726,214,38,32
217,10,car,0.68408203125,763,335,133,103
217,17,car,0.708984375,523,252,76,63
217,34,car,0.79052734375,612,291,92,65
217,38,car,0.75048828125,420,261,76,56
217,72,car,0.56787109375,361,232,61,48
217,74,car,0.5908203125,468,238,52,41
217,2,truck,0.329345703125,611,185,49,49
217,91,car,0.319091796875,433,219,48,34
217,97,truck,0.83447265625,1565,347,139,92
217,119,car,0.310791015625,251,204,44,33
217,122,car,0.7919921875,1835,386,129,75
217,125,person,0.35302734375,889,215,15,34
218,5,car,0.935546875,1282,751,440,290
218,6,car,0.25244140625,679,209,32,24
218,7,car,0.9091796875,782,466,226,163
218,8,car,0.5888671875,841,233,42,32
218,9,car,0.509765625,726,214,39,32
218,10,car,0.66357421875,766,336,134,105
218,17,car,0.71533203125,525,253,77,63
218,34,car,0.81298828125,614,292,93,65
218,38,car,0.75048828125,420,262,76,57
218,72,car,0.55078125,361,232,62,48
218,74,car,0.53125,469,239,51,41
218,2,truck,0.37939453125,611,186,49,48
218,91,car,0.299072265625,434,219,47,33
218,97,truck,0.8017578125,1559,348,138,89
218,119,car,0.2861328125,252,204,44,34
218,122,car,0.76611328125,1828,386,128,74
218,125,person,0.318359375,889,215,16,33
219,5,car,0.9345703125,1299,762,451,296
219,6,car,0.203125,678,209,31,24
219,7,car,0.9091796875,787,469,229,164
219,8,car,0.6259765625,841,233,42,32
219,9,car,0.3720703125,725,214,39,31
219,10,car,0.498046875,770,338,135,106
219,17,car,0.76611328125,525,254,78,63
219,34,car,0.810546875,615,293,95,66
219,38,car,0.76220703125,422,263,77,57
219,72,car,0.548828125,361,233,61,48
219,74,car,0.5078125,470,239,51,41
219,2,truck,0.556640625,610,186,50,48
219,91,car,0.30908203125,435,220,47,34
219,97,truck,0.8017578125,1552,347,138,89
219,119,car,0.20947265625,252,205,46,33
219,122,car,0.662109375,1820,385,128,74
219,125,person,0.418701171875,889,215,17,34
220,5,car,0.93359375,1317,772,458,300
220,6,car,0.22265625,677,209,30,24
220,7,car,0.91162109375,792,473,231,165
220,8,car,0.60400390625,839,233,42,32
220,9,car,0.4609375,724,214,38,31
220,10,car,0.6826171875,773,340,137,107
220,17,car,0.76904296875,526,254,78,64
220,34,car,0.810546875,616,294,97,68
220,38,car,0.7919921875,422,264,78,57
220,72,car,0.60400390625,361,234,60,49
220,74,car,0.470703125,472,240,50,41
220,2,truck,0.5849609375,610,187,50,48
220,91,car,0.26904296875,435,221,48,35
220,97,truck,0.80322265625,1547,346,137,89
220,119,car,0.19189453125,252,206,45,32
220,122,car,0.69287109375,1812,384,124,74
220,125,person,0.474609375,889,216,17,35
221,5,car,0.92919921875,1337,784,470,309
221,6,car,0.1993408203125,677,209,31,23
221,7,car,0.91796875,798,477,233,167
221,8,car,0.61328125,839,233,41,32
221,9,car,0.39990234375,723,214,37,30
221,10,car,0.67236328125,777,342,138,108
221,17,car,0.78125,528,255,78,65
221,34,car,0.8173828125,618,295,98,68
221,38,car,0.79052734375,424,264,79,58
221,72,car,0.66552734375,362,234,60,48
221,74,car,0.4765625,474,240,50,41
221,2,truck,0.61669921875,610,187,52,48
221,91,car,0.275146484375,436,221,49,35
221,97,truck,0.78271484375,1540,346,135,87
221,119,car,0.2069091796875,253,207,44,32
221,122,car,0.767578125,1807,383,122,74
221,125,person,0.39697265625,889,216,16,36
222,5,car,0.9345703125,1356,795,482,316
222,6,car,0.23095703125,677,210,31,24
222,7,car,0.9150390625,804,480,235,169
222,8,car,0.57763671875,838,233,41,32
222,9,car,0.359375,723,214,38,30
222,10,car,0.7841796875,781,344,139,109
222,17,car,0.81640625,529,256,79,64
222,34,car,0.80419921875,620,296,100,68
222,38,car,0.79443359375,425,265,79,59
222,72,car,0.6689453125,363,235,61,47
222,74,car,0.47265625,475,241,50,41
222,2,truck,0.59619140625,610,188,52,49
222,91,car,0.2294921875,437,222,49,34
222,97,truck,0.830078125,1533,346,133,85
222,119,car,0.368408203125,253,208,44,32
222,122,car,0.552734375,1800,382,121,74
223,5,car,0.9365234375,1378,806,491,321
223,6,car,0.19677734375,677,210,30,24
223,7,car,0.91650390625,809,484,238,170
223,8,car,0.57177734375,837,233,41,32
223,9,truck,0.281494140625,722,214,37,31
223,10,car,0.6298828125,784,346,139,110
223,17,car,0.77734375,530,257,79,64
223,34,car,0.806640625,621,297,101,68
223,38,car,0.7919921875,426,266,80,59
223,72,car,0.65673828125,363,235,61,47
223,74,car,0.478515625,475,241,51,41
223,2,truck,0.56201171875,610,188,51,49
223,91,car,0.2081298828125,438,222,50,35
223,97,truck,0.79052734375,1527,344,132,85
223,119,car,0.329345703125,254,208,44,32
223,122,car,0.66015625,1793,381,121,73
224,5,car,0.93310546875,1397,817,501,327
224,6,car,0.120849609375,675,211,31,24
224,7,car,0.9208984375,815,487,240,171
224,8,car,0.482421875,835,233,41,32
224,9,car,0.267333984375,721,214,37,31
224,10,car,0.470703125,788,348,140,111
224,17,car,0.7841796875,532,258,80,64
224,34,car,0.80419921875,623,298,100,68
224,38,car,0.79833984375,426,267,80,58
224,72,car,0.61865234375,362,236,61,48
224,74,car,0.482421875,476,241,50,41
224,2,truck,0.521484375,610,187,50,48
224,91,car,0.219970703125,438,223,50,37
224,97,truck,0.81298828125,1521,342,131,88
224,119,car,0.294189453125,254,208,44,31
224,122,car,0.7705078125,1785,379,121,73
225,5,car,0.9306640625,1419,831,515,332
225,6,car,0.127685546875,675,211,31,24
225,7,car,0.9111328125,822,490,243,173
225,8,car,0.53515625,835,233,41,32
225,9,car,0.4111328125,721,215,36,30
225,10,truck,0.494140625,792,349,142,113
225,17,car,0.74169921875,534,258,79,64
225,34,car,0.79443359375,627,300,98,68
225,38,car,0.77880859375,427,267,79,57
225,72,car,0.640625,362,236,61,48
225,74,car,0.462890625,477,242,51,41
225,2,truck,0.394287109375,610,187,51,48
225,91,car,0.219970703125,438,224,50,37
225,97,truck,0.80419921875,1515,341,133,88
225,119,car,0.276611328125,254,208,44,31
225,122,car,0.689453125,1779,379,121,72
225,127,car,0.403564453125,792,349,142,113
226,5,car,0.9375,1443,845,528,340
226,6,car,0.1339111328125,674,212,31,24
226,7,car,0.9140625,828,494,247,175
226,8,car,0.5830078125,834,234,41,32
226,9,car,0.505859375,720,215,36,30
226,10,car,0.615234375,796,352,142,113
226,17,car,0.77734375,536,259,80,65
226,34,car,0.80908203125,630,301,99,68
226,38,car,0.7734375,428,268,80,58
226,72,car,0.65478515625,364,237,61,49
226,74,car,0.478515625,478,244,52,41
226,2,truck,0.1422119140625,610,188,53,48
226,91,car,0.18359375,441,224,47,37
226,97,truck,0.7958984375,1509,342,132,85
226,119,car,0.184814453125,254,209,45,31
226,122,car,0.767578125,1773,379,120,72
227,5,car,0.9306640625,1467,859,543,349
227,6,car,0.1519775390625,673,212,31,24
227,7,car,0.91748046875,834,497,249,177
227,8,car,0.57177734375,833,234,41,32
227,9,car,0.513671875,719,215,35,30
227,10,car,0.72314453125,801,353,143,114
227,17,car,0.7841796875,537,260,80,65
227,34,car,0.81884765625,632,301,98,69
227,38,car,0.78271484375,428,269,79,58
227,72,car,0.66552734375,365,237,63,49
227,74,car,0.51171875,479,244,52,41
227,2,truck,0.158203125,609,188,54,48
227,91,car,0.21728515625,441,225,48,37
227,97,truck,0.8291015625,1502,341,131,84
227,119,car,0.1666259765625,254,210,45,32
227,122,car,0.533203125,1766,378,118,71
228,5,car,0.9345703125,1492,873,557,357
228,6,car,0.1285400390625,673,212,31,24
228,7,car,0.91259765625,840,501,252,178
228,8,car,0.4921875,832,234,41,32
228,9,car,0.458984375,719,215,35,30
228,10,car,0.673828125,805,354,146,115
228,17,car,0.80322265625,537,261,80,65
228,34,car,0.81884765625,635,302,98,69
228,38,car,0.78125,429,270,79,58
228,72,car,0.6298828125,366,238,64,48
228,74,car,0.55078125,480,245,51,41
228,2,truck,0.1800537109375,609,188,56,48
228,91,car,0.1895751953125,441,226,49,36
228,97,truck,0.7890625,1497,339,131,86
228,119,car,0.262939453125,254,211,45,32
228,122,car,0.7294921875,1759,377,117,71
229,5,car,0.9384765625,1518,886,573,361
229,7,car,0.90576171875,847,505,254,181
229,8,car,0.486328125,831,234,41,32
229,9,car,0.437744140625,718,215,35,30
229,10,car,0.81396484375,808,356,145,116
229,17,car,0.80908203125,538,262,80,65
229,34,car,0.80810546875,638,303,100,70
229,38,car,0.7841796875,430,270,79,58
229,72,car,0.62451171875,366,239,64,48
229,74,car,0.486328125,482,245,51,41
229,2,truck,0.3056640625,609,188,56,48
229,91,car,0.236572265625,442,226,49,35
229,97,truck,0.82421875,1491,338,131,85
229,119,car,0.35400390625,255,211,45,32
229,122,car,0.73095703125,1752,376,117,70
230,5,car,0.931640625,1544,895,589,357
230,7,car,0.9052734375,854,510,257,183
230,8,car,0.556640625,830,234,41,31
230,9,car,0.449462890625,717,215,35,30
230,10,car,0.84912109375,813,358,146,117
230,17,car,0.7578125,540,262,81,66
230,34,car,0.80419921875,639,305,99,70
230,38,car,0.78515625,431,271,79,59
230,72,car,0.57958984375,366,239,63,49
230,74,car,0.505859375,483,245,52,41
230,2,truck,0.1710205078125,609,188,56,47
230,91,car,0.2337646484375,443,226,51,36
230,97,truck,0.8388671875,1485,339,129,82
230,119,car,0.420654296875,256,211,46,32
230,122,car,0.69775390625,1746,375,115,70
231,5,car,0.93115234375,1571,902,607,346
231,7,car,0.9072265625,860,514,262,184
231,8,car,0.544921875,829,234,41,31
231,9,car,0.441650390625,717,215,36,30
231,10,car,0.81640625,817,360,148,117
231,17,car,0.7734375,541,262,81,66
231,34,car,0.82080078125,642,306,100,70
231,38,car,0.796875,431,271,80,59
231,72,car,0.548828125,367,240,64,49
231,74,car,0.447509765625,483,245,52,42
231,2,truck,0.1895751953125,608,188,54,47
231,91,car,0.2783203125,443,226,54,35
231,97,truck,0.81298828125,1481,338,128,81
231,119,car,0.39794921875,256,210,47,32
231,122,car,0.56005859375,1740,374,114,70
232,5,car,0.9306640625,1600,909,622,336
232,7,car,0.916015625,867,518,266,187
232,8,car,0.515625,828,234,40,31
232,9,car,0.43017578125,716,215,37,30
232,10,car,0.85302734375,821,361,149,118
232,17,car,0.77978515625,543,263,83,66
232,34,car,0.810546875,644,307,101,71
232,38,car,0.7890625,432,272,80,59
232,72,car,0.55078125,368,240,66,49
232,74,car,0.43017578125,483,246,52,43
232,2,truck,0.2017822265625,606,188,51,46
232,91,car,0.2379150390625,444,227,55,35
232,97,truck,0.76220703125,1475,338,127,79
232,119,car,0.34326171875,256,211,47,32
232,122,car,0.80419921875,1733,373,114,71
232,124,truck,0.37744140625,267,166,38,51
233,5,car,0.93310546875,1614,915,610,324
233,7,car,0.91552734375,874,522,268,188
233,8,car,0.5078125,827,234,41,31
233,9,car,0.359375,716,215,37,30
233,10,car,0.85302734375,826,362,151,119
233,17,car,0.79931640625,545,263,82,66
233,34,car,0.80908203125,646,307,102,71
233,38,car,0.806640625,433,272,80,60
233,72,car,0.68408203125,369,240,66,49
233,74,car,0.5234375,485,246,53,42
233,2,truck,0.22265625,605,188,49,46
233,91,car,0.2493896484375,445,227,54,35
233,97,truck,0.7548828125,1469,337,126,79
233,119,car,0.33447265625,258,211,47,33
233,122,car,0.7744140625,1728,372,114,70
233,135,truck,0.405517578125,1891,409,52,85
233,124,truck,0.350341796875,268,165,38,51
234,5,car,0.92724609375,1626,921,587,310
234,7,car,0.91650390625,881,526,270,190
234,8,car,0.53515625,826,234,41,31
234,9,car,0.325927734375,715,215,36,30
234,10,car,0.87255859375,830,364,152,119
234,17,car,0.78515625,546,264,84,68
234,34,car,0.81640625,649,308,102,71
234,38,car,0.810546875,434,273,81,59
234,72,car,0.716796875,369,240,65,50
234,74,car,0.45703125,485,247,54,42
234,2,truck,0.35400390625,604,188,50,46
234,91,car,0.1895751953125,446,228,54,35
234,97,truck,0.7919921875,1464,336,123,80
234,119,car,0.25830078125,258,211,46,32
234,122,car,0.72802734375,1722,372,114,70
234,135,car,0.437744140625,1885,406,62,86
234,124,truck,0.484375,267,165,38,52
235,5,car,0.93017578125,1637,928,565,296
235,7,car,0.92626953125,888,530,273,193
235,8,car,0.435791015625,825,233,40,31
235,9,car,0.341552734375,714,215,36,29
235,10,car,0.82666015625,835,365,153,120
235,17,car,0.77880859375,547,264,84,68
235,34,car,0.80419921875,651,309,102,71
235,38,car,0.81396484375,435,274,82,59
235,72,car,0.69287109375,369,241,64,50
235,74,car,0.416748046875,487,247,52,42
235,2,truck,0.361083984375,603,188,50,46
235,91,car,0.24365234375,446,227,54,35
235,97,truck,0.75927734375,1458,335,122,79
235,119,car,0.21337890625,258,212,46,31
235,122,car,0.80419921875,1715,371,114,69
235,135,truck,0.513671875,1881,406,74,89
235,124,truck,0.46875,267,166,39,52
236,5,car,0.9306640625,1649,935,540,280
236,7,car,0.9248046875,896,534,277,195
236,8,car,0.478515625,825,233,41,31
236,9,car,0.422607421875,714,215,36,29
236,10,car,0.86328125,839,367,153,120
236,17,car,0.81298828125,550,265,85,68
236,34,car,0.82568359375,653,309,103,71
236,38,car,0.7880859375,436,274,83,60
236,72,car,0.68408203125,369,241,63,51
236,74,car,0.439697265625,488,247,52,43
236,2,truck,0.363037109375,602,188,49,46
236,91,car,0.350341796875,449,228,52,36
236,97,truck,0.77880859375,1453,333,124,81
236,119,car,0.2147216796875,259,212,46,31
236,122,car,0.7958984375,1710,370,112,69
236,135,truck,0.48046875,1876,405,85,89
236,124,truck,0.390380859375,268,165,39,52
237,5,car,0.93115234375,1661,941,516,264
237,7,car,0.92626953125,903,538,281,198
237,8,car,0.5234375,823,233,41,30
237,9,car,0.466796875,713,215,35,29
237,10,car,0.875,844,369,155,121
237,17,car,0.78515625,551,265,85,69
237,34,car,0.8310546875,656,310,103,71
237,38,car,0.79296875,437,275,82,60
237,72,car,0.638671875,369,241,63,51
237,74,car,0.470703125,490,248,52,43
237,2,truck,0.259765625,602,188,49,46
237,91,car,0.341552734375,451,229,50,36
237,97,truck,0.79833984375,1448,331,123,84
237,119,car,0.2147216796875,260,213,47,30
237,122,car,0.54296875,1703,369,111,68
237,135,truck,0.56982421875,1871,404,94,90
237,124,truck,0.4111328125,268,165,39,52
238,5,car,0.92822265625,1675,948,489,249
238,7,car,0.92724609375,912,542,285,200
238,8,car,0.55078125,823,233,39,30
238,9,car,0.363037109375,712,215,35,29
238,10,car,0.89111328125,848,370,158,122
238,17,car,0.7734375,553,265,85,70
238,34,car,0.8388671875,659,311,104,72
238,38,car,0.79296875,438,275,82,61
238,72,car,0.6298828125,370,241,64,50
238,74,car,0.5078125,491,249,53,44
238,2,truck,0.325927734375,601,188,48,46
238,91,car,0.2861328125,452,229,51,36
238,97,truck,0.7841796875,1442,330,120,83
238,119,car,0.267333984375,260,213,47,31
238,122,car,0.61865234375,1697,368,109,68
238,135,truck,0.55078125,1866,402,104,89
238,124,truck,0.466796875,268,165,39,54
239,5,car,0.92236328125,1689,956,461,233
239,7,car,0.92724609375,920,546,288,202
239,8,car,0.48046875,822,232,41,31
239,9,car,0.3310546875,712,215,36,30
239,10,car,0.8896484375,853,372,159,124
239,17,car,0.75048828125,554,266,86,71
239,34,car,0.82421875,662,312,105,72
239,38,car,0.7919921875,439,275,83,61
239,72,car,0.6513671875,371,241,64,50
239,74,car,0.53125,492,249,53,45
239,2,truck,0.332763671875,601,188,48,46
239,91,car,0.34326171875,452,229,53,37
239,97,truck,0.78271484375,1437,330,120,80
239,119,car,0.24365234375,261,213,48,31
239,122,car,0.767578125,1691,366,110,69
239,135,truck,0.556640625,1862,401,113,90
239,124,truck,0.3056640625,268,164,39,53
240,5,car,0.87890625,1703,964,433,216
240,7,car,0.92578125,928,551,292,206
240,8,car,0.51171875,821,232,42,31
240,9,car,0.267333984375,711,215,37,30
240,10,car,0.87255859375,857,374,159,125
240,17,car,0.69921875,555,266,85,70
240,34,car,0.81982421875,664,313,105,72
240,38,car,0.77587890625,440,276,82,61
240,72,car,0.5869140625,371,242,64,50
240,74,car,0.46484375,494,249,54,44
240,2,truck,0.4091796875,601,188,47,46
240,91,car,0.31396484375,454,229,52,37
240,97,truck,0.740234375,1432,328,122,83
240,119,car,0.332763671875,261,212,49,32
240,122,car,0.74169921875,1685,365,112,69
240,135,truck,0.57373046875,1857,399,124,90
240,124,truck,0.10015869140625,268,162,39,46
241,5,car,0.8984375,1719,974,400,200
241,7,car,0.92236328125,936,556,296,207
241,8,car,0.482421875,821,232,44,31
241,9,truck,0.2705078125,711,215,36,30
241,10,car,0.89013671875,863,375,161,125
241,17,car,0.74169921875,556,266,86,70
241,34,car,0.83203125,667,314,105,73
241,38,car,0.79296875,441,276,83,62
241,72,car,0.67236328125,372,241,64,51
241,74,car,0.51953125,495,249,55,45
241,2,truck,0.38671875,602,188,47,46
241,91,car,0.2861328125,453,229,52,36
241,97,truck,0.7744140625,1427,327,120,83
241,119,car,0.307373046875,262,212,49,32
241,122,car,0.658203125,1680,364,109,68
241,135,truck,0.5234375,1852,399,134,89
241,124,truck,0.11199951171875,269,161,40,45
241,140,person,0.326904296875,889,218,14,33
242,5,car,0.841796875,1736,983,366,182
242,7,car,0.921875,945,560,299,211
242,8,car,0.43408203125,820,231,43,31
242,9,truck,0.1981201171875,710,214,37,30
242,10,car,0.845703125,868,376,162,126
242,17,car,0.76220703125,558,267,85,71
242,34,car,0.8291015625,670,314,106,73
242,38,car,0.79833984375,442,276,84,61
242,72,car,0.64794921875,372,241,65,51
242,74,car,0.541015625,496,249,55,45
242,2,truck,0.392333984375,601,187,48,46
242,91,car,0.352294921875,455,230,53,38
242,97,truck,0.796875,1423,326,119,83
242,119,car,0.33984375,262,212,49,33
242,122,car,0.8115234375,1674,363,108,67
242,135,truck,0.73876953125,1848,399,141,92
242,124,truck,0.118408203125,270,161,39,48
242,140,person,0.158203125,890,217,14,33
243,5,car,0.8408203125,1753,993,333,162
243,7,car,0.92236328125,954,565,303,213
243,8,car,0.546875,819,231,44,32
243,9,car,0.2421875,709,214,37,31
243,10,car,0.87646484375,873,378,162,127
243,17,car,0.8017578125,560,267,84,71
243,34,car,0.84375,673,315,107,75
243,38,car,0.79296875,443,276,84,61
243,72,car,0.60595703125,373,241,66,51
243,74,car,0.5234375,496,248,57,45
243,2,truck,0.33447265625,600,187,49,47
243,91,car,0.357666015625,456,230,54,38
243,97,truck,0.7734375,1417,327,117,78
243,119,car,0.31396484375,262,211,48,33
243,122,car,0.7265625,1669,362,108,68
243,135,truck,0.822265625,1844,398,150,94
243,124,truck,0.11358642578125,270,161,39,49
243,140,person,0.161376953125,889,217,14,34
244,5,car,0.7890625,1768,1004,302,143
244,7,car,0.9326171875,963,570,308,215
244,8,car,0.62451171875,817,230,43,31
244,9,car,0.34521484375,709,214,36,31
244,10,car,0.89111328125,878,379,164,129
244,17,car,0.796875,561,267,85,71
244,34,car,0.845703125,675,315,108,75
244,38,car,0.7919921875,444,276,84,62
244,72,car,0.64599609375,374,242,68,51
244,74,car,0.509765625,497,248,57,45
244,2,truck,0.375732421875,600,187,48,46
244,91,car,0.31396484375,457,230,54,38
244,97,truck,0.7607421875,1412,326,118,78
244,119,car,0.2861328125,263,211,48,33
244,122,car,0.63525390625,1663,361,107,67
244,135,truck,0.8056640625,1839,396,158,94
244,124,truck,0.25537109375,270,162,40,52
244,140,person,0.3056640625,889,217,14,33
245,5,car,0.7841796875,1788,1015,263,123
245,7,car,0.93017578125,972,574,312,218
245,8,car,0.5927734375,817,230,42,31
245,9,car,0.355712890625,709,213,36,30
245,10,car,0.89111328125,884,380,167,129
245,17,car,0.8173828125,562,267,87,71
245,34,car,0.8427734375,678,315,109,75
245,38,car,0.7919921875,446,276,85,62
245,72,car,0.6494140625,374,241,67,52
245,74,car,0.54296875,498,248,58,45
245,2,truck,0.381103515625,600,186,48,46
245,91,car,0.368408203125,457,230,54,38
245,97,truck,0.74755859375,1407,324,118,79
245,119,car,0.322509765625,263,211,48,33
245,122,car,0.69775390625,1658,360,107,66
245,135,truck,0.74609375,1833,395,163,92
245,124,truck,0.329345703125,270,163,41,54
245,140,person,0.447509765625,889,216,14,33
245,6,car,0.273681640625,664,209,31,25
246,5,car,0.42822265625,1809,1028,220,99
246,7,car,0.93017578125,981,579,317,221
246,8,car,0.6298828125,816,230,42,31
246,9,car,0.282958984375,708,212,36,29
246,10,car,0.88330078125,889,382,168,130
246,17,car,0.79931640625,563,268,86,72
246,34,car,0.8447265625,681,316,110,76
246,38,car,0.79443359375,447,277,86,63
246,72,car,0.69921875,375,242,65,52
246,74,car,0.56787109375,499,249,57,46
246,2,truck,0.363037109375,599,186,49,46
246,91,car,0.4091796875,459,230,54,38
246,97,truck,0.77197265625,1402,322,117,80
246,119,car,0.33642578125,263,211,49,33
246,122,car,0.57373046875,1652,359,105,66
246,135,truck,0.84375,1826,394,169,92
246,124,truck,0.307373046875,270,163,43,55
246,140,person,0.441650390625,889,216,14,34
246,6,car,0.204345703125,664,209,31,25
247,7,car,0.9306640625,991,584,322,224
247,8,car,0.61865234375,815,229,43,31
247,9,truck,0.2421875,707,212,35,29
247,10,car,0.88232421875,894,384,168,131
247,17,car,0.79443359375,565,267,86,72
247,34,car,0.84375,683,316,111,76
247,38,car,0.80078125,448,277,86,63
247,72,car,0.69287109375,375,241,64,52
247,74,car,0.60595703125,500,249,57,46
247,2,truck,0.392333984375,599,186,48,46
247,91,car,0.375732421875,459,229,55,38
247,97,truck,0.751953125,1397,322,114,78
247,119,car,0.447509765625,264,210,49,33
247,122,car,0.78125,1646,358,105,66
247,135,truck,0.81396484375,1817,392,167,91
247,124,truck,0.178955078125,270,162,43,56
247,140,person,0.53515625,889,216,16,35
247,6,car,0.1943359375,663,209,30,25
248,7,car,0.9287109375,1000,590,326,228
248,8,car,0.607421875,814,229,42,32
248,9,truck,0.332763671875,706,211,36,29
248,10,car,0.8818359375,899,385,170,132
248,17,car,0.69921875,566,268,88,73
248,34,car,0.85693359375,685,317,111,76
248,38,car,0.80078125,448,277,86,63
248,72,car,0.5947265625,376,241,65,53
248,74,car,0.57568359375,501,249,57,46
248,2,truck,0.385009765625,599,185,48,47
248,91,car,0.310791015625,461,229,55,39
248,97,truck,0.69287109375,1392,321,113,79
248,119,car,0.48828125,264,210,50,33
248,122,car,0.611328125,1640,357,102,65
248,135,truck,0.87060546875,1808,390,166,91
248,124,truck,0.1859130859375,270,162,42,56
248,140,person,0.486328125,889,216,15,35
248,6,car,0.161376953125,663,208,30,24
249,7,car,0.9228515625,1009,596,332,231
249,8,car,0.6298828125,813,228,41,32
249,9,truck,0.30078125,706,211,36,30
249,10,car,0.89404296875,905,387,173,133
249,17,car,0.73388671875,568,267,89,73
249,34,car,0.85595703125,688,317,111,77
249,38,car,0.78271484375,449,277,87,64
249,72,car,0.59619140625,376,241,66,53
249,74,car,0.5908203125,504,249,56,46
249,2,truck,0.36474609375,599,184,46,47
249,91,car,0.355712890625,461,229,56,39
249,97,truck,0.72021484375,1387,319,113,79
249,119,car,0.39990234375,265,210,51,33
249,122,car,0.6533203125,1635,356,104,66
249,135,truck,0.78662109375,1798,389,164,91
249,140,person,0.3720703125,889,216,15,35
249,6,car,0.18359375,662,207,30,25
250,7,car,0.92822265625,1020,600,336,235
250,8,car,0.61669921875,813,228,41,32
250,9,car,0.368408203125,706,210,35,30
250,10,car,0.89013671875,911,388,174,134
250,17,car,0.72314453125,569,268,90,73
250,34,car,0.85400390625,691,318,112,78
250,38,car,0.79052734375,450,278,87,65
250,72,car,0.66015625,376,241,66,53
250,74,car,0.57958984375,505,249,57,46
250,2,truck,0.388671875,598,184,46,47
250,91,car,0.45703125,462,228,55,40
250,97,truck,0.79833984375,1382,320,111,75
250,119,car,0.3720703125,265,210,50,34
250,122,car,0.6513671875,1630,355,102,65
250,135,truck,0.81982421875,1789,387,164,90
250,140,person,0.490234375,889,215,15,33
250,6,car,0.2254638671875,662,207,31,25
251,7,car,0.9228515625,1032,606,341,237
251,8,car,0.640625,813,228,41,32
251,9,car,0.392333984375,706,210,34,31
251,10,car,0.77978515625,917,391,176,136
251,17,car,0.7138671875,572,268,91,74
251,34,car,0.85888671875,694,318,112,79
251,38,car,0.7734375,451,278,87,65
251,72,car,0.64404296875,377,241,65,53
251,74,car,0.56787109375,507,249,57,46
251,2,truck,0.4091796875,598,184,46,47
251,91,car,0.352294921875,465,228,53,40
251,97,truck,0.71875,1378,320,112,72
251,119,car,0.368408203125,265,209,49,35
251,122,car,0.56787109375,1626,354,101,66
251,135,truck,0.84716796875,1781,386,161,90
251,140,person,0.53125,889,215,15,33
251,6,car,0.22265625,662,207,30,25
252,7,car,0.9306640625,1041,611,347,240
252,8,car,0.638671875,812,227,41,31
252,9,car,0.39794921875,705,209,35,30
252,10,car,0.87841796875,922,392,177,137
252,17,car,0.67724609375,573,267,90,74
252,34,car,0.85107421875,696,319,113,79
252,38,car,0.7841796875,452,278,89,65
252,72,car,0.609375,378,241,65,53
252,74,car,0.501953125,508,249,57,47
252,2,truck,0.3056640625,597,183,46,47
252,91,car,0.3720703125,465,228,53,40
252,97,truck,0.7705078125,1373,319,112,73
252,119,car,0.416748046875,265,209,49,35
252,122,car,0.6875,1620,352,101,66
252,135,truck,0.8173828125,1771,384,159,89
252,140,person,0.2213134765625,889,215,14,34
252,6,car,0.236572265625,661,206,31,25
253,7,car,0.93359375,1052,617,353,243
253,8,car,0.638671875,811,226,41,31
253,9,car,0.359375,704,209,35,30
253,10,car,0.85888671875,928,393,178,138
253,17,car,0.7294921875,575,268,90,75
253,34,car,0.85498046875,699,319,113,80
253,38,car,0.79443359375,453,278,88,65
253,72,car,0.64404296875,379,241,66,53
253,74,car,0.53515625,509,249,59,47
253,2,truck,0.29248046875,597,183,46,47
253,91,car,0.447509765625,467,228,54,40
253,97,truck,0.78515625,1369,318,111,72
253,119,car,0.39599609375,266,209,48,35
253,122,car,0.638671875,1614,351,101,66
253,135,truck,0.79296875,1762,382,158,88
253,140,person,0.253173828125,889,214,14,33
253,6,car,0.20556640625,660,206,30,25
253,124,truck,0.2705078125,270,161,42,56
254,7,car,0.92822265625,1064,623,359,248
254,8,car,0.66552734375,810,226,41,30
254,9,car,0.303955078125,703,209,35,29
254,10,car,0.8857421875,934,395,179,139
254,17,car,0.7578125,576,268,90,75
254,34,car,0.84814453125,702,320,113,80
254,38,car,0.80810546875,455,278,88,64
254,72,car,0.66015625,379,241,67,53
254,74,car,0.552734375,510,249,60,47
254,2,truck,0.184814453125,597,183,45,46
254,91,car,0.416748046875,468,228,54,40
254,97,truck,0.806640625,1364,317,110,72
254,119,car,0.548828125,266,209,49,35
254,122,car,0.70263671875,1610,351,101,64
254,135,truck,0.8154296875,1755,381,157,87
254,6,car,0.1375732421875,660,207,31,25
254,124,truck,0.359375,270,161,41,55
255,7,car,0.9248046875,1075,629,363,251
255,8,car,0.67041015625,808,226,41,31
255,9,truck,0.325927734375,702,209,35,29
255,10,car,0.83740234375,940,397,181,141
255,17,car,0.74169921875,579,269,91,76
255,34,car,0.84716796875,705,321,114,81
255,38,car,0.81640625,456,279,88,65
255,72,car,0.66552734375,379,241,66,53
255,74,car,0.56201171875,511,249,61,47
255,91,car,0.3720703125,468,227,55,40
255,97,truck,0.7294921875,1359,317,109,72
255,119,car,0.56201171875,267,209,49,35
255,122,car,0.79443359375,1605,350,101,64
255,135,truck,0.5908203125,1746,379,155,88
255,6,car,0.1365966796875,659,207,32,26
255,124,truck,0.381103515625,271,161,40,56
256,7,car,0.93017578125,1088,636,368,255
256,8,car,0.61865234375,808,225,41,31
256,9,truck,0.312255859375,702,209,36,29
256,10,car,0.88427734375,946,399,183,142
256,17,car,0.72802734375,581,269,92,76
256,34,car,0.85498046875,708,322,115,81
256,38,car,0.80078125,457,279,89,66
256,72,car,0.62255859375,380,241,66,53
256,74,car,0.54296875,513,249,61,47
256,91,car,0.42626953125,469,228,54,41
256,97,truck,0.81640625,1355,315,110,71
256,119,car,0.498046875,267,209,49,35
256,122,car,0.74609375,1599,348,101,63
256,135,truck,0.796875,1738,378,156,87
256,124,truck,0.19677734375,271,160,42,56
257,7,car,0.93603515625,1100,643,376,258
257,8,car,0.60400390625,807,225,39,31
257,9,truck,0.248046875,701,208,35,29
257,10,car,0.8818359375,953,401,185,144
257,17,car,0.79052734375,583,270,93,76
257,34,car,0.85302734375,711,323,116,81
257,38,car,0.81298828125,458,280,88,66
257,72,car,0.59619140625,381,241,67,54
257,74,car,0.53515625,513,249,63,47
257,91,car,0.3720703125,469,228,55,41
257,97,truck,0.77587890625,1351,315,108,70
257,119,car,0.501953125,268,209,48,35
257,122,car,0.77880859375,1593,348,101,63
257,135,truck,0.8291015625,1729,376,153,86
257,124,truck,0.1251220703125,271,160,42,57
258,7,car,0.92919921875,1112,650,382,262
258,8,car,0.51953125,805,224,39,31
258,9,truck,0.25244140625,701,208,35,28
258,10,car,0.9072265625,959,403,187,144
258,17,car,0.830078125,584,270,93,76
258,34,car,0.86328125,715,324,117,82
258,38,car,0.8291015625,460,280,89,67
258,72,car,0.62255859375,382,242,67,55
258,74,car,0.56005859375,514,250,64,48
258,91,car,0.394287109375,471,228,56,41
258,97,truck,0.62255859375,1346,314,107,71
258,119,car,0.5849609375,268,209,48,35
258,122,car,0.69921875,1588,346,99,63
258,135,truck,0.73876953125,1721,374,151,86
258,124,truck,0.24365234375,271,160,43,56
258,140,person,0.376708984375,889,213,14,33
258,2,truck,0.25244140625,597,181,46,47
259,7,car,0.93408203125,1124,657,389,266
259,8,car,0.57568359375,804,224,39,31
259,9,car,0.310791015625,700,207,35,28
259,10,car,0.9013671875,965,404,188,147
259,17,car,0.81982421875,586,270,92,76
259,34,car,0.8662109375,718,325,117,83
259,38,car,0.83349609375,460,281,90,67
259,72,car,0.67236328125,383,242,68,55
259,74,car,0.58154296875,514,250,64,49
259,91,car,0.4091796875,471,228,56,41
259,97,truck,0.7431640625,1341,312,106,70
259,119,car,0.5908203125,269,209,49,36
259,122,car,0.6689453125,1583,345,99,63
259,135,truck,0.70556640625,1713,373,150,85
259,124,truck,0.2213134765625,271,160,42,56
259,140,person,0.31494140625,889,213,14,32
259,2,truck,0.352294921875,597,181,45,47
260,7,car,0.9326171875,1139,664,396,269
260,8,car,0.67236328125,804,224,40,31
260,9,car,0.462890625,700,207,35,29
260,10,car,0.91064453125,972,406,191,147
260,17,car,0.845703125,587,271,93,76
260,34,car,0.85693359375,721,325,118,84
260,38,car,0.8408203125,461,281,91,67
260,72,car,0.6806640625,383,242,68,55
260,74,car,0.57763671875,516,249,63,48
260,91,car,0.35400390625,472,229,56,41
260,97,truck,0.7890625,1337,312,106,70
260,119,car,0.611328125,269,209,49,36
260,122,car,0.76220703125,1579,344,96,62
260,135,truck,0.76904296875,1705,372,148,84
260,124,truck,0.275146484375,271,160,42,56
260,140,person,0.2081298828125,889,213,15,32
260,2,truck,0.2783203125,596,181,45,46
261,7,car,0.93701171875,1154,672,403,274
261,8,car,0.62255859375,802,224,41,30
261,9,car,0.385009765625,699,207,34,29
261,10,car,0.892578125,979,409,192,149
261,17,car,0.8447265625,589,272,93,76
261,34,car,0.8623046875,724,326,118,85
261,38,car,0.841796875,463,282,91,67
261,72,car,0.658203125,383,243,69,56
261,74,car,0.54296875,518,250,61,48
261,91,car,0.322509765625,473,229,56,42
261,97,truck,0.68408203125,1332,311,105,69
261,119,car,0.6298828125,270,209,50,36
261,122,car,0.7841796875,1574,343,98,62
261,135,truck,0.79296875,1697,371,147,84
261,124,truck,0.1883544921875,272,160,42,57
261,140,person,0.1865234375,889,213,15,32
261,2,truck,0.2337646484375,596,181,45,46
262,7,car,0.9345703125,1167,680,412,278
262,8,car,0.67724609375,802,223,41,31
262,9,car,0.294189453125,698,207,35,29
262,10,car,0.9072265625,986,411,193,150
262,17,car,0.84814453125,591,273,95,77
262,34,car,0.85986328125,728,327,120,85
262,38,car,0.8408203125,464,282,91,68
262,72,car,0.67578125,384,243,69,56
262,74,car,0.5869140625,520,251,63,48
262,91,car,0.375732421875,474,230,57,42
262,97,truck,0.69775390625,1328,310,104,68
262,119,car,0.615234375,270,209,50,36
262,122,car,0.6806640625,1569,343,96,62
262,135,truck,0.73876953125,1689,369,145,84
262,124,truck,0.289306640625,272,160,42,57
262,2,truck,0.1981201171875,596,181,46,46
263,7,car,0.93359375,1181,688,419,283
263,8,car,0.68603515625,801,223,40,30
263,9,car,0.32421875,697,206,35,29
263,10,car,0.884765625,993,413,196,152
263,17,car,0.85009765625,593,273,94,78
263,34,car,0.84912109375,731,328,123,86
263,38,car,0.8310546875,465,283,92,69
263,72,car,0.662109375,385,243,68,56
263,74,car,0.59619140625,522,252,64,49
263,91,car,0.2509765625,476,230,56,41
263,97,truck,0.71875,1324,310,103,68
263,119,car,0.5908203125,270,209,50,37
263,122,car,0.7294921875,1564,342,95,61
263,135,truck,0.607421875,1680,368,144,84
263,124,truck,0.127685546875,272,160,42,57
263,2,truck,0.162353515625,596,180,45,46
264,7,car,0.92724609375,1195,696,426,288
264,8,car,0.69287109375,801,223,39,30
264,9,car,0.291015625,697,206,35,29
264,10,car,0.87890625,1000,416,197,152
264,17,car,0.83349609375,595,273,95,78
264,34,car,0.86083984375,736,329,126,86
264,38,car,0.8154296875,466,283,91,69
264,72,car,0.662109375,386,243,69,56
264,74,car,0.658203125,523,252,66,48
264,91,car,0.2783203125,478,230,55,40
264,97,truck,0.79296875,1319,309,104,68
264,119,car,0.52734375,271,209,50,37
264,122,car,0.6533203125,1559,341,95,61
264,135,truck,0.77880859375,1673,367,144,83
264,124,truck,0.1329345703125,272,160,42,57
264,2,truck,0.1895751953125,596,181,43,46
265,7,car,0.93505859375,1211,704,435,294
265,8,car,0.69287109375,799,223,41,30
265,9,car,0.32080078125,697,206,35,29
265,10,car,0.875,1007,419,200,153
265,17,car,0.81640625,597,274,95,79
265,34,car,0.86328125,738,330,125,86
265,38,car,0.80810546875,467,284,93,69
265,72,car,0.67041015625,386,243,69,56
265,74,car,0.5869140625,524,253,69,48
265,91,car,0.25390625,479,231,56,40
265,97,truck,0.70556640625,1315,308,102,67
265,119,car,0.541015625,272,209,50,38
265,122,car,0.7548828125,1555,339,95,61
265,135,truck,0.7490234375,1666,366,142,82
265,124,truck,0.216064453125,272,160,42,56
265,2,truck,0.26904296875,596,181,42,46
266,7,car,0.93408203125,1226,714,443,298
266,8,car,0.6826171875,798,223,41,30
266,9,car,0.2568359375,696,206,35,29
266,10,car,0.89990234375,1013,421,203,156
266,17,car,0.80810546875,598,274,95,79
266,34,car,0.85986328125,741,332,124,87
266,38,car,0.81884765625,469,285,93,69
266,72,car,0.7578125,387,244,70,57
266,74,car,0.6513671875,524,253,69,48
266,91,car,0.2213134765625,479,231,57,40
266,97,truck,0.74169921875,1310,307,101,67
266,119,car,0.537109375,272,209,50,37
266,122,car,0.74755859375,1550,338,97,60
266,135,truck,0.79931640625,1658,364,143,82
266,124,truck,0.2213134765625,272,160,42,57
266,2,truck,0.42431640625,595,181,41,46
267,7,car,0.92822265625,1243,723,453,302
267,8,car,0.689453125,797,223,41,30
267,9,car,0.2254638671875,695,206,34,29
267,10,car,0.8857421875,1021,424,205,158
267,17,car,0.8427734375,599,275,96,79
267,34,car,0.8671875,744,332,124,88
267,38,car,0.82666015625,470,285,94,69
267,72,car,0.78125,389,245,71,57
267,74,car,0.66552734375,525,254,70,48
267,91,car,0.25537109375,480,232,57,40
267,97,truck,0.7890625,1306,307,101,68
267,119,car,0.57958984375,272,209,51,37
267,122,car,0.62451171875,1545,337,96,59
267,135,truck,0.82666015625,1650,363,139,81
267,124,truck,0.12420654296875,272,160,42,57
267,2,truck,0.458984375,595,181,41,46
268,7,car,0.93310546875,1260,732,464,308
268,8,car,0.72314453125,796,223,42,30
268,9,car,0.368408203125,695,206,34,29
268,10,car,0.880859375,1028,427,206,160
268,17,car,0.85595703125,602,276,96,79
268,34,car,0.85986328125,747,334,124,88
268,38,car,0.82568359375,472,286,95,70
268,72,car,0.76904296875,389,246,70,57
268,74,car,0.63720703125,529,254,64,48
268,91,car,0.291015625,483,233,56,41
268,97,truck,0.8173828125,1302,306,101,68
268,119,car,0.5078125,273,211,51,36
268,122,car,0.533203125,1541,336,95,58
268,135,truck,0.83349609375,1643,362,142,80
268,124,truck,0.462890625,272,161,43,58
268,2,truck,0.392333984375,595,181,41,47
269,7,car,0.92822265625,1278,743,473,315
269,8,car,0.71875,796,223,42,30
269,9,car,0.355712890625,694,206,35,29
269,10,car,0.8427734375,1036,429,209,160
269,17,car,0.85400390625,604,276,97,80
269,34,car,0.85595703125,751,335,125,88
269,38,car,0.82568359375,473,287,94,71
269,72,car,0.76220703125,390,246,71,57
269,74,car,0.67919921875,529,254,66,48
269,91,car,0.329345703125,483,233,55,42
269,97,truck,0.78515625,1298,305,101,67
269,119,car,0.55078125,273,211,51,36
269,122,car,0.6806640625,1536,335,95,56
269,135,truck,0.79296875,1636,360,139,80
269,124,truck,0.35400390625,272,161,43,59
269,2,truck,0.25830078125,594,181,42,47
270,7,car,0.93115234375,1295,753,483,321
270,8,car,0.73583984375,795,223,41,30
270,9,car,0.4130859375,693,206,35,29
270,10,car,0.875,1044,432,212,162
270,17,car,0.83447265625,604,277,98,81
270,34,car,0.85986328125,754,337,125,88
270,38,car,0.82568359375,474,287,95,70
270,72,car,0.751953125,391,247,72,58
270,74,car,0.68408203125,530,255,69,49
270,91,car,0.3173828125,484,233,57,42
270,97,truck,0.76904296875,1294,305,101,67
270,119,car,0.5830078125,274,212,50,36
270,122,car,0.69580078125,1531,335,95,56
270,135,truck,0.763671875,1628,359,138,79
270,124,truck,0.24072265625,272,161,44,59
270,2,truck,0.2337646484375,594,182,42,47
270,140,person,0.4091796875,889,213,15,32
271,7,car,0.93212890625,1314,763,493,327
271,8,car,0.72802734375,794,223,40,30
271,9,car,0.416748046875,693,207,35,28
271,10,car,0.845703125,1052,436,214,163
271,17,car,0.85107421875,607,278,96,81
271,34,car,0.865234375,758,339,127,88
271,38,car,0.830078125,475,288,96,71
271,72,car,0.74755859375,392,247,72,59
271,74,car,0.65478515625,532,256,69,49
271,91,car,0.291015625,484,234,58,42
271,97,truck,0.71533203125,1290,304,100,67
271,119,car,0.60400390625,275,212,50,37
271,122,car,0.7138671875,1526,335,91,56
271,135,truck,0.72509765625,1622,359,137,79
271,124,truck,0.134765625,272,161,45,59
271,2,truck,0.1981201171875,593,182,40,47
271,140,person,0.537109375,889,213,14,33
272,7,car,0.9267578125,1333,775,504,336
272,8,car,0.69921875,794,223,40,30
272,9,car,0.319091796875,693,207,36,29
272,10,car,0.8857421875,1060,438,215,166
272,17,car,0.84814453125,610,279,98,81
272,34,car,0.873046875,761,340,127,89
272,38,car,0.83447265625,476,289,96,71
272,72,car,0.77978515625,392,248,71,58
272,74,car,0.6806640625,534,257,70,50
272,91,car,0.3486328125,485,234,61,42
272,97,truck,0.80078125,1285,304,99,67
272,119,car,0.59619140625,275,212,52,37
272,122,car,0.73876953125,1522,335,90,56
272,135,truck,0.79443359375,1614,358,133,79
272,2,truck,0.226806640625,593,182,39,46
272,140,person,0.16455078125,889,213,14,32
272,164,car,0.390380859375,1615,358,131,79
273,7,car,0.9365234375,1354,787,516,343
273,8,car,0.69091796875,793,223,39,30
273,9,car,0.42626953125,692,207,36,28
273,10,car,0.90673828125,1069,441,218,167
273,17,car,0.82568359375,612,280,99,81
273,34,car,0.87158203125,765,342,128,91
273,38,car,0.83349609375,478,290,97,71
273,72,car,0.78662109375,393,249,71,58
273,74,car,0.67919921875,536,259,68,50
273,91,car,0.352294921875,487,235,60,42
273,97,truck,0.78125,1282,303,98,67
273,119,car,0.546875,276,212,52,38
273,122,car,0.6513671875,1517,335,89,56
273,135,truck,0.74609375,1607,357,134,79
273,2,truck,0.21337890625,593,182,39,45
273,140,person,0.20556640625,889,212,14,32
274,7,car,0.9306640625,1374,797,529,350
274,8,car,0.71044921875,792,224,39,30
274,9,car,0.3486328125,691,208,36,28
274,10,car,0.90576171875,1077,445,221,168
274,17,car,0.822265625,614,281,99,81
274,34,car,0.8818359375,769,344,129,93
274,38,car,0.83984375,479,291,97,71
274,72,car,0.77197265625,394,249,72,59
274,74,car,0.6806640625,537,259,69,51
274,91,car,0.392333984375,488,236,59,44
274,97,truck,0.77587890625,1278,303,98,66
274,119,car,0.422607421875,277,213,53,38
274,122,car,0.6318359375,1512,334,88,56
274,135,truck,0.81396484375,1601,356,134,78
274,2,truck,0.182373046875,593,183,38,45
274,140,person,0.1431884765625,889,213,14,32
275,7,car,0.92919921875,1396,811,541,358
275,8,car,0.71044921875,791,224,39,30
275,9,car,0.2451171875,690,208,36,29
275,10,car,0.896484375,1085,448,222,170
275,17,car,0.83544921875,616,282,99,82
275,34,car,0.88427734375,773,346,131,93
275,38,car,0.83984375,480,292,97,72
275,72,car,0.78125,394,250,72,60
275,74,car,0.66015625,538,260,70,51
275,91,car,0.521484375,489,236,60,44
275,97,truck,0.763671875,1274,303,98,67
275,119,car,0.57568359375,277,214,53,38
275,122,car,0.716796875,1506,333,87,56
275,135,truck,0.75927734375,1594,355,132,78
275,2,truck,0.190673828125,593,183,37,46
275,140,person,0.1634521484375,889,213,14,32
275,124,truck,0.289306640625,272,162,43,57
276,7,car,0.92919921875,1419,824,556,368
276,8,car,0.662109375,791,224,40,30
276,9,truck,0.25244140625,690,208,36,29
276,10,car,0.91650390625,1094,451,225,171
276,17,car,0.82568359375,618,283,100,83
276,34,car,0.87646484375,776,347,131,93
276,38,car,0.83544921875,481,293,97,72
276,72,car,0.77587890625,395,251,73,60
276,74,car,0.69580078125,539,261,71,52
276,91,car,0.462890625,489,237,60,45
276,97,truck,0.75927734375,1270,302,98,67
276,119,car,0.57763671875,278,214,52,38
276,122,car,0.470703125,1501,333,84,55
276,135,truck,0.81982421875,1587,354,131,78
276,2,truck,0.178955078125,593,183,37,46
276,140,person,0.2017822265625,889,213,14,31
276,124,truck,0.390380859375,273,163,42,58
277,7,car,0.93505859375,1442,837,570,376
277,8,car,0.74609375,790,224,40,30
277,9,car,0.26123046875,690,208,36,28
277,10,car,0.91552734375,1103,455,227,173
277,17,car,0.830078125,619,284,100,84
277,34,car,0.88818359375,780,348,133,93
277,38,car,0.8291015625,482,294,98,72
277,72,car,0.7578125,396,252,72,59
277,74,car,0.75341796875,541,262,72,53
277,91,car,0.363037109375,490,238,63,44
277,97,truck,0.75634765625,1267,302,96,66
277,119,car,0.546875,279,214,52,38
277,122,car,0.60009765625,1495,333,83,54
277,135,truck,0.77978515625,1580,353,131,78
277,2,truck,0.1943359375,593,183,37,46
277,140,person,0.384033203125,889,213,14,31
277,124,truck,0.478515625,273,164,43,58
278,7,car,0.9365234375,1466,852,585,385
278,8,car,0.70751953125,790,224,39,30
278,9,truck,0.21337890625,689,208,35,28
278,10,car,0.91162109375,1112,458,230,174
278,17,car,0.8291015625,621,285,100,84
278,34,car,0.89013671875,784,350,134,94
278,38,car,0.84375,484,295,98,72
278,72,car,0.78125,397,253,72,59
278,74,car,0.76220703125,541,263,75,53
278,91,car,0.3720703125,492,239,61,44
278,97,truck,0.74755859375,1263,302,96,66
278,119,car,0.501953125,279,215,54,38
278,122,car,0.56005859375,1491,332,82,54
278,135,truck,0.82666015625,1574,352,131,78
278,2,truck,0.1480712890625,593,184,37,46
278,140,person,0.352294921875,889,214,14,31
278,124,truck,0.3310546875,273,164,43,59
279,7,car,0.9345703125,1491,865,600,392
279,8,car,0.65673828125,789,225,39,30
279,9,truck,0.22265625,688,209,35,29
279,10,car,0.9013671875,1122,461,233,175
279,17,car,0.830078125,624,286,101,85
279,34,car,0.8798828125,788,352,136,95
279,38,car,0.83349609375,485,296,99,72
279,72,car,0.763671875,398,253,74,59
279,74,car,0.75634765625,542,263,74,54
279,91,car,0.46875,493,239,63,44
279,97,truck,0.6875,1259,301,96,66
279,119,car,0.46484375,280,216,55,38
279,122,car,0.443603515625,1487,331,82,53
279,135,truck,0.7744140625,1565,352,133,78
279,2,truck,0.1744384765625,592,184,36,46
279,140,person,0.4921875,889,214,14,32
279,124,truck,0.1883544921875,273,163,43,58
280,7,car,0.9267578125,1517,876,617,393
280,8,car,0.61669921875,788,225,38,30
280,9,truck,0.276611328125,687,209,35,30
280,10,car,0.89111328125,1131,465,236,177
280,17,car,0.83349609375,626,286,103,86
280,34,car,0.884765625,791,354,136,95
280,38,car,0.83544921875,487,296,100,74
280,72,car,0.75634765625,398,253,74,60
280,74,car,0.72802734375,544,264,73,54
280,91,car,0.39794921875,494,240,62,44
280,97,truck,0.67041015625,1255,300,96,66
280,119,car,0.462890625,281,216,56,39
280,122,car,0.447509765625,1482,330,81,53
280,135,truck,0.82421875,1559,351,131,76
280,2,truck,0.1422119140625,592,184,34,46
280,140,person,0.548828125,889,215,14,32
280,124,truck,0.27197265625,273,164,44,59
281,7,car,0.93408203125,1544,883,635,385
281,8,car,0.67919921875,787,225,39,30
281,9,car,0.30908203125,687,209,34,30
281,10,car,0.87158203125,1140,469,239,179
281,17,car,0.81640625,628,288,104,86
281,34,car,0.8896484375,795,355,136,96
281,38,car,0.845703125,489,297,101,74
281,72,car,0.75634765625,399,254,74,60
281,74,car,0.75927734375,546,264,71,54
281,91,car,0.451416015625,496,240,62,45
281,97,truck,0.70556640625,1251,299,94,66
281,119,car,0.45703125,281,217,56,39
281,122,car,0.4765625,1478,330,81,53
281,135,truck,0.80078125,1553,350,129,76
281,2,truck,0.12939453125,592,184,34,45
281,140,person,0.55078125,889,215,15,32
281,124,truck,0.1871337890625,273,164,44,59
282,7,car,0.93798828125,1572,889,655,375
282,8,car,0.6279296875,786,225,39,30
282,9,car,0.267333984375,686,209,34,30
282,10,car,0.89990234375,1150,472,241,181
282,17,car,0.82763671875,631,288,106,86
282,34,car,0.88330078125,799,357,137,96
282,38,car,0.8447265625,490,299,102,74
282,72,car,0.767578125,400,255,74,60
282,74,car,0.75634765625,547,265,70,53
282,91,car,0.439697265625,497,241,64,45
282,97,truck,0.7138671875,1248,299,95,66
282,119,car,0.447509765625,282,217,55,39
282,122,car,0.517578125,1474,329,80,52
282,135,truck,0.763671875,1547,349,127,76
282,140,person,0.521484375,889,215,15,33
282,124,truck,0.31396484375,273,165,44,58
283,7,car,0.94287109375,1592,895,654,363
283,8,car,0.5908203125,786,225,38,30
283,9,car,0.325927734375,686,209,34,30
283,10,car,0.90478515625,1161,476,245,183
283,17,car,0.79931640625,633,289,108,87
283,34,car,0.8896484375,804,358,139,97
283,38,car,0.84375,491,299,101,76
283,72,car,0.74462890625,401,256,74,60
283,74,car,0.69921875,549,265,69,53
283,91,car,0.45703125,498,241,64,45
283,97,truck,0.7216796875,1243,298,97,66
283,119,car,0.525390625,283,218,54,39
283,122,car,0.416748046875,1469,329,80,53
283,135,truck,0.76611328125,1541,348,126,76
283,140,person,0.5390625,889,215,17,33
283,124,truck,0.381103515625,273,165,43,59
284,7,car,0.93994140625,1603,901,633,349
284,8,car,0.66015625,784,225,39,30
284,9,car,0.33447265625,685,210,35,31
284,10,car,0.9130859375,1170,480,248,186
284,17,car,0.72314453125,635,290,109,88
284,34,car,0.88623046875,809,360,140,98
284,38,car,0.8427734375,493,300,102,76
284,72,car,0.75634765625,402,256,75,60
284,74,car,0.69775390625,551,266,70,53
284,91,car,0.392333984375,500,242,64,45
284,97,truck,0.60595703125,1239,298,95,66
284,119,car,0.4921875,284,218,55,39
284,122,car,0.474609375,1465,328,78,52
284,135,truck,0.751953125,1535,347,125,76
284,140,person,0.552734375,890,215,16,33
284,124,truck,0.441650390625,274,166,44,59
285,7,car,0.93994140625,1612,906,614,336
285,8,car,0.69091796875,784,225,39,30
285,9,car,0.385009765625,684,210,35,30
285,10,car,0.92236328125,1181,483,251,188
285,17,car,0.810546875,638,291,108,88
285,34,car,0.888671875,813,362,140,99
285,38,car,0.830078125,494,301,103,77
285,72,car,0.77734375,402,256,75,60
285,74,car,0.716796875,552,267,73,53
285,91,car,0.45703125,500,243,64,45
285,97,truck,0.73095703125,1236,297,93,66
285,119,car,0.515625,284,219,55,39
285,122,car,0.447509765625,1460,328,77,52
285,135,truck,0.76904296875,1529,346,125,76
285,140,person,0.58154296875,889,216,17,34
285,124,truck,0.43408203125,274,166,43,59
286,7,car,0.93505859375,1624,912,591,322
286,8,car,0.62060546875,783,225,38,30
286,9,car,0.3486328125,684,210,35,31
286,10,car,0.9189453125,1191,487,254,191
286,17,car,0.82666015625,639,293,109,89
286,34,car,0.88720703125,817,364,141,99
286,38,car,0.83984375,496,302,103,76
286,72,car,0.77978515625,403,257,74,61
286,74,car,0.69775390625,554,267,73,53
286,91,car,0.515625,501,244,64,46
286,97,truck,0.7734375,1233,297,94,65
286,119,car,0.56982421875,284,219,56,39
286,122,truck,0.33984375,1455,328,77,52
286,135,truck,0.77978515625,1523,345,125,75
286,140,person,0.5234375,889,216,17,34
286,124,truck,0.315673828125,274,165,43,58
287,7,car,0.9306640625,1635,919,568,308
287,8,car,0.5849609375,782,225,37,30
287,9,car,0.30078125,683,209,34,30
287,10,car,0.921875,1201,490,258,193
287,17,car,0.70556640625,642,293,111,89
287,34,car,0.8916015625,822,366,143,100
287,38,car,0.83349609375,497,303,104,77
287,72,car,0.74609375,404,258,75,61
287,74,car,0.66015625,556,268,73,53
287,91,car,0.414794921875,502,244,65,46
287,97,truck,0.63330078125,1229,297,93,65
287,119,car,0.537109375,285,219,56,40
287,122,car,0.490234375,1450,327,74,50
287,135,truck,0.62060546875,1517,345,123,74
287,140,person,0.51171875,889,216,18,34
287,124,truck,0.2239990234375,275,163,42,54
288,7,car,0.927734375,1648,925,543,292
288,8,car,0.63330078125,781,224,38,30
288,9,car,0.35400390625,683,209,33,30
288,10,car,0.91796875,1212,494,262,195
288,17,car,0.689453125,645,294,112,90
288,34,car,0.89404296875,825,366,145,101
288,38,car,0.8388671875,499,304,104,77
288,72,car,0.73876953125,404,258,75,61
288,74,car,0.66552734375,557,268,72,53
288,91,car,0.439697265625,503,244,64,46
288,97,truck,0.71875,1226,296,94,65
288,119,car,0.546875,285,220,55,39
288,122,car,0.42822265625,1446,326,72,50
288,135,truck,0.7734375,1511,343,121,74
288,140,person,0.513671875,889,216,18,34
288,124,truck,0.2081298828125,275,163,42,55
289,7,car,0.93408203125,1660,933,519,277
289,8,car,0.6533203125,780,224,38,30
289,9,car,0.338134765625,682,209,34,30
289,10,car,0.91162109375,1223,498,264,197
289,17,car,0.74169921875,646,295,111,89
289,34,car,0.8857421875,830,368,144,102
289,38,car,0.82666015625,500,305,104,77
289,72,car,0.74609375,405,259,75,61
289,74,car,0.6875,558,269,71,53
289,91,car,0.498046875,505,244,64,47
289,97,truck,0.61865234375,1222,296,93,65
289,119,car,0.62451171875,286,220,54,39
289,122,car,0.453369140625,1442,325,71,49
289,135,truck,0.6875,1505,343,122,73
289,140,person,0.53515625,889,215,18,34
289,124,truck,0.226806640625,275,164,42,55
289,185,car,0.447509765625,462,239,48,42
290,7,car,0.91943359375,1673,941,493,261
290,8,car,0.6279296875,780,224,38,30
290,9,car,0.34326171875,682,209,33,30
290,10,car,0.91650390625,1236,502,268,200
290,17,car,0.72509765625,648,296,111,90
290,34,car,0.88427734375,835,370,146,103
290,38,car,0.82568359375,502,306,105,76
290,72,car,0.74609375,406,259,75,60
290,74,car,0.66357421875,560,269,73,54
290,91,car,0.529296875,507,244,65,47
290,97,truck,0.71533203125,1218,295,93,65
290,119,car,0.6318359375,287,220,54,38
290,122,car,0.422607421875,1439,324,71,50
290,135,truck,0.716796875,1499,342,121,73
290,140,person,0.494140625,890,215,17,34
290,124,truck,0.216064453125,275,164,41,56
290,185,car,0.414794921875,463,239,48,42
291,7,car,0.9228515625,1686,950,466,246
291,8,car,0.607421875,778,224,38,29
291,9,car,0.447509765625,681,209,33,30
291,10,car,0.8896484375,1247,507,272,203
291,17,car,0.82763671875,651,296,110,90
291,34,car,0.88427734375,838,371,147,104
291,38,car,0.83447265625,503,306,106,77
291,72,car,0.74609375,407,260,76,61
291,74,car,0.673828125,563,270,72,54
291,91,car,0.52734375,507,245,66,47
291,97,truck,0.76220703125,1214,294,91,65
291,119,car,0.638671875,287,220,54,38
291,122,car,0.482421875,1434,323,69,49
291,135,truck,0.7138671875,1492,341,120,73
291,140,person,0.517578125,890,216,16,35
291,124,truck,0.184814453125,275,162,41,52
291,185,car,0.392333984375,464,239,48,41
292,7,car,0.9150390625,1700,958,439,230
292,8,car,0.63720703125,777,223,38,29
292,9,car,0.42431640625,681,209,33,29
292,10,car,0.86865234375,1259,511,275,205
292,17,car,0.81982421875,653,297,111,90
292,34,car,0.88818359375,843,373,149,104
292,38,car,0.83447265625,505,307,108,77
292,72,car,0.7744140625,408,260,77,62
292,74,car,0.6318359375,564,270,72,55
292,91,car,0.46484375,509,245,66,47
292,97,truck,0.6689453125,1211,293,91,66
292,119,car,0.5888671875,288,220,54,39
292,122,car,0.615234375,1429,323,70,50
292,135,truck,0.61328125,1485,339,121,72
292,140,person,0.515625,890,215,16,34
292,124,truck,0.21728515625,275,163,41,56
292,185,car,0.361083984375,466,239,48,40
293,7,car,0.89306640625,1714,967,410,212
293,8,car,0.673828125,777,223,38,29
293,9,car,0.439697265625,680,208,33,28
293,10,car,0.90673828125,1271,514,280,208
293,17,car,0.79931640625,655,297,114,91
293,34,car,0.8916015625,848,375,150,103
293,38,car,0.8388671875,506,308,107,78
293,72,car,0.7880859375,409,260,78,62
293,74,car,0.65478515625,565,270,73,55
293,91,car,0.5,510,245,67,47
293,97,truck,0.61328125,1208,293,91,64
293,119,car,0.60009765625,289,219,54,40
293,122,car,0.5888671875,1424,322,68,49
293,135,truck,0.72314453125,1480,338,120,72
293,140,person,0.484375,890,215,16,33
293,124,truck,0.31396484375,275,164,42,59
293,185,car,0.310791015625,467,239,48,40
294,7,car,0.87255859375,1734,977,370,194
294,8,car,0.611328125,776,223,37,29
294,9,truck,0.25390625,680,208,32,29
294,10,car,0.90576171875,1283,519,284,211
294,17,car,0.80419921875,658,297,114,92
294,34,car,0.8916015625,853,376,151,103
294,38,car,0.845703125,508,308,109,78
294,72,car,0.77880859375,410,261,77,63
294,74,car,0.59814453125,567,271,73,55
294,91,car,0.486328125,511,246,67,49
294,97,truck,0.57373046875,1205,292,90,65
294,119,car,0.60400390625,290,219,54,39
294,122,car,0.5390625,1419,321,64,49
294,135,truck,0.72314453125,1474,337,119,72
294,140,person,0.48828125,890,215,15,33
294,124,truck,0.203125,275,164,43,59
294,185,car,0.352294921875,468,239,48,40
295,7,car,0.83203125,1750,986,338,177
295,8,car,0.61328125,776,222,37,29
295,9,car,0.319091796875,679,208,33,29
295,10,car,0.8408203125,1296,523,288,214
295,17,car,0.79296875,661,298,114,92
295,34,car,0.8974609375,858,378,151,105
295,38,car,0.85400390625,510,308,108,78
295,72,car,0.74755859375,411,261,78,63
295,74,car,0.64794921875,568,271,75,56
295,91,car,0.486328125,512,246,67,48
295,97,truck,0.6875,1201,292,89,64
295,119,car,0.60400390625,291,219,55,39
295,122,car,0.439697265625,1414,320,61,48
295,135,truck,0.70263671875,1467,336,119,71
295,140,person,0.4091796875,890,215,15,33
295,124,truck,0.265869140625,276,165,43,61
295,185,car,0.332763671875,469,239,49,40
296,7,car,0.83349609375,1767,997,305,154
296,8,car,0.638671875,775,222,38,29
296,9,car,0.329345703125,679,207,34,30
296,10,car,0.91357421875,1309,528,293,215
296,17,car,0.82763671875,664,298,114,92
296,34,car,0.90185546875,862,379,152,106
296,38,car,0.85888671875,511,308,109,79
296,72,car,0.7705078125,412,261,79,63
296,74,car,0.66015625,570,272,76,57
296,91,car,0.51953125,513,246,67,49
296,97,truck,0.6689453125,1198,290,89,64
296,119,car,0.6533203125,291,220,56,39
296,122,car,0.517578125,1412,319,64,47
296,135,truck,0.67041015625,1463,335,118,70
296,140,person,0.1124267578125,890,215,13,33
296,185,car,0.3486328125,470,239,49,41
296,187,car,0.405517578125,139,173,29,20
297,7,car,0.85595703125,1788,1009,263,131
297,8,car,0.63330078125,773,222,39,28
297,9,car,0.439697265625,678,207,34,30
297,10,car,0.91845703125,1322,532,296,217
297,17,car,0.80419921875,666,298,114,93
297,34,car,0.8955078125,867,380,153,107
297,38,car,0.85205078125,513,308,109,80
297,72,car,0.7431640625,413,261,79,63
297,74,car,0.66552734375,570,272,77,57
297,91,car,0.484375,514,246,67,49
297,97,truck,0.56787109375,1195,289,89,65
297,119,car,0.57958984375,291,219,56,40
297,122,car,0.422607421875,1406,318,61,47
297,135,truck,0.521484375,1458,334,117,70
297,185,car,0.32421875,470,239,50,41
297,187,car,0.375732421875,140,173,29,21
298,7,car,0.6806640625,1810,1023,216,107
298,8,car,0.62060546875,773,221,39,29
298,9,car,0.394287109375,678,207,34,30
298,10,car,0.9130859375,1337,537,302,221
298,17,car,0.82763671875,668,299,114,93
298,34,car,0.90478515625,872,382,155,109
298,38,car,0.85302734375,514,309,109,81
298,72,car,0.72314453125,414,261,79,63
298,74,car,0.6943359375,571,272,78,57
298,91,car,0.462890625,516,247,66,49
298,97,truck,0.64599609375,1191,288,88,65
298,119,car,0.59814453125,292,219,57,40
298,122,car,0.33984375,1402,317,57,47
298,135,truck,0.611328125,1452,333,115,70
298,185,car,0.385009765625,472,239,51,41
298,187,car,0.390380859375,140,173,30,20
298,188,car,0.458984375,1454,333,116,71
299,8,car,0.63525390625,772,221,39,29
299,9,car,0.405517578125,677,207,34,30
299,10,car,0.884765625,1351,542,304,223
299,17,car,0.830078125,672,300,115,93
299,34,car,0.89306640625,878,383,157,110
299,38,car,0.8408203125,516,310,110,81
299,72,car,0.7431640625,415,261,78,63
299,74,car,0.69921875,574,272,75,58
299,91,car,0.437744140625,517,247,68,49
299,97,truck,0.7265625,1188,288,88,64
299,119,car,0.60400390625,293,220,56,39
299,122,car,0.3310546875,1397,316,53,46
299,135,truck,0.5,1447,331,114,70
299,185,car,0.38671875,473,239,52,40
299,187,car,0.42431640625,140,173,30,20
299,188,car,0.447509765625,1449,332,114,70
300,8,car,0.66015625,771,221,39,29
300,9,car,0.36474609375,676,206,35,30
300,10,car,0.9111328125,1365,546,310,226
300,17,car,0.822265625,673,300,118,94
300,34,car,0.89990234375,882,385,158,110
300,38,car,0.85107421875,517,311,110,81
300,72,car,0.7265625,416,261,78,63
300,74,car,0.708984375,574,272,78,57
300,91,car,0.437744140625,519,247,67,49
300,97,truck,0.73388671875,1184,287,87,62
300,119,car,0.6318359375,293,219,54,39
300,122,car,0.29248046875,1392,315,55,46
300,135,truck,0.615234375,1442,330,113,70
300,185,car,0.357666015625,474,239,51,40
300,187,car,0.1993408203125,142,173,30,20
300,124,truck,0.5078125,276,164,42,61
301,8,car,0.5390625,770,220,39,29
301,9,car,0.26123046875,675,206,35,29
301,10,car,0.88330078125,1380,551,316,229
301,17,car,0.806640625,675,301,117,94
301,34,car,0.900390625,888,387,160,111
301,38,car,0.85400390625,519,312,111,81
301,72,car,0.740234375,417,261,79,63
301,74,car,0.66552734375,577,273,76,56
301,91,car,0.60205078125,522,247,73,50
301,97,truck,0.70751953125,1181,286,88,63
301,119,car,0.70751953125,294,219,54,40
301,135,truck,0.65673828125,1431,328,123,70
301,185,car,0.39794921875,475,239,51,40
301,187,car,0.1375732421875,142,172,31,20
301,191,car,0.517578125,1900,398,34,71
301,124,truck,0.5927734375,276,164,41,61
302,8,car,0.56396484375,770,220,38,29
302,9,truck,0.2069091796875,675,205,35,29
302,10,car,0.91357421875,1395,555,318,233
302,17,car,0.82568359375,678,301,119,95
302,34,car,0.908203125,893,388,161,112
302,38,car,0.85400390625,521,312,112,82
302,72,car,0.73095703125,418,261,78,63
302,74,car,0.71044921875,579,273,75,56
302,91,car,0.5830078125,522,247,71,50
302,97,truck,0.65673828125,1177,286,87,62
302,119,car,0.65478515625,294,219,55,40
302,135,truck,0.72314453125,1424,327,127,71
302,185,car,0.33984375,476,239,51,40
302,187,car,0.332763671875,142,172,33,20
302,191,car,0.494140625,1896,394,42,75
302,124,truck,0.2861328125,276,160,42,54
303,8,car,0.5869140625,769,219,37,29
303,9,truck,0.1339111328125,674,204,34,29
303,10,car,0.9189453125,1410,561,325,236
303,17,car,0.82080078125,681,302,118,96
303,34,car,0.90185546875,899,389,164,114
303,38,car,0.85009765625,522,312,113,82
303,72,car,0.73095703125,419,261,79,63
303,74,car,0.68603515625,581,273,75,57
303,91,car,0.5390625,523,247,70,50
303,97,truck,0.69580078125,1174,286,87,61
303,119,car,0.66552734375,295,218,54,40
303,135,truck,0.7734375,1419,326,126,71
303,185,car,0.291015625,477,239,51,41
303,187,car,0.1666259765625,143,172,33,20
303,191,car,0.56787109375,1892,391,51,78
303,124,truck,0.16455078125,277,160,42,54
304,8,car,0.662109375,769,219,38,29
304,9,truck,0.10015869140625,674,204,34,30
304,10,car,0.931640625,1425,566,330,238
304,17,car,0.75634765625,684,302,119,96
304,34,car,0.90673828125,905,392,165,114
304,38,car,0.85693359375,524,312,113,82
304,72,car,0.732421875,419,261,79,64
304,74,car,0.71533203125,582,273,77,57
304,91,car,0.56591796875,525,247,73,51
304,97,truck,0.66357421875,1171,285,85,60
304,119,car,0.6826171875,295,218,55,40
304,135,truck,0.79833984375,1413,325,126,70
304,185,car,0.30908203125,477,239,51,41
304,187,car,0.219970703125,144,172,30,20
304,191,truck,0.53125,1887,390,60,79
305,8,car,0.61669921875,768,219,38,29
305,9,car,0.1480712890625,673,203,33,29
305,10,car,0.91162109375,1442,572,338,242
305,17,car,0.64404296875,687,303,121,97
305,34,car,0.90380859375,911,393,167,114
305,38,car,0.85302734375,526,313,113,83
305,72,car,0.7431640625,420,262,80,64
305,74,car,0.69580078125,583,274,81,58
305,91,car,0.53125,527,248,72,51
305,97,truck,0.5390625,1168,284,85,60
305,119,car,0.6806640625,296,218,55,40
305,135,truck,0.80908203125,1408,324,126,70
305,185,car,0.276611328125,478,239,52,41
305,187,car,0.2705078125,145,171,30,20
305,191,truck,0.529296875,1884,390,69,83
306,8,car,0.53125,768,218,37,29
306,9,car,0.2451171875,672,202,33,28
306,10,car,0.92626953125,1459,577,343,246
306,17,car,0.71240234375,689,303,120,99
306,34,car,0.9033203125,916,395,168,115
306,38,car,0.85595703125,528,313,114,83
306,72,car,0.740234375,422,262,80,65
306,74,car,0.69580078125,585,274,80,58
306,91,car,0.56982421875,527,248,72,51
306,97,truck,0.56787109375,1165,283,85,60
306,119,car,0.68408203125,297,218,56,40
306,135,truck,0.79931640625,1404,323,124,69
306,185,car,0.3486328125,479,239,52,41
306,187,car,0.325927734375,146,171,30,19
306,191,truck,0.6298828125,1880,390,77,84
307,8,car,0.54296875,767,218,38,29
307,9,car,0.29736328125,672,201,33,27
307,10,car,0.92626953125,1477,583,349,249
307,17,car,0.69775390625,692,304,120,99
307,34,car,0.89697265625,922,397,168,116
307,38,car,0.85302734375,530,314,116,84
307,72,car,0.7373046875,423,262,81,65
307,74,car,0.716796875,586,275,81,58
307,91,car,0.501953125,528,248,72,51
307,97,truck,0.66357421875,1162,282,85,60
307,119,car,0.6875,297,218,57,41
307,135,truck,0.77734375,1400,322,121,69
307,185,car,0.282958984375,480,239,51,41
307,187,car,0.33447265625,147,171,28,19
307,191,truck,0.441650390625,1875,389,85,83
308,8,motorcycle,0.355712890625,766,217,38,29
308,9,car,0.34521484375,671,201,33,27
308,10,car,0.91748046875,1494,589,358,254
308,17,car,0.7734375,696,304,121,99
308,34,car,0.8974609375,928,398,170,118
308,38,car,0.85986328125,532,315,115,85
308,72,car,0.75927734375,424,262,82,66
308,74,car,0.71044921875,589,275,80,58
308,91,car,0.5234375,530,248,74,53
308,97,truck,0.541015625,1159,282,84,59
308,119,car,0.72021484375,299,218,56,41
308,135,truck,0.822265625,1395,321,118,69
308,185,car,0.29248046875,481,238,52,41
308,187,car,0.390380859375,147,171,28,19
308,191,truck,0.449462890625,1872,388,94,83
309,8,car,0.401611328125,765,217,37,28
309,9,car,0.37744140625,671,201,32,26
309,10,car,0.9248046875,1512,596,362,258
309,17,car,0.80322265625,699,305,121,100
309,34,car,0.90380859375,933,401,173,119
309,38,car,0.873046875,533,316,116,85
309,72,car,0.7041015625,425,262,82,66
309,74,car,0.70263671875,589,275,81,58
309,91,car,0.4921875,531,248,75,52
309,97,truck,0.5947265625,1156,282,84,59
309,119,car,0.6826171875,299,218,56,41
309,135,truck,0.81982421875,1391,320,115,69
309,185,car,0.291015625,482,239,53,42
309,187,car,0.414794921875,148,171,29,20
309,191,truck,0.435791015625,1867,386,101,82
310,8,motorcycle,0.275146484375,764,217,37,29
310,9,car,0.2421875,671,201,32,26
310,10,car,0.9208984375,1532,602,371,262
310,17,car,0.8388671875,702,306,122,99
310,34,car,0.90283203125,940,403,174,121
310,38,car,0.861328125,536,317,118,86
310,72,car,0.74755859375,426,262,82,67
310,74,car,0.71533203125,591,276,80,59
310,91,car,0.537109375,532,249,75,54
310,97,truck,0.57373046875,1153,281,85,59
310,119,car,0.658203125,300,218,56,41
310,135,truck,0.7958984375,1386,319,114,69
310,185,car,0.275146484375,483,239,54,42
310,187,car,0.4072265625,149,171,29,20
310,191,truck,0.5390625,1863,385,110,82
311,8,car,0.357666015625,764,216,37,29
311,9,car,0.2147216796875,670,201,34,27
311,10,car,0.92236328125,1551,608,377,266
311,17,car,0.81640625,704,307,122,100
311,34,car,0.9033203125,946,405,175,121
311,38,car,0.85205078125,538,318,118,87
311,72,car,0.72802734375,427,262,82,67
311,74,car,0.62060546875,592,276,82,59
311,91,car,0.5,534,249,73,53
311,97,truck,0.46484375,1150,280,84,59
311,119,car,0.60400390625,300,218,55,42
311,135,truck,0.70263671875,1383,318,113,69
311,185,car,0.28466796875,484,239,54,42
311,187,car,0.276611328125,150,171,29,20
311,191,truck,0.462890625,1860,384,118,82
312,8,car,0.6533203125,763,216,37,28
312,9,car,0.2379150390625,669,201,34,27
312,10,car,0.923828125,1571,616,385,270
312,17,car,0.76220703125,707,308,124,102
312,34,car,0.9111328125,953,407,176,122
312,38,car,0.85400390625,539,318,118,88
312,72,car,0.70751953125,428,263,82,68
312,74,car,0.6513671875,594,276,82,59
312,91,car,0.537109375,537,250,75,53
312,97,truck,0.5888671875,1147,279,83,59
312,119,car,0.5947265625,301,218,57,42
312,135,truck,0.708984375,1378,317,111,68
312,185,car,0.315673828125,485,240,56,43
312,187,car,0.302490234375,151,171,30,20
312,191,truck,0.71533203125,1856,384,125,83
312,124,truck,0.294189453125,279,160,48,59
313,8,car,0.533203125,762,216,37,28
313,9,car,0.20556640625,669,200,34,26
313,10,car,0.91357421875,1592,623,392,275
313,17,car,0.82763671875,711,308,124,102
313,34,car,0.90966796875,959,409,179,123
313,38,car,0.8759765625,541,319,119,88
313,72,car,0.71044921875,429,263,82,68
313,74,car,0.56201171875,596,277,85,60
313,91,car,0.4921875,538,251,76,55
313,97,truck,0.453369140625,1144,279,83,58
313,119,car,0.5927734375,302,218,57,42
313,135,truck,0.72509765625,1373,316,110,67
313,185,car,0.302490234375,485,240,57,44
313,187,car,0.32080078125,152,171,31,20
313,191,truck,0.76904296875,1852,383,132,85
313,124,truck,0.259765625,280,160,50,59
314,8,car,0.435791015625,761,216,36,29
314,9,car,0.1666259765625,668,200,34,26
314,10,car,0.9375,1613,630,401,278
314,17,car,0.83447265625,713,309,125,103
314,34,car,0.9150390625,966,412,180,124
314,38,car,0.87255859375,543,320,119,89
314,72,car,0.74169921875,430,263,83,69
314,74,car,0.57177734375,597,277,85,60
314,91,car,0.556640625,539,251,76,55
314,97,truck,0.501953125,1141,279,83,57
314,119,car,0.53125,303,219,58,43
314,135,truck,0.58154296875,1369,316,108,67
314,185,car,0.332763671875,487,240,54,44
314,187,car,0.2393798828125,153,171,31,20
314,191,truck,0.78125,1848,383,142,85
314,124,truck,0.3486328125,280,161,49,59
315,8,car,0.5927734375,761,216,37,29
315,9,car,0.1561279296875,668,200,33,26
315,10,car,0.93017578125,1634,637,409,284
315,17,car,0.8427734375,718,310,127,104
315,34,car,0.9189453125,973,414,182,124
315,38,car,0.8798828125,545,321,120,89
315,72,car,0.78125,430,264,83,69
315,74,car,0.48828125,601,278,83,61
315,91,car,0.65478515625,540,251,74,56
315,97,truck,0.63525390625,1138,278,81,57
315,119,car,0.5849609375,304,219,58,43
315,135,truck,0.7890625,1365,315,105,67
315,185,car,0.420654296875,487,240,56,44
315,187,car,0.24658203125,153,171,31,20
315,191,truck,0.83642578125,1844,382,147,85
315,124,truck,0.216064453125,280,160,48,58
316,8,car,0.615234375,760,216,38,28
316,9,car,0.1461181640625,668,200,33,26
316,10,car,0.92919921875,1656,645,418,289
316,17,car,0.85595703125,721,311,127,104
316,34,car,0.91650390625,980,416,183,126
316,38,car,0.8818359375,547,322,122,90
316,72,car,0.76220703125,431,265,84,69
316,74,car,0.60400390625,602,279,84,62
316,91,car,0.5390625,542,252,76,57
316,97,truck,0.7431640625,1135,277,82,58
316,119,car,0.56201171875,304,219,59,43
316,135,truck,0.81982421875,1361,315,104,67
316,185,car,0.3173828125,488,240,54,44
316,187,car,0.30078125,154,171,31,20
316,191,truck,0.763671875,1840,381,151,86
316,124,truck,0.155029296875,280,159,47,57
317,8,car,0.48828125,759,216,38,28
317,9,car,0.1375732421875,667,200,33,26
317,10,car,0.921875,1679,654,426,294
317,17,car,0.83740234375,724,313,128,105
317,34,car,0.92138671875,986,419,185,128
317,38,car,0.88330078125,549,323,124,91
317,72,car,0.77734375,432,266,85,69
317,74,car,0.60400390625,605,279,84,62
317,91,car,0.615234375,543,253,76,57
317,97,truck,0.72314453125,1132,276,81,58
317,119,car,0.59619140625,305,219,58,44
317,135,truck,0.77734375,1356,313,103,67
317,185,car,0.36669921875,490,241,54,44
317,187,car,0.30908203125,154,171,31,20
317,191,truck,0.7890625,1833,379,153,85
317,124,truck,0.12335205078125,279,158,47,55
318,8,car,0.5234375,758,216,36,29
318,10,car,0.9365234375,1701,662,432,300
318,17,car,0.830078125,729,313,133,106
318,34,car,0.92041015625,993,422,186,130
318,38,car,0.88427734375,551,324,125,92
318,72,car,0.77587890625,434,266,85,69
318,74,car,0.61328125,607,280,83,62
318,91,car,0.658203125,544,254,77,57
318,97,truck,0.63330078125,1128,276,80,58
318,119,car,0.5927734375,306,220,57,43
318,135,truck,0.70751953125,1351,312,102,66
318,185,car,0.4130859375,491,241,54,44
318,187,car,0.262939453125,155,171,31,21
318,191,truck,0.83740234375,1825,378,151,84
318,124,truck,0.355712890625,280,159,46,56
319,8,car,0.53515625,757,216,36,29
319,10,car,0.93115234375,1711,669,416,304
319,17,car,0.84716796875,732,314,134,107
319,34,car,0.91552734375,1000,424,188,130
319,38,car,0.888671875,553,325,124,93
319,72,car,0.78515625,435,267,85,69
319,74,car,0.68603515625,609,281,83,62
319,91,car,0.6318359375,546,254,77,58
319,97,truck,0.420654296875,1126,276,80,57
319,119,car,0.56396484375,307,220,58,43
319,135,car,0.501953125,1347,312,101,66
319,185,car,0.368408203125,492,241,55,45
319,187,car,0.259765625,155,171,31,21
319,191,truck,0.85107421875,1816,377,148,84
319,124,truck,0.30908203125,280,159,46,56
320,8,car,0.51953125,757,216,37,29
320,10,car,0.923828125,1721,676,396,303
320,17,car,0.85205078125,735,316,134,107
320,34,car,0.92236328125,1007,427,191,130
320,38,car,0.85498046875,555,326,124,93
320,72,car,0.79296875,436,267,86,70
320,74,car,0.64794921875,610,282,87,63
320,91,car,0.609375,548,256,77,62
320,97,truck,0.544921875,1122,276,80,57
320,119,car,0.537109375,308,220,58,44
320,135,truck,0.67724609375,1343,312,101,65
320,185,car,0.37939453125,494,242,55,45
320,187,car,0.273681640625,157,171,33,20
320,191,truck,0.83984375,1810,375,147,83
320,124,truck,0.25244140625,279,159,46,56
321,8,car,0.53515625,756,215,37,28
321,10,car,0.9111328125,1732,684,375,308
321,17,car,0.85302734375,737,317,133,107
321,34,car,0.9072265625,1015,429,193,131
321,38,car,0.86328125,558,328,124,93
321,72,car,0.7919921875,437,268,86,71
321,74,car,0.6826171875,612,283,86,62
321,91,car,0.658203125,549,257,77,62
321,97,truck,0.57763671875,1119,275,80,56
321,119,car,0.52734375,309,221,58,43
321,135,truck,0.70556640625,1338,311,99,65
321,185,car,0.35400390625,495,243,55,44
321,187,car,0.2379150390625,158,171,34,20
321,191,truck,0.80078125,1802,374,146,83
321,124,truck,0.1480712890625,279,158,46,55
322,8,car,0.54296875,754,216,36,29
322,10,car,0.9267578125,1743,692,352,311
322,17,car,0.810546875,740,318,133,108
322,34,car,0.9091796875,1022,433,195,133
322,38,car,0.85986328125,560,329,125,94
322,72,car,0.79052734375,438,269,86,71
322,74,car,0.71875,613,284,87,64
322,91,car,0.67724609375,551,258,77,62
322,97,truck,0.6279296875,1116,275,80,57
322,119,car,0.56982421875,309,222,58,42
322,135,truck,0.7265625,1334,311,98,65
322,185,car,0.39990234375,495,242,56,43
322,187,car,0.1883544921875,158,171,33,20
322,191,truck,0.82421875,1794,373,146,84
322,124,truck,0.2017822265625,279,158,45,54
322,206,car,0.36474609375,458,226,47,35
323,8,car,0.501953125,754,216,36,29
323,10,car,0.9033203125,1754,703,331,315
323,17,car,0.80322265625,742,320,134,109
323,34,car,0.91162109375,1031,436,197,134
323,38,car,0.85791015625,562,330,125,94
323,72,car,0.806640625,439,269,85,71
323,74,car,0.75634765625,615,285,88,64
323,91,car,0.6943359375,553,259,78,62
323,97,truck,0.67041015625,1114,274,80,58
323,119,car,0.57958984375,310,223,60,43
323,135,truck,0.74462890625,1329,310,98,64
323,185,car,0.401611328125,496,243,56,44
323,187,car,0.203125,159,171,33,20
323,191,truck,0.84375,1787,373,144,83
323,124,truck,0.169921875,280,155,43,48
323,206,car,0.368408203125,458,226,47,35
324,8,car,0.462890625,754,216,37,29
324,10,car,0.90966796875,1766,714,307,322
324,17,car,0.638671875,746,321,136,109
324,34,car,0.90576171875,1038,439,199,136
324,38,car,0.8642578125,564,332,126,94
324,72,car,0.81298828125,440,270,86,72
324,74,car,0.77880859375,617,286,89,65
324,91,car,0.662109375,554,259,78,61
324,97,truck,0.642578125,1111,274,78,58
324,119,car,0.53125,311,223,61,43
324,135,truck,0.70751953125,1325,309,98,63
324,185,car,0.35400390625,498,243,57,42
324,187,car,0.1981201171875,159,171,34,20
324,191,truck,0.80322265625,1780,372,141,82
324,124,truck,0.2379150390625,279,155,44,49
324,206,car,0.299072265625,458,229,48,38
325,8,car,0.466796875,753,216,37,29
325,10,car,0.89697265625,1778,724,283,328
325,17,car,0.70263671875,749,322,136,111
325,34,car,0.9140625,1046,442,202,138
325,38,car,0.861328125,566,333,127,95
325,72,car,0.82568359375,442,271,86,72
325,74,car,0.7431640625,618,286,92,66
325,91,car,0.7138671875,556,259,78,60
325,97,truck,0.640625,1109,273,79,58
325,119,car,0.55810546875,312,223,61,43
325,135,truck,0.6943359375,1321,309,96,64
325,185,car,0.381103515625,500,244,58,43
325,187,car,0.21337890625,160,172,34,21
325,191,truck,0.8154296875,1773,372,139,81
325,124,truck,0.1365966796875,280,155,45,49
325,206,car,0.248046875,460,230,48,37
326,8,car,0.39794921875,752,216,36,29
326,10,car,0.9013671875,1792,735,255,335
326,17,car,0.80078125,753,324,136,111
326,34,car,0.908203125,1054,445,204,138
326,38,car,0.8662109375,568,334,128,96
326,72,car,0.83447265625,443,271,87,73
326,74,car,0.75048828125,620,287,90,65
326,91,car,0.7705078125,557,261,79,61
326,97,truck,0.6826171875,1106,273,78,57
326,119,car,0.5947265625,313,223,62,43
326,135,truck,0.80908203125,1316,309,95,63
326,185,car,0.39599609375,500,245,58,43
326,187,car,0.167724609375,161,172,34,21
326,191,truck,0.83740234375,1765,370,139,82
326,124,truck,0.1259765625,280,156,46,49
326,206,car,0.315673828125,462,229,47,35
327,8,car,0.28466796875,752,216,36,29
327,10,car,0.9052734375,1803,747,232,342
327,17,car,0.8115234375,757,325,137,111
327,34,car,0.9013671875,1062,448,206,139
327,38,car,0.86083984375,571,336,130,96
327,72,car,0.8291015625,444,272,87,73
327,74,car,0.69287109375,622,288,92,67
327,91,car,0.732421875,559,262,81,63
327,97,truck,0.5546875,1103,273,78,57
327,119,car,0.50390625,313,224,62,44
327,135,truck,0.61669921875,1312,309,95,62
327,185,car,0.355712890625,501,246,57,44
327,187,car,0.219970703125,162,173,33,20
327,191,truck,0.8017578125,1758,369,138,82
327,124,truck,0.106689453125,280,156,46,47
327,206,car,0.32080078125,462,229,46,35
328,8,car,0.325927734375,751,216,36,28
328,10,car,0.82080078125,1817,755,204,341
328,17,car,0.8447265625,761,327,140,112
328,34,car,0.90576171875,1070,451,209,141
328,38,car,0.865234375,573,337,130,98
328,72,car,0.8291015625,445,273,87,73
328,74,car,0.716796875,624,289,93,67
328,91,car,0.7265625,560,263,81,63
328,97,truck,0.56005859375,1100,273,79,57
328,119,car,0.6279296875,314,225,61,43
328,135,truck,0.71044921875,1307,308,95,62
328,185,car,0.416748046875,502,247,58,45
328,187,car,0.2705078125,163,174,33,19
328,191,truck,0.82568359375,1750,369,138,81
328,124,truck,0.1480712890625,280,156,46,47
328,206,car,0.388671875,462,229,47,34
328,140,person,0.250244140625,889,213,14,32
329,8,car,0.24072265625,750,216,36,28
329,10,car,0.89501953125,1831,746,177,305
329,17,car,0.79833984375,764,328,139,113
329,34,car,0.91650390625,1079,454,212,144
329,38,car,0.87060546875,575,340,130,98
329,72,car,0.82568359375,446,274,88,74
329,74,car,0.69091796875,628,290,91,67
329,91,car,0.7265625,562,263,81,64
329,97,truck,0.533203125,1098,273,78,57
329,119,car,0.60400390625,315,226,61,43
329,135,truck,0.6669921875,1303,307,95,62
329,185,car,0.42431640625,503,248,59,47
329,187,car,0.329345703125,163,174,34,20
329,191,truck,0.8642578125,1743,368,138,81
329,124,truck,0.195556640625,280,157,46,49
329,206,car,0.383056640625,463,228,46,35
329,140,person,0.2147216796875,889,213,15,33
330,8,motorcycle,0.2705078125,749,216,36,28
330,10,car,0.85888671875,1844,748,147,294
330,17,car,0.8232421875,767,330,140,114
330,34,car,0.91259765625,1088,457,213,145
330,38,car,0.87841796875,577,341,132,99
330,72,car,0.8154296875,447,274,89,75
330,74,car,0.72021484375,629,292,93,68
330,91,car,0.73095703125,564,264,84,64
330,97,truck,0.60595703125,1095,273,78,56
330,119,car,0.5849609375,317,227,61,43
330,135,truck,0.6259765625,1299,307,95,62
330,185,car,0.435791015625,504,248,60,46
330,187,car,0.25830078125,164,175,34,19
330,191,truck,0.85205078125,1736,368,136,81
330,124,truck,0.236572265625,280,157,46,49
330,206,car,0.361083984375,465,229,46,35
330,140,person,0.337158203125,889,213,16,32
331,8,car,0.120849609375,748,216,36,28
331,10,car,0.83447265625,1861,758,116,289
331,17,car,0.78271484375,771,331,141,116
331,34,car,0.91845703125,1096,461,216,145
331,38,car,0.87646484375,579,342,133,100
331,72,car,0.8115234375,449,276,89,76
331,74,car,0.68603515625,630,293,93,68
331,91,car,0.69287109375,566,265,86,64
331,97,truck,0.55078125,1091,273,77,56
331,119,car,0.57373046875,318,227,61,43
331,135,truck,0.57958984375,1294,307,95,62
331,185,car,0.420654296875,505,248,59,45
331,187,car,0.19189453125,165,175,33,19
331,191,truck,0.8154296875,1730,366,133,81
331,124,truck,0.3701171875,281,160,47,54
331,206,car,0.33447265625,465,229,47,34
331,140,person,0.33447265625,889,213,17,32
332,8,car,0.401611328125,748,216,35,28
332,10,car,0.77978515625,1877,773,85,286
332,17,car,0.7373046875,775,333,141,116
332,34,car,0.93115234375,1105,465,218,147
332,38,car,0.8857421875,582,344,134,100
332,72,car,0.79833984375,450,277,90,75
332,74,car,0.662109375,632,293,94,69
332,91,car,0.71875,567,265,85,64
332,97,truck,0.65478515625,1090,273,77,57
332,119,car,0.58154296875,319,227,62,43
332,135,truck,0.615234375,1290,306,93,62
332,185,car,0.482421875,507,249,57,45
332,187,car,0.281494140625,165,175,32,19
332,191,truck,0.85400390625,1723,365,134,80
332,124,truck,0.541015625,282,162,48,58
332,206,car,0.383056640625,464,230,48,34
332,140,person,0.218017578125,889,213,16,31
333,8,car,0.383056640625,747,216,36,28
333,10,car,0.57763671875,1892,798,54,265
333,17,car,0.77880859375,779,334,142,117
333,34,car,0.923828125,1115,468,221,148
333,38,car,0.8818359375,584,345,135,100
333,72,car,0.7890625,452,278,90,74
333,74,car,0.69580078125,635,295,94,71
333,91,car,0.7265625,568,267,85,65
333,97,truck,0.642578125,1087,272,77,57
333,119,car,0.544921875,319,228,63,43
333,135,truck,0.6298828125,1287,306,94,62
333,185,car,0.414794921875,508,250,57,46
333,187,car,0.25537109375,166,174,33,20
333,191,truck,0.82421875,1716,364,133,79
333,124,truck,0.611328125,282,163,48,60
333,206,car,0.381103515625,464,230,51,34
333,140,person,0.1650390625,889,213,16,31
334,8,car,0.401611328125,746,216,36,29
334,17,car,0.80078125,784,335,145,118
334,34,car,0.923828125,1124,471,224,149
334,38,car,0.89111328125,587,347,136,101
334,72,car,0.7958984375,453,279,90,74
334,74,car,0.7431640625,637,296,96,71
334,91,car,0.73583984375,570,267,85,65
334,97,truck,0.548828125,1085,272,77,57
334,119,car,0.546875,320,228,63,43
334,135,truck,0.6494140625,1282,305,93,61
334,185,car,0.53515625,509,250,57,46
334,187,car,0.287841796875,167,175,33,20
334,191,truck,0.8408203125,1710,364,132,79
334,124,truck,0.55810546875,282,164,49,61
334,206,car,0.39990234375,466,230,51,34
335,8,car,0.441650390625,746,216,36,29
335,17,car,0.73876953125,788,337,146,118
335,34,car,0.93212890625,1133,476,225,151
335,38,car,0.884765625,590,348,137,100
335,72,car,0.79833984375,454,279,91,75
335,74,car,0.66015625,640,297,96,71
335,91,car,0.71875,573,268,87,66
335,97,truck,0.478515625,1082,271,77,57
335,119,car,0.541015625,321,229,62,43
335,135,truck,0.57958984375,1279,305,92,62
335,185,car,0.482421875,511,250,60,46
335,187,car,0.2568359375,168,175,31,20
335,191,truck,0.80908203125,1704,363,132,79
335,124,truck,0.56591796875,282,164,49,61
335,206,car,0.37744140625,467,231,49,35
336,8,car,0.375732421875,746,216,36,29
336,17,car,0.72802734375,791,338,147,120
336,34,car,0.90869140625,1144,479,229,151
336,38,car,0.88330078125,592,349,138,102
336,72,car,0.80078125,455,280,92,75
336,74,car,0.72314453125,641,298,98,71
336,91,car,0.7373046875,574,269,87,67
336,97,car,0.418701171875,1079,271,77,57
336,119,car,0.57568359375,321,229,63,42
336,135,car,0.513671875,1275,304,92,62
336,185,car,0.541015625,511,251,63,46
336,187,car,0.2069091796875,168,174,32,21
336,191,truck,0.8291015625,1697,362,132,79
336,124,truck,0.521484375,282,163,48,58
336,206,car,0.341552734375,468,231,50,34
336,207,truck,0.42822265625,1276,304,94,62
337,8,car,0.42431640625,745,216,35,29
337,17,car,0.740234375,794,340,147,121
337,34,car,0.91357421875,1154,482,233,154
337,38,car,0.8818359375,594,351,139,103
337,72,car,0.8017578125,456,281,92,75
337,74,car,0.7490234375,645,299,97,72
337,91,car,0.7841796875,576,269,87,68
337,97,truck,0.455078125,1076,271,75,57
337,119,car,0.56005859375,322,230,62,43
337,135,truck,0.486328125,1270,303,92,62
337,185,car,0.5908203125,512,252,62,47
337,187,car,0.267333984375,169,175,32,22
337,191,truck,0.82568359375,1691,361,130,78
337,124,truck,0.5234375,282,163,48,58
337,206,car,0.3486328125,468,231,51,35
337,207,car,0.451416015625,1271,303,93,61
337,208,car,0.34521484375,1077,271,75,57
338,8,car,0.33984375,744,216,35,29
338,17,car,0.61865234375,799,341,149,121
338,34,car,0.9208984375,1164,486,236,156
338,38,car,0.86328125,597,352,140,103
338,72,car,0.7958984375,458,282,93,75
338,74,car,0.73583984375,648,301,94,73
338,91,car,0.73876953125,578,270,88,68
338,97,car,0.4609375,1074,270,75,56
338,119,car,0.486328125,323,230,62,44
338,135,truck,0.482421875,1266,302,92,62
338,185,car,0.521484375,513,252,63,48
338,187,car,0.275146484375,170,176,31,21
338,191,truck,0.81982421875,1684,360,129,78
338,124,truck,0.5234375,282,163,48,58
338,206,car,0.32763671875,468,231,52,35
338,207,car,0.390380859375,1266,302,92,60
338,208,truck,0.392333984375,1074,270,75,56
339,8,car,0.39990234375,743,216,36,29
339,17,car,0.7265625,803,343,150,122
339,34,car,0.921875,1174,490,239,158
339,38,car,0.86865234375,600,353,142,104
339,72,car,0.80078125,459,282,93,75
339,74,car,0.6826171875,649,302,97,74
339,91,car,0.7265625,581,271,90,69
339,97,car,0.494140625,1071,270,74,55
339,119,car,0.515625,324,231,63,45
339,135,truck,0.1634521484375,1263,302,92,61
339,185,car,0.458984375,514,253,65,48
339,187,car,0.2451171875,170,176,30,21
339,191,truck,0.82421875,1678,359,129,77
339,124,truck,0.501953125,282,162,48,56
339,206,car,0.33447265625,469,232,53,35
339,207,car,0.4921875,1263,302,92,60
339,208,truck,0.4072265625,1071,270,74,55
340,8,car,0.32080078125,742,216,36,29
340,17,car,0.86962890625,807,344,150,123
340,34,car,0.92724609375,1184,493,242,159
340,38,car,0.86865234375,603,354,142,105
340,72,car,0.8173828125,461,283,93,76
340,74,car,0.65673828125,652,304,97,74
340,91,car,0.77880859375,583,272,90,70
340,97,truck,0.38671875,1068,270,75,55
340,119,car,0.56787109375,324,231,63,45
340,135,car,0.474609375,1260,301,92,61
340,185,car,0.546875,516,254,65,49
340,187,car,0.332763671875,171,176,30,20
340,191,truck,0.82568359375,1671,358,126,77
340,124,truck,0.482421875,282,162,48,55
340,206,car,0.30908203125,470,232,52,36
340,208,car,0.51171875,1068,270,77,55
341,8,car,0.1302490234375,742,216,35,27
341,17,car,0.8642578125,811,346,152,124
341,34,car,0.92236328125,1195,497,245,161
341,38,car,0.88330078125,605,356,142,106
341,72,car,0.81396484375,461,284,93,76
341,74,car,0.68603515625,655,303,97,73
341,91,car,0.78271484375,585,272,90,71
341,119,car,0.5908203125,325,231,62,45
341,135,car,0.462890625,1256,301,94,60
341,185,car,0.51953125,518,255,65,49
341,187,car,0.373779296875,172,176,31,20
341,191,truck,0.7958984375,1665,357,126,76
341,124,truck,0.490234375,282,161,48,55
341,206,car,0.310791015625,471,233,54,36
342,8,car,0.2421875,740,216,35,27
342,17,car,0.84716796875,815,347,154,125
342,34,car,0.9189453125,1206,502,248,163
342,38,car,0.8759765625,607,358,143,106
342,72,car,0.82080078125,463,284,94,77
342,74,car,0.71240234375,656,305,99,75
342,91,car,0.7841796875,586,273,89,71
342,119,car,0.642578125,326,231,63,45
342,135,car,0.521484375,1252,301,94,59
342,185,car,0.552734375,519,255,64,50
342,187,car,0.33447265625,172,176,31,21
342,191,truck,0.78662109375,1658,356,125,75
342,124,truck,0.56396484375,283,162,48,57
342,206,car,0.24072265625,470,234,55,36
342,209,truck,0.363037109375,1253,301,94,59
342,97,truck,0.53125,1064,269,75,55
343,8,motorcycle,0.29248046875,740,216,35,27
343,17,car,0.84375,819,349,154,126
343,34,car,0.9189453125,1218,505,251,164
343,38,car,0.88330078125,610,360,144,108
343,72,car,0.841796875,464,285,94,77
343,74,car,0.716796875,659,305,100,74
343,91,car,0.76904296875,587,274,89,72
343,119,car,0.66015625,327,231,63,45
343,135,car,0.60595703125,1248,300,94,59
343,185,car,0.55078125,520,255,65,51
343,187,car,0.375732421875,173,176,30,21
343,191,truck,0.8115234375,1652,355,125,76
343,124,truck,0.642578125,284,163,48,59
343,206,car,0.310791015625,470,234,55,35
343,97,truck,0.414794921875,1061,269,75,55
344,8,car,0.36669921875,739,216,35,28
344,17,car,0.78662109375,824,350,154,127
344,34,car,0.92041015625,1229,510,254,166
344,38,car,0.880859375,613,361,145,108
344,72,car,0.8310546875,465,286,94,78
344,74,car,0.76904296875,661,305,101,73
344,91,car,0.7431640625,590,274,90,71
344,119,car,0.6318359375,327,231,63,45
344,135,car,0.60205078125,1245,299,95,59
344,185,car,0.61328125,520,255,66,52
344,187,car,0.33447265625,173,175,30,21
344,191,truck,0.81982421875,1646,353,123,75
344,124,truck,0.5869140625,284,163,49,59
344,206,car,0.346923828125,473,234,52,35
344,97,car,0.55078125,1059,268,74,55
345,8,car,0.498046875,738,216,34,27
345,17,car,0.8291015625,828,351,155,127
345,34,car,0.9189453125,1241,513,259,169
345,38,car,0.8759765625,616,363,146,108
345,72,car,0.80908203125,467,286,94,78
345,74,car,0.76611328125,664,306,103,74
345,91,car,0.75634765625,592,275,92,71
345,119,car,0.62451171875,329,232,64,45
345,135,truck,0.541015625,1243,298,95,59
345,185,car,0.640625,522,256,67,52
345,187,car,0.3310546875,174,175,31,21
345,191,truck,0.830078125,1640,352,123,76
345,124,truck,0.6279296875,284,163,49,60
345,206,car,0.32763671875,474,234,53,35
345,97,car,0.529296875,1057,267,74,55
346,8,car,0.521484375,737,216,34,27
346,17,car,0.6943359375,833,353,156,128
346,34,car,0.90380859375,1252,517,262,171
346,38,car,0.880859375,619,364,148,108
346,72,car,0.810546875,468,287,95,77
346,74,car,0.7734375,665,306,104,73
346,91,car,0.78662109375,593,275,92,72
346,119,car,0.658203125,329,233,63,46
346,135,truck,0.470703125,1239,297,95,60
346,185,car,0.67724609375,522,257,67,52
346,187,car,0.352294921875,175,175,32,21
346,191,truck,0.8291015625,1634,351,122,76
346,124,truck,0.69287109375,283,163,50,59
346,206,car,0.325927734375,475,235,51,35
346,97,truck,0.470703125,1053,267,74,55
347,8,car,0.56201171875,737,215,34,27
347,17,car,0.72802734375,838,354,157,129
347,34,car,0.916015625,1264,522,268,173
347,38,car,0.87744140625,622,366,149,108
347,72,car,0.77197265625,470,287,96,78
347,74,car,0.74169921875,668,307,104,74
347,91,car,0.78125,596,276,93,72
347,119,car,0.7041015625,330,233,64,46
347,135,car,0.51171875,1236,297,97,59
347,185,car,0.69580078125,524,257,68,52
347,187,car,0.42626953125,175,175,32,21
347,191,truck,0.78125,1628,350,122,75
347,124,truck,0.63330078125,284,162,50,57
347,206,car,0.350341796875,476,235,51,35
347,97,truck,0.4921875,1051,266,74,54
347,211,truck,0.352294921875,1237,297,98,59
347,212,car,0.32421875,1051,267,74,55
348,8,car,0.61328125,736,215,34,27
348,17,car,0.64794921875,842,355,159,131
348,34,car,0.9248046875,1277,527,271,175
348,38,car,0.8818359375,625,368,151,108
348,72,car,0.810546875,472,287,96,80
348,74,car,0.69921875,672,308,103,74
348,91,car,0.79443359375,598,277,94,73
348,119,car,0.673828125,331,233,64,46
348,135,car,0.60205078125,1233,296,98,59
348,185,car,0.689453125,526,257,67,51
348,187,car,0.414794921875,177,175,31,20
348,191,truck,0.81640625,1622,350,120,74
348,124,truck,0.65673828125,284,162,51,58
348,206,car,0.29248046875,477,234,52,34
348,97,truck,0.439697265625,1049,266,73,54
348,211,truck,0.42822265625,1234,296,98,60
348,212,car,0.38671875,1049,267,73,54
349,8,car,0.61669921875,736,214,34,27
349,17,car,0.77587890625,847,357,161,132
349,34,car,0.92724609375,1291,531,275,178
349,38,car,0.8818359375,628,369,151,110
349,72,car,0.79931640625,473,287,98,81
349,74,car,0.7490234375,674,310,104,76
349,91,car,0.7958984375,601,277,96,73
349,119,car,0.69091796875,333,233,62,46
349,135,car,0.5908203125,1229,295,99,59
349,185,car,0.689453125,527,257,66,52
349,187,car,0.4130859375,178,174,31,20
349,191,truck,0.81640625,1617,349,120,74
349,124,truck,0.67578125,285,163,51,61
349,206,car,0.2451171875,478,235,53,35
349,97,car,0.57373046875,1046,266,73,54
350,8,car,0.5888671875,735,214,33,27
350,17,car,0.841796875,852,359,163,132
350,34,car,0.93017578125,1303,535,278,179
350,38,car,0.8818359375,631,370,152,110
350,72,car,0.81396484375,474,288,97,81
350,74,car,0.751953125,676,309,105,75
350,91,car,0.7646484375,601,277,94,74
350,119,car,0.67724609375,334,233,62,46
350,135,car,0.501953125,1226,294,99,58
350,185,car,0.69921875,529,258,67,52
350,187,car,0.443603515625,178,174,32,20
350,191,truck,0.8173828125,1611,348,117,74
350,124,truck,0.689453125,285,163,52,60
350,206,car,0.2958984375,478,235,54,34
350,97,truck,0.5849609375,1044,265,73,56
351,8,car,0.505859375,734,214,34,27
351,17,car,0.740234375,857,360,163,134
351,34,car,0.92822265625,1317,540,284,181
351,38,car,0.88818359375,634,371,153,111
351,72,car,0.8115234375,476,289,98,80
351,74,car,0.751953125,678,310,106,77
351,91,car,0.75927734375,603,278,94,75
351,119,car,0.6669921875,335,233,62,46
351,135,car,0.5830078125,1223,294,99,58
351,185,car,0.66552734375,529,258,67,52
351,187,car,0.43017578125,179,174,31,21
351,191,truck,0.7490234375,1607,346,118,74
351,124,truck,0.69580078125,285,164,53,61
351,206,car,0.30078125,480,235,53,34
351,97,truck,0.486328125,1042,264,72,55
352,8,car,0.42822265625,734,213,34,27
352,17,car,0.8447265625,862,361,165,135
352,34,car,0.92578125,1330,544,287,183
352,38,car,0.89013671875,636,373,155,110
352,72,car,0.82568359375,477,289,99,80
352,74,car,0.7578125,681,310,108,76
352,91,car,0.7548828125,605,278,95,75
352,119,car,0.66015625,336,234,62,45
352,135,car,0.51171875,1220,293,100,57
352,185,car,0.658203125,531,258,67,52
352,187,car,0.42822265625,180,174,32,21
352,191,truck,0.83984375,1600,345,117,74
352,124,truck,0.70751953125,285,164,53,61
352,206,car,0.30078125,481,236,53,35
352,97,truck,0.642578125,1039,264,72,55
353,8,car,0.414794921875,733,213,34,27
353,17,car,0.841796875,866,363,167,135
353,34,car,0.92578125,1345,548,291,187
353,38,car,0.89404296875,640,375,157,111
353,72,car,0.82568359375,479,290,99,80
353,74,car,0.689453125,684,311,108,77
353,91,car,0.69775390625,608,279,96,76
353,119,car,0.716796875,337,233,63,46
353,135,car,0.60009765625,1217,292,100,57
353,185,car,0.6259765625,533,259,68,52
353,187,car,0.401611328125,180,174,31,21
353,191,truck,0.82568359375,1594,344,116,74
353,124,truck,0.75341796875,285,164,53,63
353,206,car,0.36474609375,481,236,58,36
353,97,truck,0.57177734375,1037,263,70,54
354,8,motorcycle,0.26904296875,733,213,33,27
354,17,car,0.87744140625,871,365,169,136
354,34,car,0.927734375,1359,554,296,190
354,38,car,0.8984375,643,377,157,114
354,72,car,0.81982421875,479,290,99,81
354,74,car,0.76611328125,686,311,109,74
354,91,car,0.73388671875,609,279,97,76
354,119,car,0.72314453125,337,234,64,46
354,135,car,0.6259765625,1214,292,100,57
354,185,car,0.6513671875,534,259,68,52
354,187,car,0.33984375,181,174,33,21
354,191,truck,0.7919921875,1589,343,115,73
354,124,truck,0.76904296875,286,165,54,65
354,206,car,0.319091796875,481,235,57,35
354,97,car,0.5390625,1034,263,71,54
354,217,car,0.322509765625,270,200,41,29
355,8,motorcycle,0.437744140625,732,213,34,27
355,17,car,0.88818359375,876,366,168,137
355,34,car,0.92529296875,1373,559,301,192
355,38,car,0.88720703125,646,378,158,114
355,72,car,0.8291015625,481,291,99,82
355,74,car,0.76220703125,689,312,109,75
355,91,car,0.7294921875,611,280,98,76
355,119,car,0.70263671875,338,234,63,45
355,135,car,0.51171875,1211,291,101,56
355,185,car,0.6533203125,536,259,66,53
355,187,car,0.312255859375,182,174,33,21
355,191,truck,0.81982421875,1583,342,116,72
355,124,truck,0.7607421875,286,165,53,66
355,206,car,0.373779296875,481,236,59,36
355,97,truck,0.541015625,1033,262,71,54
355,217,car,0.25537109375,271,200,39,28
356,8,car,0.235107421875,731,212,36,27
356,17,car,0.8671875,882,368,171,138
356,34,car,0.92724609375,1389,565,307,195
356,38,car,0.90380859375,649,380,160,116
356,72,car,0.83544921875,483,291,100,83
356,74,car,0.7744140625,692,314,109,80
356,91,car,0.69287109375,614,280,98,77
356,119,car,0.71875,339,234,63,46
356,135,car,0.57958984375,1208,291,102,56
356,185,car,0.662109375,536,260,66,52
356,187,car,0.275146484375,182,173,33,20
356,191,truck,0.80322265625,1577,342,115,71
356,124,truck,0.751953125,286,165,53,67
356,206,car,0.392333984375,484,236,58,36
356,97,car,0.470703125,1030,261,71,56
356,217,car,0.216064453125,272,201,39,27
357,8,car,0.2958984375,731,212,37,27
357,17,car,0.896484375,887,370,171,140
357,34,car,0.9326171875,1405,570,311,196
357,38,car,0.89501953125,652,381,161,117
357,72,car,0.83447265625,484,291,100,85
357,74,car,0.75927734375,695,314,110,79
357,91,car,0.74462890625,615,280,98,77
357,119,car,0.71240234375,340,234,64,47
357,135,car,0.437744140625,1205,290,102,56
357,185,car,0.638671875,537,260,66,53
357,187,car,0.303955078125,183,173,32,19
357,191,truck,0.7744140625,1571,341,114,71
357,124,truck,0.7490234375,286,164,52,66
357,206,car,0.33447265625,484,236,59,38
357,97,truck,0.509765625,1028,260,71,56
357,217,car,0.24365234375,272,200,40,27
358,8,car,0.437744140625,730,212,36,27
358,17,car,0.8955078125,892,371,173,141
358,34,car,0.93505859375,1421,576,317,200
358,38,car,0.88232421875,655,383,162,118
358,72,car,0.8232421875,486,291,101,85
358,74,car,0.7607421875,698,314,111,80
358,91,car,0.71044921875,617,281,96,78
358,119,car,0.658203125,341,234,66,47
358,135,truck,0.470703125,1201,289,102,57
358,185,car,0.5908203125,539,260,67,53
358,187,car,0.2861328125,183,174,31,19
358,191,truck,0.83544921875,1567,339,114,72
358,124,truck,0.6943359375,286,163,52,63
358,206,car,0.2958984375,485,237,60,38
358,97,truck,0.451416015625,1026,260,69,54
358,217,car,0.1480712890625,272,201,40,27
358,223,car,0.403564453125,1202,289,101,57
359,8,car,0.494140625,729,212,36,26
359,17,car,0.892578125,897,373,174,142
359,34,car,0.93408203125,1436,581,322,202
359,38,car,0.89013671875,658,384,163,118
359,72,car,0.82080078125,487,291,102,87
359,74,car,0.78662109375,700,314,111,79
359,91,car,0.70556640625,619,282,98,78
359,119,car,0.67724609375,342,234,67,48
359,135,truck,0.498046875,1198,287,103,57
359,185,car,0.5927734375,541,260,69,54
359,187,car,0.20947265625,184,174,32,19
359,191,truck,0.7734375,1562,338,113,71
359,124,truck,0.7138671875,287,163,52,64
359,206,car,0.31396484375,486,238,61,39
359,97,truck,0.48046875,1023,260,70,53
359,217,car,0.282958984375,272,200,40,27
359,223,car,0.394287109375,1199,287,103,57
360,8,car,0.52734375,729,211,36,26
360,17,car,0.89013671875,903,375,176,144
360,34,car,0.92724609375,1453,587,328,206
360,38,car,0.88623046875,661,386,165,120
360,72,car,0.8291015625,488,292,103,86
360,74,car,0.80078125,703,315,112,79
360,91,car,0.7705078125,622,282,99,78
360,119,car,0.67724609375,342,234,68,49
360,135,car,0.4130859375,1196,287,102,56
360,185,car,0.62451171875,542,261,70,54
360,187,car,0.2081298828125,184,174,33,19
360,191,truck,0.7607421875,1557,338,113,71
360,124,truck,0.7373046875,287,163,52,66
360,206,car,0.43408203125,487,238,62,40
360,97,truck,0.6689453125,1021,260,69,54
360,217,car,0.32421875,273,200,40,28
360,223,truck,0.449462890625,1197,287,102,56
361,8,car,0.478515625,728,211,36,26
361,17,car,0.83740234375,908,377,178,145
361,34,car,0.9267578125,1470,593,334,208
361,38,car,0.8896484375,665,388,166,121
361,72,car,0.8154296875,490,293,104,86
361,74,car,0.8115234375,706,316,114,80
361,91,car,0.7841796875,624,282,101,78
361,119,car,0.6826171875,343,234,68,49
361,135,truck,0.544921875,1193,287,103,56
361,185,car,0.64404296875,543,261,71,54
361,187,car,0.273681640625,185,174,33,19
361,191,truck,0.77880859375,1551,337,113,70
361,124,truck,0.73876953125,287,163,52,66
361,206,car,0.474609375,487,240,61,43
361,97,truck,0.537109375,1018,259,68,52
361,217,car,0.3701171875,274,200,40,28
361,223,car,0.416748046875,1193,287,103,55
362,8,car,0.50390625,727,211,35,26
362,17,car,0.8896484375,914,378,179,146
362,34,car,0.92919921875,1489,600,342,211
362,38,car,0.89404296875,669,389,169,122
362,72,car,0.81298828125,491,293,104,87
362,74,car,0.830078125,709,317,115,80
362,91,car,0.7578125,627,283,103,78
362,119,car,0.6513671875,344,235,69,49
362,185,car,0.70751953125,544,261,70,54
362,187,car,0.20556640625,186,174,33,20
362,191,truck,0.8017578125,1545,336,112,70
362,124,truck,0.71240234375,287,163,52,66
362,206,car,0.373779296875,490,238,59,41
362,97,truck,0.53515625,1016,259,70,52
362,217,car,0.414794921875,275,200,40,29
363,8,car,0.4111328125,726,211,34,26
363,17,car,0.89990234375,920,380,180,147
363,34,car,0.9306640625,1507,606,348,216
363,38,car,0.8974609375,673,391,170,121
363,72,car,0.77734375,493,294,106,88
363,74,car,0.81884765625,712,317,115,80
363,91,car,0.76611328125,629,284,104,79
363,119,car,0.6279296875,346,235,69,50
363,185,car,0.69091796875,546,261,69,54
363,187,car,0.1510009765625,187,175,33,19
363,191,truck,0.7373046875,1541,335,111,69
363,124,truck,0.7138671875,287,162,52,65
363,206,car,0.33642578125,489,240,61,44
363,97,truck,0.63330078125,1014,258,69,53
363,217,car,0.462890625,276,200,41,29
363,135,car,0.490234375,1187,286,104,55
364,8,car,0.350341796875,725,210,35,27
364,17,car,0.896484375,926,381,182,148
364,34,car,0.92724609375,1526,613,356,219
364,38,car,0.88818359375,676,393,170,123
364,72,car,0.8115234375,495,294,105,90
364,74,car,0.82421875,715,318,116,81
364,91,car,0.78515625,632,285,105,80
364,119,car,0.61669921875,347,235,70,50
364,185,car,0.6943359375,546,262,70,55
364,187,car,0.1412353515625,187,175,33,19
364,191,truck,0.533203125,1535,335,109,69
364,124,truck,0.69921875,287,162,52,64
364,206,car,0.3486328125,490,239,60,43
364,97,truck,0.689453125,1012,258,69,54
364,217,car,0.455078125,276,200,41,30
364,135,car,0.552734375,1184,285,104,54
365,8,car,0.346923828125,725,210,35,26
365,17,car,0.88818359375,932,383,184,150
365,34,car,0.93310546875,1544,620,364,221
365,38,car,0.8896484375,680,395,171,123
365,72,car,0.751953125,497,295,105,91
365,74,car,0.83349609375,718,319,116,80
365,91,car,0.77880859375,634,286,105,80
365,119,car,0.6298828125,348,235,71,51
365,185,car,0.67724609375,548,262,69,55
365,187,car,0.1778564453125,188,175,33,19
365,191,truck,0.71240234375,1530,334,109,69
365,124,truck,0.6318359375,287,161,52,63
365,206,car,0.27197265625,491,241,63,47
365,97,truck,0.515625,1010,258,68,54
365,217,car,0.441650390625,276,200,40,31
365,135,truck,0.51171875,1181,285,104,54
366,8,car,0.32763671875,723,210,34,26
366,17,car,0.9033203125,938,386,185,151
366,34,car,0.9345703125,1564,627,371,225
366,38,car,0.89013671875,683,397,173,125
366,72,car,0.79443359375,499,296,105,89
366,74,car,0.8232421875,721,320,118,81
366,91,car,0.75634765625,635,287,104,81
366,119,car,0.60205078125,350,235,69,51
366,185,car,0.69580078125,549,262,69,55
366,187,car,0.1871337890625,188,174,32,19
366,191,truck,0.82568359375,1525,333,109,68
366,124,truck,0.642578125,288,161,50,63
366,206,car,0.368408203125,492,242,63,48
366,97,truck,0.521484375,1008,257,68,54
366,217,car,0.46875,276,200,41,31
366,135,truck,0.435791015625,1178,284,106,54
367,8,car,0.357666015625,723,210,34,26
367,17,car,0.87255859375,945,388,188,153
367,34,car,0.92626953125,1584,635,379,229
367,38,car,0.8984375,687,401,174,124
367,72,car,0.80908203125,500,297,106,88
367,74,car,0.7841796875,724,325,119,92
367,91,car,0.7548828125,637,288,103,82
367,119,car,0.640625,351,236,69,51
367,185,car,0.6669921875,552,263,68,55
367,187,car,0.1561279296875,189,175,32,19
367,191,truck,0.7919921875,1520,332,110,68
367,124,truck,0.66015625,288,160,49,61
367,206,car,0.445556640625,494,241,63,45
367,97,truck,0.57177734375,1006,256,68,54
367,217,car,0.5,277,200,40,30
367,135,car,0.4765625,1175,284,107,54
367,229,truck,0.388671875,1176,284,106,55
368,8,car,0.325927734375,722,210,34,27
368,17,car,0.88427734375,951,390,190,154
368,34,car,0.9326171875,1605,642,387,233
368,38,car,0.90380859375,690,402,175,126
368,72,car,0.8017578125,502,298,106,88
368,74,car,0.79931640625,727,323,120,86
368,91,car,0.7431640625,640,288,105,82
368,119,car,0.63330078125,351,237,69,50
368,185,car,0.66015625,553,264,68,56
368,187,car,0.139404296875,189,175,32,19
368,191,truck,0.80419921875,1515,332,107,68
368,124,truck,0.67041015625,288,160,48,61
368,206,car,0.43017578125,495,243,64,47
368,97,truck,0.466796875,1003,256,68,52
368,217,car,0.453369140625,277,200,40,30
368,135,car,0.458984375,1172,283,107,54
369,8,car,0.341552734375,721,211,34,27
369,17,car,0.82763671875,957,392,191,156
369,34,car,0.9287109375,1628,650,395,237
369,38,car,0.900390625,694,405,176,126
369,72,car,0.7890625,505,300,108,88
369,74,car,0.7646484375,730,327,121,90
369,91,car,0.716796875,642,289,105,83
369,119,car,0.6318359375,352,237,69,50
369,185,car,0.6513671875,554,265,68,57
369,187,car,0.16455078125,190,175,32,20
369,191,truck,0.73388671875,1510,331,106,67
369,124,truck,0.658203125,288,160,46,60
369,206,car,0.388671875,495,243,64,49
369,97,car,0.451416015625,1001,256,68,52
369,217,car,0.39990234375,278,200,41,30
369,135,car,0.56982421875,1169,283,107,53
369,230,truck,0.34521484375,1001,256,68,52
370,8,car,0.29248046875,721,210,34,27
370,17,car,0.86328125,963,395,194,157
370,34,car,0.9365234375,1650,658,403,241
370,38,car,0.91162109375,698,406,178,128
370,72,car,0.8017578125,507,301,109,88
370,74,car,0.80810546875,733,327,121,87
370,91,car,0.73095703125,644,290,104,83
370,119,car,0.66552734375,353,237,68,49
370,185,car,0.69287109375,557,265,71,57
370,187,car,0.16455078125,191,174,31,20
370,191,truck,0.76611328125,1505,330,107,68
370,124,truck,0.609375,289,160,46,61
370,206,car,0.51171875,495,245,64,51
370,97,truck,0.4609375,999,255,68,52
370,217,car,0.422607421875,278,200,41,30
370,135,car,0.48828125,1166,283,107,53
370,230,car,0.35400390625,999,256,68,51
371,8,car,0.2337646484375,720,210,34,27
371,17,car,0.89990234375,970,397,195,158
371,34,car,0.93310546875,1673,667,412,244
371,38,car,0.9150390625,703,408,179,130
371,72,car,0.8388671875,509,302,109,88
371,74,car,0.84375,737,327,122,86
371,91,car,0.767578125,647,291,105,84
371,119,car,0.64794921875,354,238,69,50
371,185,car,0.6875,558,265,69,57
371,187,car,0.1688232421875,191,175,31,20
371,191,truck,0.80419921875,1501,330,105,67
371,124,truck,0.64599609375,289,160,47,59
371,206,car,0.57958984375,497,246,64,53
371,97,car,0.45703125,996,255,68,51
371,217,car,0.42822265625,278,201,41,30
371,135,car,0.416748046875,1163,283,108,53
371,230,truck,0.355712890625,996,256,68,51
372,8,car,0.29248046875,719,211,33,27
372,17,car,0.89501953125,977,400,197,160
372,34,car,0.9365234375,1697,676,420,249
372,38,car,0.9091796875,707,411,182,131
372,72,car,0.82568359375,510,303,109,89
372,74,car,0.81396484375,739,327,123,86
372,91,car,0.76611328125,650,292,107,84
372,119,car,0.640625,356,239,71,50
372,185,car,0.640625,559,266,69,58
372,187,car,0.11199951171875,191,175,30,21
372,191,truck,0.763671875,1495,329,106,67
372,124,truck,0.662109375,288,160,48,58
372,206,car,0.4130859375,498,248,66,55
372,97,car,0.39990234375,994,256,67,51
372,217,car,0.31396484375,279,201,41,30
372,135,car,0.418701171875,1161,282,108,53
372,230,truck,0.42431640625,994,256,67,51
373,8,car,0.416748046875,719,211,33,27
373,17,car,0.86328125,984,403,198,161
373,34,car,0.935546875,1712,684,414,256
373,38,car,0.9033203125,711,413,184,133
373,72,car,0.84716796875,512,304,110,90
373,74,car,0.82080078125,743,327,124,85
373,91,car,0.78662109375,650,294,104,84
373,119,car,0.74169921875,358,240,70,51
373,185,car,0.6943359375,559,267,69,58
373,187,car,0.1217041015625,191,176,31,21
373,191,truck,0.78271484375,1491,329,106,66
373,124,truck,0.67578125,288,160,50,57
373,206,car,0.56982421875,498,248,66,53
373,97,truck,0.55078125,992,256,67,51
373,217,car,0.2213134765625,280,201,41,30
373,135,truck,0.282958984375,1158,282,108,52
374,8,car,0.38671875,718,211,33,26
374,17,car,0.8857421875,991,405,200,163
374,34,car,0.9248046875,1722,692,395,258
374,38,car,0.90283203125,714,416,185,134
374,72,car,0.84912109375,513,305,110,90
374,74,car,0.8291015625,745,328,126,84
374,91,car,0.7880859375,654,295,106,84
374,119,car,0.76220703125,358,240,70,50
374,185,car,0.6806640625,561,267,69,57
374,191,truck,0.71533203125,1486,329,105,66
374,124,truck,0.638671875,287,161,52,58
374,206,car,0.56591796875,500,247,66,51
374,97,truck,0.414794921875,989,256,67,51
374,217,car,0.195556640625,281,201,41,31
374,135,car,0.29736328125,1155,282,108,52
374,232,car,0.332763671875,1138,281,74,52
375,8,car,0.383056640625,717,211,32,26
375,17,car,0.87646484375,998,407,203,164
375,34,car,0.92822265625,1733,700,373,256
375,38,car,0.9033203125,719,418,187,135
375,72,car,0.8291015625,515,306,112,91
375,74,car,0.81982421875,749,330,126,85
375,91,car,0.7841796875,655,295,105,84
375,119,car,0.73876953125,359,241,70,50
375,185,car,0.61328125,563,268,70,57
375,191,truck,0.64404296875,1481,328,104,66
375,124,truck,0.6943359375,287,161,52,57
375,206,car,0.50390625,502,247,67,50
375,97,truck,0.486328125,988,256,67,51
375,217,car,0.281494140625,281,202,42,31
375,135,car,0.302490234375,1152,281,108,52
375,232,car,0.236572265625,1136,281,74,52
376,8,car,0.453369140625,716,211,32,25
376,17,car,0.88818359375,1005,410,204,166
376,34,car,0.931640625,1744,709,351,259
376,38,car,0.90283203125,722,421,190,138
376,72,car,0.8427734375,517,307,112,92
376,74,car,0.80419921875,753,332,126,86
376,91,car,0.7890625,658,296,107,84
376,119,car,0.7548828125,361,242,70,51
376,185,car,0.615234375,564,269,67,58
376,191,truck,0.7890625,1477,328,103,65
376,124,truck,0.69091796875,286,162,53,57
376,206,car,0.529296875,502,249,67,52
376,97,truck,0.490234375,986,255,66,51
376,217,car,0.363037109375,281,202,42,31
376,135,car,0.45703125,1150,281,108,52
376,236,car,0.32421875,367,195,40,30
377,8,car,0.4921875,716,211,32,25
377,17,car,0.9072265625,1012,413,206,167
377,34,car,0.93017578125,1755,718,328,264
377,38,car,0.90185546875,727,423,190,138
377,72,car,0.85302734375,518,308,112,93
377,74,car,0.8154296875,756,333,127,86
377,91,car,0.75341796875,661,297,108,85
377,119,car,0.74169921875,361,242,71,52
377,185,car,0.6875,564,270,69,57
377,191,truck,0.79833984375,1472,328,102,65
377,124,truck,0.7138671875,286,163,53,58
377,206,car,0.56591796875,503,248,68,51
377,97,car,0.403564453125,984,255,66,50
377,217,car,0.42822265625,282,202,43,32
377,236,car,0.338134765625,367,195,39,31
377,232,car,0.494140625,1129,280,72,52
378,8,car,0.45703125,716,211,33,25
378,17,car,0.8642578125,1020,415,209,170
378,34,car,0.93310546875,1766,728,307,269
378,38,car,0.9072265625,732,426,192,139
378,72,car,0.85009765625,520,309,113,93
378,74,car,0.81884765625,759,334,128,86
378,91,car,0.78662109375,664,298,109,85
378,119,car,0.7607421875,362,242,72,53
378,185,car,0.732421875,566,271,70,58
378,191,truck,0.77197265625,1467,327,102,65
378,124,truck,0.67041015625,287,166,53,64
378,206,car,0.51953125,505,249,67,51
378,97,truck,0.515625,982,255,65,50
378,217,car,0.447509765625,282,203,44,32
378,236,car,0.30078125,368,195,40,31
378,232,car,0.381103515625,1125,280,71,51
379,8,car,0.466796875,715,212,33,26
379,17,car,0.85498046875,1028,418,212,171
379,34,car,0.92822265625,1777,739,284,274
379,38,car,0.892578125,737,428,193,141
379,72,car,0.85595703125,522,311,113,93
379,74,car,0.80908203125,763,336,129,87
379,91,car,0.7890625,667,299,109,85
379,119,car,0.75927734375,364,242,72,54
379,185,car,0.7646484375,567,271,70,59
379,191,truck,0.8017578125,1463,327,102,65
379,124,truck,0.71044921875,288,166,54,66
379,206,car,0.5927734375,506,249,66,49
379,97,truck,0.505859375,980,255,65,50
379,217,car,0.455078125,283,203,43,32
379,236,car,0.33642578125,368,195,40,31
379,232,car,0.47265625,1123,280,71,51
380,8,car,0.484375,714,212,33,26
380,17,car,0.85693359375,1035,421,215,172
380,34,car,0.9189453125,1790,750,258,280
380,38,car,0.89697265625,741,432,195,142
380,72,car,0.85498046875,524,311,113,94
380,74,car,0.830078125,767,338,131,88
380,91,car,0.8154296875,670,300,113,86
380,119,car,0.77734375,364,243,71,54
380,185,car,0.7578125,569,272,70,59
380,191,truck,0.72802734375,1459,326,101,65
380,124,truck,0.74609375,289,167,55,67
380,206,car,0.57373046875,507,250,68,49
380,97,truck,0.5546875,978,255,65,50
380,217,car,0.373779296875,283,203,43,33
380,236,car,0.401611328125,368,196,40,31
380,232,car,0.416748046875,1120,280,71,51
381,8,car,0.470703125,714,212,32,26
381,17,car,0.85595703125,1044,424,215,174
381,34,car,0.92138671875,1803,762,233,285
381,38,car,0.89501953125,746,435,197,143
381,72,car,0.861328125,526,312,114,95
381,74,car,0.84375,771,339,132,88
381,91,car,0.80322265625,673,301,115,87
381,119,car,0.79296875,365,244,72,53
381,185,car,0.74462890625,570,272,70,59
381,191,truck,0.7373046875,1454,325,101,65
381,124,truck,0.7490234375,289,167,55,67
381,206,car,0.63525390625,507,250,67,48
381,97,truck,0.60400390625,976,254,66,50
381,217,car,0.39990234375,284,203,43,34
381,236,car,0.42822265625,368,196,42,31
381,232,car,0.517578125,1117,279,71,51
381,243,car,0.56005859375,1169,281,46,43
381,244,person,0.35302734375,889,213,14,32
382,8,car,0.46484375,713,212,32,26
382,17,car,0.806640625,1052,427,217,177
382,34,car,0.921875,1816,775,206,291
382,38,car,0.89892578125,750,438,199,144
382,72,car,0.85791015625,528,313,115,95
382,74,car,0.83203125,774,341,132,90
382,91,car,0.79833984375,676,302,115,88
382,119,car,0.7880859375,366,245,73,52
382,185,car,0.71533203125,570,273,72,60
382,191,truck,0.75634765625,1449,325,100,64
382,124,truck,0.71533203125,289,167,54,67
382,206,car,0.62060546875,508,250,67,48
382,97,truck,0.57177734375,973,254,67,50
382,217,car,0.39990234375,285,204,44,35
382,236,car,0.3701171875,368,197,41,31
382,232,car,0.435791015625,1114,280,72,51
382,243,car,0.57958984375,1166,281,47,42
382,244,person,0.27978515625,889,213,14,32
383,8,car,0.3720703125,712,212,32,26
383,17,car,0.875,1059,429,220,180
383,34,car,0.9111328125,1829,775,180,274
383,38,car,0.89501953125,755,440,202,145
383,72,car,0.8671875,530,314,117,98
383,74,car,0.830078125,777,342,133,90
383,91,car,0.83349609375,678,303,116,89
383,119,car,0.80078125,367,246,75,52
383,185,car,0.73583984375,571,274,74,60
383,191,truck,0.78515625,1445,324,100,64
383,124,truck,0.66357421875,290,168,53,68
383,206,car,0.62451171875,509,250,67,48
383,97,truck,0.53515625,971,254,67,51
383,217,car,0.35400390625,285,205,44,34
383,236,car,0.357666015625,368,197,40,31
383,232,car,0.53515625,1112,280,73,51
383,243,car,0.67236328125,1162,280,48,42
383,244,person,0.1044921875,889,213,14,32
384,8,car,0.39990234375,711,212,32,26
384,17,car,0.861328125,1068,432,223,181
384,34,car,0.89892578125,1844,775,148,255
384,38,car,0.88232421875,760,443,204,147
384,72,car,0.85498046875,532,314,117,100
384,74,car,0.82763671875,781,344,131,92
384,91,car,0.83544921875,682,305,118,90
384,119,car,0.806640625,368,247,75,53
384,185,car,0.708984375,573,275,73,59
384,191,truck,0.708984375,1441,324,99,64
384,124,truck,0.6298828125,289,166,51,64
384,206,car,0.642578125,510,250,67,48
384,97,car,0.4091796875,969,254,66,50
384,217,car,0.322509765625,286,206,44,32
384,236,car,0.361083984375,369,197,40,31
384,232,car,0.262939453125,1108,279,72,50
384,243,car,0.32080078125,1159,280,48,42
384,244,person,0.11199951171875,889,213,14,32
385,8,car,0.43408203125,711,212,32,25
385,17,car,0.78125,1077,436,227,183
385,34,car,0.8671875,1859,779,116,238
385,38,car,0.87744140625,766,446,207,149
385,72,car,0.84912109375,534,316,117,99
385,74,car,0.83447265625,785,346,134,92
385,91,car,0.79443359375,683,305,116,91
385,119,car,0.806640625,369,247,75,52
385,185,car,0.67919921875,575,276,71,58
385,191,truck,0.72802734375,1437,323,98,64
385,124,truck,0.615234375,289,166,51,63
385,206,car,0.5908203125,511,251,67,47
385,97,car,0.445556640625,966,254,66,50
385,217,car,0.33984375,286,206,44,31
385,236,car,0.338134765625,369,197,40,30
385,232,car,0.58154296875,1105,279,72,50
385,243,car,0.68408203125,1157,281,48,43
386,8,car,0.47265625,710,212,32,25
386,17,car,0.76904296875,1085,439,228,184
386,34,car,0.78271484375,1874,792,88,227
386,38,car,0.908203125,771,449,209,150
386,72,car,0.8408203125,536,317,119,100
386,74,car,0.85009765625,789,347,134,92
386,91,car,0.810546875,685,306,116,91
386,119,car,0.796875,370,248,74,53
386,185,car,0.642578125,576,276,73,60
386,191,truck,0.751953125,1432,322,98,65
386,124,truck,0.57177734375,289,166,51,64
386,206,car,0.54296875,512,252,67,46
386,97,car,0.4072265625,965,254,65,50
386,217,car,0.267333984375,286,206,44,32
386,236,car,0.373779296875,370,197,39,31
386,232,car,0.548828125,1102,278,70,49
386,243,car,0.56201171875,1155,280,48,42
387,8,car,0.470703125,709,212,32,24
387,17,car,0.875,1094,441,231,187
387,34,car,0.6259765625,1891,810,55,216
387,38,car,0.8984375,775,452,211,152
387,72,car,0.84814453125,538,318,120,100
387,74,car,0.84716796875,793,348,136,92
387,91,car,0.80810546875,688,307,116,91
387,119,car,0.79833984375,371,248,74,52
387,185,car,0.66552734375,577,276,76,60
387,191,truck,0.77734375,1428,322,98,65
387,124,truck,0.517578125,289,166,51,63
387,206,car,0.56005859375,513,252,69,47
387,97,truck,0.418701171875,963,254,65,49
387,217,car,0.2958984375,287,206,45,32
387,236,car,0.37939453125,371,197,38,31
387,232,car,0.39599609375,1098,277,69,49
387,243,car,0.319091796875,1152,280,50,43
387,246,car,0.418701171875,963,254,65,48
388,8,car,0.447509765625,709,212,32,25
388,17,car,0.85009765625,1104,445,234,187
388,38,car,0.9111328125,781,455,213,154
388,72,car,0.85791015625,540,320,121,100
388,74,car,0.85107421875,797,350,136,94
388,91,car,0.82568359375,692,308,119,92
388,119,car,0.77978515625,371,249,74,53
388,185,car,0.6533203125,579,277,76,61
388,191,truck,0.79833984375,1424,322,97,64
388,124,truck,0.51953125,289,165,50,62
388,206,car,0.61669921875,514,253,68,47
388,97,truck,0.445556640625,961,254,64,49
388,217,car,0.3486328125,288,207,45,32
388,236,car,0.3486328125,372,198,39,31
388,135,truck,0.443603515625,1118,277,113,51
389,8,car,0.437744140625,708,212,32,25
389,17,car,0.86328125,1113,448,236,190
389,38,car,0.90673828125,786,458,214,156
389,72,car,0.861328125,542,320,121,102
389,74,car,0.85009765625,800,351,138,94
389,91,car,0.83740234375,696,309,120,92
389,119,car,0.77880859375,373,249,73,53
389,185,car,0.6513671875,581,278,76,61
389,191,truck,0.80322265625,1419,321,96,65
389,124,truck,0.53515625,289,165,51,63
389,206,car,0.55810546875,515,253,69,47
389,97,truck,0.443603515625,959,254,64,48
389,217,car,0.357666015625,288,208,45,32
389,236,car,0.33642578125,372,198,39,31
389,135,truck,0.267333984375,1115,277,113,50
389,232,car,0.25537109375,1094,277,71,50
390,8,car,0.437744140625,708,212,32,25
390,17,car,0.75634765625,1122,451,239,192
390,38,car,0.92236328125,791,462,217,157
390,72,car,0.8427734375,544,321,122,103
390,74,car,0.86083984375,804,353,140,94
390,91,car,0.83203125,698,310,121,93
390,119,car,0.796875,373,250,74,53
390,185,car,0.658203125,582,278,76,61
390,191,truck,0.80908203125,1415,320,95,65
390,124,truck,0.51953125,289,165,51,62
390,206,car,0.57568359375,516,253,70,48
390,97,car,0.381103515625,957,253,64,48
390,217,car,0.3720703125,289,208,44,33
390,236,car,0.325927734375,372,198,39,31
390,232,car,0.548828125,1091,277,70,50
390,243,car,0.61669921875,1145,279,48,42
391,8,car,0.401611328125,707,212,32,24
391,17,car,0.73583984375,1132,454,242,194
391,38,car,0.90869140625,796,464,220,158
391,72,car,0.84814453125,547,322,123,103
391,74,car,0.85400390625,810,354,139,94
391,91,car,0.80810546875,701,311,121,94
391,119,car,0.78515625,374,250,75,54
391,185,car,0.60205078125,584,279,76,63
391,191,truck,0.73583984375,1411,319,95,63
391,124,truck,0.50390625,289,165,50,63
391,206,car,0.5888671875,518,254,70,49
391,97,car,0.513671875,956,253,63,47
391,217,car,0.28466796875,290,207,44,34
391,236,car,0.325927734375,373,198,39,32
391,232,car,0.56201171875,1089,276,71,50
391,243,car,0.5947265625,1143,278,48,42
392,8,car,0.486328125,707,211,32,24
392,17,car,0.8232421875,1142,457,245,196
392,38,car,0.9150390625,802,467,223,161
392,72,car,0.84716796875,549,324,124,102
392,74,car,0.84912109375,814,355,140,95
392,91,car,0.80908203125,705,312,123,95
392,119,car,0.80078125,376,251,74,53
392,185,car,0.65478515625,585,280,79,64
392,191,truck,0.708984375,1407,319,95,63
392,124,truck,0.494140625,290,165,50,64
392,206,car,0.62451171875,518,254,70,49
392,97,truck,0.57958984375,954,252,64,47
392,217,car,0.307373046875,291,207,45,34
392,236,car,0.329345703125,373,198,39,32
392,232,car,0.56787109375,1087,276,70,50
392,243,car,0.6689453125,1140,278,48,42
393,8,car,0.4609375,706,211,32,25
393,17,car,0.79296875,1152,461,249,199
393,38,car,0.91650390625,808,470,225,163
393,72,car,0.85595703125,551,324,125,103
393,74,car,0.873046875,817,356,142,96
393,91,car,0.8232421875,707,313,122,95
393,119,car,0.8115234375,376,251,75,53
393,185,car,0.6513671875,586,281,79,63
393,191,truck,0.7744140625,1402,318,95,63
393,124,truck,0.453369140625,290,165,49,63
393,206,car,0.6669921875,519,255,72,49
393,97,truck,0.43212890625,952,252,63,47
393,217,car,0.307373046875,291,207,46,34
393,236,car,0.355712890625,373,198,40,32
393,232,car,0.4765625,1084,275,70,50
393,243,car,0.54296875,1137,277,50,42
394,8,car,0.455078125,705,211,32,25
394,17,car,0.81298828125,1163,464,252,202
394,38,car,0.9091796875,814,474,226,163
394,72,car,0.85595703125,553,325,126,103
394,74,car,0.86083984375,822,357,143,96
394,91,car,0.8291015625,711,314,124,96
394,119,car,0.81396484375,377,252,75,53
394,185,car,0.6669921875,588,281,79,65
394,191,truck,0.70263671875,1398,317,94,61
394,124,truck,0.445556640625,290,164,49,61
394,206,car,0.61328125,521,255,71,49
394,97,truck,0.611328125,950,252,63,47
394,217,car,0.27978515625,292,207,46,33
394,236,car,0.332763671875,373,198,40,31
394,232,car,0.544921875,1081,274,70,50
394,243,car,0.64794921875,1135,277,49,41
395,8,car,0.482421875,705,211,32,25
395,17,car,0.841796875,1173,468,254,204
395,38,car,0.91259765625,821,478,229,165
395,72,car,0.85693359375,556,326,126,105
395,74,car,0.8662109375,827,359,144,97
395,91,car,0.83447265625,714,315,126,97
395,119,car,0.82421875,379,252,75,53
395,185,car,0.61669921875,589,282,80,65
395,191,truck,0.77880859375,1394,316,94,61
395,124,truck,0.449462890625,291,166,50,65
395,206,car,0.5888671875,522,255,72,50
395,97,truck,0.56982421875,948,252,64,47
395,217,car,0.355712890625,293,207,46,33
395,236,car,0.37744140625,374,198,40,31
395,232,car,0.56591796875,1077,273,69,50
395,243,car,0.541015625,1133,276,50,41
396,8,car,0.46484375,705,211,32,26
396,17,car,0.8818359375,1184,471,257,206
396,38,car,0.90869140625,827,481,233,167
396,72,car,0.85107421875,558,327,126,106
396,74,car,0.87060546875,831,361,146,98
396,91,car,0.84716796875,717,315,127,97
396,119,car,0.82568359375,380,253,76,54
396,185,car,0.68603515625,590,282,81,65
396,191,truck,0.68603515625,1390,315,94,62
396,124,truck,0.458984375,291,166,51,67
396,206,car,0.615234375,524,256,73,49
396,97,car,0.39599609375,946,251,63,47
396,217,car,0.39599609375,294,207,47,33
396,236,car,0.388671875,374,198,40,32
396,232,car,0.62255859375,1075,273,69,49
396,243,car,0.61328125,1130,276,48,41
397,8,car,0.4091796875,703,211,32,26
397,17,car,0.80419921875,1194,475,262,208
397,38,car,0.9150390625,833,484,236,170
397,72,car,0.85791015625,560,328,125,105
397,74,car,0.86962890625,835,362,147,99
397,91,car,0.85107421875,720,316,128,98
397,119,car,0.830078125,380,253,77,54
397,185,car,0.658203125,589,283,85,65
397,191,truck,0.6875,1386,314,93,62
397,124,truck,0.521484375,291,167,52,68
397,206,car,0.63525390625,525,256,74,50
397,97,truck,0.363037109375,944,250,63,46
397,217,car,0.4091796875,295,207,47,33
397,236,car,0.350341796875,375,199,40,32
397,232,car,0.59619140625,1072,272,69,48
397,243,car,0.61328125,1128,275,49,41
398,8,car,0.43408203125,702,210,32,26
398,17,car,0.75341796875,1206,479,266,211
398,38,car,0.9091796875,839,487,238,172
398,72,car,0.85205078125,562,329,126,106
398,74,car,0.87158203125,839,364,148,100
398,91,car,0.8388671875,723,317,128,98
398,119,car,0.83642578125,382,253,76,55
398,185,car,0.673828125,590,283,88,65
398,191,truck,0.73876953125,1382,314,92,61
398,124,truck,0.55810546875,291,167,53,69
398,206,car,0.66357421875,526,256,75,50
398,97,truck,0.357666015625,943,249,62,46
398,217,car,0.443603515625,295,207,46,32
398,236,car,0.37744140625,375,199,41,32
398,232,car,0.60595703125,1070,272,68,48
398,243,car,0.62060546875,1126,275,49,41
399,8,car,0.37744140625,702,210,32,25
399,17,car,0.74609375,1217,482,270,213
399,38,car,0.8798828125,845,490,240,174
399,72,car,0.841796875,565,330,127,106
399,74,car,0.8671875,844,365,149,100
399,91,car,0.8154296875,728,318,130,99
399,119,car,0.82666015625,383,253,77,55
399,185,car,0.60400390625,592,284,89,66
399,191,truck,0.70751953125,1378,313,92,60
399,124,truck,0.544921875,291,167,53,69
399,206,car,0.6875,527,257,74,50
399,97,car,0.363037109375,940,250,62,45
399,217,car,0.363037109375,295,207,45,32
399,236,car,0.346923828125,375,199,41,32
399,232,car,0.414794921875,1068,271,70,49
399,243,car,0.509765625,1124,275,49,42
399,135,truck,0.4111328125,1070,271,73,49
400,8,car,0.470703125,702,210,32,25
400,17,car,0.8916015625,1229,485,273,215
400,38,car,0.89306640625,852,494,243,175
400,72,car,0.85595703125,567,331,127,107
400,74,car,0.87744140625,848,366,148,100
400,91,car,0.83203125,731,319,131,99
400,119,car,0.82763671875,384,253,78,55
400,185,car,0.6318359375,594,284,90,65
400,191,truck,0.7958984375,1374,312,92,61
400,124,truck,0.55810546875,292,167,53,70
400,206,car,0.67041015625,528,257,74,51
400,97,truck,0.474609375,939,249,62,45
400,217,car,0.37939453125,296,207,44,32
400,236,car,0.32080078125,376,198,41,33
400,232,car,0.405517578125,1065,271,70,49
400,243,car,0.56396484375,1121,274,50,41
400,135,truck,0.42431640625,1065,271,69,50
401,8,car,0.52734375,701,209,31,25
401,17,car,0.86865234375,1242,489,278,218
401,38,car,0.9072265625,858,498,248,177
401,72,car,0.8681640625,570,332,129,108
401,74,car,0.88232421875,853,367,149,99
401,91,car,0.85302734375,734,320,133,100
401,119,car,0.82763671875,386,254,78,56
401,185,car,0.658203125,595,284,92,67
401,191,truck,0.76904296875,1370,311,91,61
401,124,truck,0.51171875,292,168,53,71
401,206,car,0.6806640625,529,257,74,51
401,97,truck,0.505859375,937,248,62,47
401,217,car,0.37939453125,297,206,44,34
401,236,car,0.31396484375,376,198,41,32
401,243,car,0.70556640625,1118,273,50,41
402,8,car,0.45703125,700,208,31,24
402,17,car,0.76611328125,1253,493,281,221
402,38,car,0.85595703125,866,502,251,179
402,72,car,0.84912109375,572,333,131,109
402,74,car,0.8857421875,858,368,150,99
402,91,car,0.841796875,737,320,133,101
402,119,car,0.81982421875,388,254,77,55
402,185,car,0.64599609375,596,285,94,69
402,191,truck,0.751953125,1367,311,91,61
402,124,truck,0.546875,292,167,54,71
402,206,car,0.6689453125,530,257,74,52
402,97,car,0.37744140625,935,248,61,45
402,217,car,0.403564453125,298,206,45,33
402,236,car,0.3173828125,376,198,42,32
402,243,car,0.70068359375,1116,273,50,41
402,135,car,0.56201171875,1059,269,69,49
403,8,car,0.418701171875,699,208,31,25
403,17,car,0.8115234375,1265,497,285,225
403,38,car,0.8857421875,873,506,254,180
403,72,car,0.83740234375,575,334,132,110
403,74,car,0.892578125,862,370,152,101
403,91,car,0.85400390625,740,321,134,102
403,119,car,0.83203125,388,254,78,56
403,185,car,0.67919921875,598,285,93,68
403,191,truck,0.83544921875,1363,310,90,61
403,124,truck,0.56982421875,293,167,53,72
403,206,car,0.70068359375,531,257,73,52
403,97,car,0.375732421875,934,247,60,44
403,217,car,0.441650390625,298,207,46,32
403,236,car,0.312255859375,376,197,43,32
403,243,car,0.6875,1114,273,51,41
403,135,truck,0.405517578125,1056,268,69,49
404,8,car,0.418701171875,699,208,31,25
404,17,car,0.71044921875,1279,500,290,229
404,38,car,0.85205078125,881,509,257,182
404,72,car,0.79833984375,577,335,133,110
404,74,car,0.89404296875,867,372,153,102
404,91,car,0.80908203125,744,322,136,102
404,119,car,0.81884765625,389,254,77,55
404,185,car,0.62060546875,600,286,93,69
404,191,truck,0.79443359375,1359,309,89,60
404,124,truck,0.6494140625,293,168,55,73
404,206,car,0.71240234375,533,258,73,52
404,97,car,0.478515625,931,247,62,43
404,217,car,0.43017578125,299,207,45,33
404,236,car,0.30078125,377,197,43,31
404,243,car,0.662109375,1113,272,49,41
404,135,car,0.5390625,1055,267,69,50
405,8,car,0.310791015625,698,208,31,25
405,17,car,0.7578125,1291,504,293,233
405,38,car,0.85986328125,887,513,260,184
405,72,car,0.78125,579,336,133,112
405,74,car,0.89990234375,872,373,154,103
405,91,car,0.83740234375,747,323,135,104
405,119,car,0.81640625,390,254,77,56
405,185,car,0.57177734375,602,286,90,69
405,191,truck,0.7744140625,1354,308,89,60
405,124,truck,0.56591796875,293,168,56,73
405,206,car,0.70068359375,535,258,76,52
405,97,car,0.50390625,929,247,62,43
405,217,car,0.414794921875,300,207,46,34
405,236,car,0.291015625,377,197,43,32
405,243,car,0.7373046875,1110,271,50,40
405,135,car,0.607421875,1052,267,69,49
406,8,car,0.385009765625,697,208,31,25
406,17,car,0.65478515625,1305,510,299,234
406,38,car,0.85595703125,895,518,263,185
406,72,car,0.82568359375,581,336,134,113
406,74,car,0.9013671875,877,376,156,104
406,91,car,0.8447265625,751,325,136,104
406,119,car,0.82421875,391,255,78,56
406,185,car,0.609375,604,286,92,69
406,191,truck,0.6943359375,1350,308,89,60
406,124,truck,0.61328125,293,168,56,73
406,206,car,0.73876953125,536,258,76,52
406,97,car,0.383056640625,928,245,63,47
406,217,car,0.453369140625,300,206,47,36
406,236,car,0.275146484375,377,197,44,32
406,243,car,0.7734375,1107,271,50,39
406,135,car,0.70263671875,1049,266,67,49
407,8,car,0.4111328125,696,207,31,25
407,17,car,0.74169921875,1319,515,303,237
407,38,car,0.8408203125,903,523,267,189
407,72,car,0.80810546875,584,338,135,113
407,74,car,0.90478515625,882,377,157,106
407,91,car,0.865234375,755,325,137,104
407,119,car,0.82763671875,393,255,77,55
407,185,car,0.615234375,606,287,92,69
407,191,truck,0.7294921875,1348,307,89,59
407,124,truck,0.509765625,293,167,55,73
407,206,car,0.7548828125,538,259,76,52
407,97,truck,0.352294921875,927,245,62,45
407,217,car,0.474609375,301,207,46,35
407,236,car,0.3056640625,378,197,44,32
407,243,car,0.6826171875,1106,270,48,39
407,135,car,0.45703125,1048,266,69,49
408,8,car,0.45703125,695,207,31,25
408,17,car,0.59619140625,1333,519,309,240
408,38,car,0.89990234375,911,526,271,192
408,72,car,0.873046875,586,340,135,112
408,74,car,0.89306640625,887,379,158,107
408,91,car,0.86962890625,758,326,138,105
408,119,car,0.8291015625,394,255,77,55
408,185,car,0.615234375,608,287,92,67
408,191,truck,0.62255859375,1344,306,89,59
408,124,truck,0.1812744140625,293,167,56,74
408,206,car,0.75927734375,539,259,77,52
408,97,car,0.43408203125,925,245,60,45
408,217,car,0.388671875,302,207,47,34
408,236,car,0.2281494140625,378,197,43,32
408,243,car,0.740234375,1105,270,47,40
408,135,car,0.525390625,1046,266,73,49
409,8,car,0.533203125,695,207,31,25
409,17,car,0.6689453125,1348,524,312,243
409,38,car,0.87158203125,918,530,275,195
409,72,car,0.85400390625,589,342,137,112
409,74,car,0.88720703125,892,380,159,109
409,91,car,0.845703125,762,328,139,105
409,119,car,0.82568359375,395,256,79,55
409,185,car,0.64794921875,609,287,93,68
409,191,truck,0.67578125,1340,306,88,59
409,124,truck,0.443603515625,294,165,55,72
409,206,car,0.77197265625,540,259,77,53
409,97,car,0.439697265625,922,245,60,45
409,217,car,0.325927734375,303,206,48,37
409,236,car,0.2783203125,378,197,43,33
409,243,car,0.64599609375,1102,269,48,40
409,135,car,0.4921875,1044,265,71,48
410,8,car,0.5869140625,695,206,31,25
410,17,car,0.865234375,1363,529,319,244
410,38,car,0.90673828125,927,534,278,196
410,72,car,0.861328125,592,343,137,111
410,74,car,0.88232421875,896,382,161,110
410,91,car,0.85302734375,766,329,141,107
410,119,car,0.82421875,397,256,78,55
410,185,car,0.6689453125,611,289,95,70
410,191,truck,0.658203125,1336,305,88,59
410,124,truck,0.5908203125,294,165,55,71
410,206,car,0.78662109375,541,259,77,53
410,97,car,0.49609375,921,245,59,43
410,217,car,0.392333984375,304,206,47,38
410,236,car,0.3310546875,378,197,44,33
410,243,car,0.7041015625,1098,268,52,40
410,135,car,0.6318359375,1041,264,68,48
411,8,car,0.5546875,695,206,31,25
411,17,car,0.896484375,1379,535,324,249
411,38,car,0.89892578125,935,540,282,197
411,72,car,0.85791015625,594,344,138,112
411,74,car,0.8955078125,903,384,163,110
411,91,car,0.8642578125,769,330,141,107
411,119,car,0.82763671875,397,256,78,55
411,185,car,0.642578125,614,289,96,69
411,191,truck,0.546875,1333,304,89,58
411,124,truck,0.57373046875,293,165,55,70
411,206,car,0.7705078125,543,260,77,54
411,97,truck,0.390380859375,919,245,59,44
411,217,car,0.403564453125,304,206,46,37
411,236,car,0.346923828125,379,197,44,33
411,243,car,0.7041015625,1097,268,51,40
411,135,car,0.66015625,1038,263,66,47
412,8,car,0.43017578125,694,205,31,25
412,17,car,0.8662109375,1394,540,329,253
412,38,car,0.84912109375,945,545,287,200
412,72,car,0.861328125,597,346,139,111
412,74,car,0.89013671875,907,386,164,111
412,91,car,0.85009765625,773,331,142,108
412,119,car,0.8232421875,397,256,78,56
412,185,car,0.66015625,613,289,100,70
412,191,truck,0.60400390625,1329,304,87,58
412,124,truck,0.5869140625,294,165,54,71
412,206,car,0.76220703125,543,260,78,54
412,97,truck,0.38671875,917,243,59,45
412,217,car,0.43017578125,305,207,47,35
412,236,car,0.3310546875,379,197,44,33
412,243,car,0.66357421875,1092,267,53,39
412,135,car,0.513671875,1035,262,68,47
413,8,car,0.43212890625,693,205,31,25
413,17,car,0.86328125,1411,546,335,256
413,38,car,0.841796875,954,549,289,203
413,72,car,0.8662109375,600,348,140,111
413,74,car,0.89697265625,913,387,166,111
413,91,car,0.84716796875,777,332,143,109
413,119,car,0.81640625,399,256,78,56
413,185,car,0.60009765625,616,290,100,70
413,191,truck,0.62255859375,1325,303,87,58
413,124,truck,0.56787109375,294,165,55,71
413,206,car,0.73388671875,545,261,80,56
413,97,truck,0.39599609375,916,242,58,45
413,217,car,0.4091796875,306,204,49,40
413,236,car,0.3056640625,379,197,42,33
413,243,car,0.63720703125,1090,267,55,39
413,135,car,0.544921875,1032,262,66,47
414,8,car,0.515625,692,205,32,25
414,17,car,0.888671875,1426,551,341,259
414,38,car,0.884765625,962,554,293,206
414,72,car,0.87255859375,602,348,142,113
414,74,car,0.8818359375,919,388,167,112
414,91,car,0.8310546875,781,334,144,111
414,119,car,0.82568359375,400,257,79,57
414,185,car,0.61865234375,617,289,101,68
414,191,truck,0.6533203125,1322,302,85,58
414,124,truck,0.59619140625,294,166,55,71
414,206,car,0.76904296875,547,261,80,55
414,97,truck,0.392333984375,914,241,59,45
414,217,car,0.42822265625,306,202,49,43
414,236,car,0.303955078125,380,197,42,33
414,243,car,0.66552734375,1088,267,53,39
414,135,car,0.55810546875,1031,261,67,46
414,261,car,0.322509765625,343,187,34,27
415,8,car,0.5078125,692,205,32,25
415,17,car,0.806640625,1443,557,347,261
415,38,car,0.88330078125,972,559,298,210
415,72,car,0.88818359375,605,350,142,114
415,74,car,0.8798828125,925,390,169,113
415,91,car,0.822265625,785,335,144,113
415,119,car,0.8291015625,402,257,80,57
415,185,car,0.611328125,620,289,99,66
415,191,truck,0.6943359375,1318,301,86,59
415,124,truck,0.65478515625,295,166,56,71
415,206,car,0.76904296875,548,261,80,55
415,97,car,0.383056640625,912,241,57,44
415,217,car,0.403564453125,307,202,48,43
415,236,car,0.28466796875,380,197,41,33
415,243,car,0.63330078125,1087,266,52,40
415,135,car,0.615234375,1028,261,66,46
415,261,car,0.322509765625,343,188,35,29
415,262,truck,0.341552734375,913,241,59,44
416,8,car,0.544921875,691,205,30,24
416,17,car,0.74755859375,1460,562,354,267
416,38,car,0.85107421875,981,563,303,214
416,72,car,0.88623046875,608,351,142,116
416,74,car,0.892578125,931,392,170,113
416,91,car,0.7265625,788,336,146,113
416,119,car,0.83740234375,404,258,82,58
416,185,car,0.57568359375,622,290,99,68
416,191,truck,0.689453125,1315,301,86,59
416,124,truck,0.69775390625,296,166,56,72
416,206,car,0.79052734375,549,262,79,55
416,97,truck,0.5546875,911,240,59,47
416,217,car,0.375732421875,308,204,47,40
416,236,car,0.27978515625,381,197,40,34
416,243,car,0.60009765625,1083,266,53,39
416,135,car,0.498046875,1025,260,66,45
416,261,car,0.312255859375,344,188,34,30
417,8,car,0.2393798828125,691,205,31,24
417,17,car,0.7490234375,1478,568,361,272
417,38,car,0.83447265625,990,570,308,216
417,72,car,0.8857421875,611,352,142,117
417,74,car,0.88818359375,937,394,173,113
417,91,car,0.82666015625,793,337,147,113
417,119,car,0.82763671875,405,259,83,58
417,185,car,0.63525390625,625,292,100,72
417,191,truck,0.6533203125,1311,300,86,57
417,124,truck,0.70263671875,296,167,57,72
417,206,car,0.78662109375,550,262,79,55
417,97,truck,0.37744140625,910,240,59,46
417,217,car,0.357666015625,308,206,48,39
417,236,car,0.262939453125,381,197,41,33
417,243,car,0.6279296875,1082,265,51,39
417,135,car,0.55078125,1023,260,65,46
417,261,car,0.281494140625,346,188,36,30
418,8,car,0.2017822265625,690,205,32,24
418,17,car,0.85791015625,1497,574,367,276
418,38,car,0.78125,1001,576,312,217
418,72,car,0.89111328125,614,353,144,119
418,74,car,0.88720703125,942,396,174,115
418,91,car,0.875,797,339,149,114
418,119,car,0.8291015625,407,259,82,58
418,185,car,0.65673828125,625,292,103,70
418,191,truck,0.67578125,1308,300,85,57
418,124,truck,0.7041015625,296,167,56,72
418,206,car,0.7734375,552,263,80,55
418,97,truck,0.4072265625,908,239,59,47
418,217,car,0.287841796875,308,206,47,38
418,236,car,0.25830078125,382,198,42,33
418,243,car,0.6806640625,1080,265,53,39
418,135,car,0.57373046875,1020,260,65,47
418,261,car,0.2421875,346,188,37,29
419,8,car,0.190673828125,690,204,32,25
419,17,car,0.81640625,1516,580,374,281
419,38,car,0.85400390625,1011,582,317,219
419,72,car,0.8818359375,617,355,146,119
419,74,car,0.89306640625,947,399,176,117
419,91,car,0.86083984375,801,340,151,116
419,119,car,0.82421875,408,259,82,58
419,185,car,0.67041015625,627,291,102,68
419,191,truck,0.6318359375,1304,299,86,56
419,124,truck,0.7265625,295,167,56,72
419,206,car,0.77880859375,554,263,80,56
419,97,truck,0.24365234375,906,238,59,47
419,217,car,0.312255859375,310,208,46,36
419,236,car,0.2379150390625,383,197,43,33
419,243,car,0.607421875,1077,264,55,39
419,135,car,0.505859375,1018,259,65,47
419,261,car,0.203125,346,188,36,29
420,8,car,0.1375732421875,689,204,32,25
420,17,car,0.89306640625,1536,587,381,284
420,38,car,0.8447265625,1021,588,323,221
420,72,car,0.87646484375,620,356,147,120
420,74,car,0.89697265625,954,401,177,119
420,91,car,0.85986328125,805,342,151,117
420,119,car,0.83740234375,408,260,82,59
420,185,car,0.63525390625,632,291,97,65
420,191,truck,0.6513671875,1301,298,85,56
420,124,truck,0.75927734375,296,167,56,72
420,206,car,0.78271484375,555,263,82,56
420,97,truck,0.2958984375,904,239,59,46
420,217,car,0.359375,310,208,45,35
420,236,car,0.25390625,383,197,44,34
420,243,car,0.5927734375,1075,264,54,39
420,135,car,0.533203125,1015,258,63,47
420,261,car,0.1778564453125,344,187,37,29
421,8,car,0.132080078125,689,205,31,25
421,17,car,0.64794921875,1556,595,391,287
421,38,car,0.8759765625,1032,594,328,226
421,72,car,0.873046875,623,358,148,122
421,74,car,0.9013671875,960,404,179,120
421,91,car,0.8447265625,809,343,152,118
421,119,car,0.84375,409,261,83,59
421,185,car,0.62060546875,635,292,96,66
421,191,truck,0.6298828125,1297,298,84,55
421,124,truck,0.740234375,296,167,56,72
421,206,car,0.7734375,557,264,82,57
421,97,truck,0.441650390625,902,238,59,46
421,217,car,0.281494140625,311,209,46,35
421,236,car,0.1981201171875,383,197,43,34
421,243,car,0.63720703125,1073,264,56,39
421,135,car,0.57568359375,1013,258,63,46
421,261,car,0.1634521484375,345,186,37,29
422,8,car,0.154052734375,688,205,31,25
422,17,car,0.662109375,1577,602,398,292
422,38,car,0.88623046875,1044,601,332,230
422,72,car,0.87255859375,626,359,149,122
422,74,car,0.89404296875,966,406,180,121
422,91,car,0.875,814,345,153,118
422,119,car,0.83642578125,411,262,83,60
422,185,car,0.60205078125,636,292,99,65
422,191,truck,0.7294921875,1294,297,84,56
422,124,truck,0.7734375,296,167,55,72
422,206,car,0.79052734375,558,264,82,58
422,97,truck,0.276611328125,900,238,57,46
422,217,car,0.2861328125,311,209,46,37
422,236,car,0.2281494140625,384,198,43,34
422,243,car,0.56005859375,1073,264,53,39
422,135,truck,0.420654296875,1012,258,64,46
422,261,car,0.203125,345,187,35,28
423,8,car,0.21728515625,687,205,32,25
423,17,car,0.8056640625,1598,610,408,298
423,38,car,0.892578125,1055,607,338,232
423,72,car,0.8857421875,628,362,151,123
423,74,car,0.89697265625,973,408,182,122
423,91,car,0.87744140625,818,346,155,118
423,119,car,0.82568359375,412,262,84,61
423,185,car,0.69091796875,637,293,102,65
423,191,truck,0.75927734375,1291,297,83,56
423,124,truck,0.76220703125,296,167,55,72
423,206,car,0.7919921875,559,265,83,57
423,97,truck,0.420654296875,899,238,58,45
423,217,car,0.350341796875,313,209,45,37
423,236,car,0.259765625,384,198,42,33
423,243,car,0.59619140625,1071,264,49,39
423,135,truck,0.42431640625,1009,258,64,46
423,261,car,0.2393798828125,345,187,34,27
424,8,car,0.2239990234375,687,205,32,24
424,17,car,0.74462890625,1620,618,418,302
424,38,car,0.89111328125,1066,613,344,236
424,72,car,0.8740234375,631,363,152,123
424,74,car,0.90283203125,979,411,183,123
424,91,car,0.8759765625,823,348,156,120
424,119,car,0.83203125,414,262,83,61
424,185,car,0.673828125,640,293,102,64
424,191,truck,0.70263671875,1287,297,83,56
424,124,truck,0.7607421875,296,167,55,73
424,206,car,0.80419921875,561,266,83,58
424,97,car,0.416748046875,897,238,57,44
424,217,car,0.390380859375,314,208,46,38
424,236,car,0.338134765625,384,198,42,34
424,243,car,0.66357421875,1067,264,53,39
424,135,car,0.556640625,1006,258,63,45
424,261,car,0.287841796875,346,187,34,26
425,8,car,0.24072265625,686,205,32,25
425,17,car,0.8232421875,1643,625,427,309
425,38,car,0.77880859375,1079,620,349,240
425,72,car,0.875,634,365,154,123
425,74,car,0.9072265625,985,413,185,124
425,91,car,0.87841796875,826,350,158,121
425,119,car,0.83447265625,415,263,84,61
425,185,car,0.73095703125,641,293,103,62
425,191,truck,0.6669921875,1283,296,83,56
425,124,truck,0.69091796875,295,167,54,73
425,206,car,0.80908203125,562,266,83,58
425,97,truck,0.322509765625,895,237,57,45
425,217,car,0.2322998046875,314,208,46,38
425,236,car,0.3720703125,385,198,43,34
425,243,car,0.72314453125,1065,263,53,39
425,135,car,0.60400390625,1004,258,63,45
425,261,car,0.32421875,346,187,33,26
426,8,car,0.23095703125,685,205,31,25
426,17,car,0.81396484375,1666,632,434,315
426,38,car,0.89990234375,1091,627,354,243
426,72,car,0.884765625,637,365,155,126
426,74,car,0.9091796875,991,416,186,125
426,91,car,0.8671875,832,352,158,122
426,119,car,0.82763671875,416,264,83,61
426,185,car,0.70068359375,643,293,104,61
426,191,truck,0.640625,1280,296,83,55
426,124,truck,0.69580078125,295,167,54,73
426,206,car,0.77734375,563,266,85,58
426,97,truck,0.36669921875,893,237,56,45
426,217,car,0.1859130859375,315,208,47,39
426,236,car,0.32763671875,385,199,43,34
426,243,car,0.70556640625,1063,263,54,38
426,135,car,0.60009765625,1002,257,62,46
426,261,car,0.294189453125,347,187,33,26
427,8,car,0.2451171875,684,206,31,25
427,17,car,0.76904296875,1691,640,445,323
427,38,car,0.9091796875,1103,634,361,247
427,72,car,0.896484375,641,367,156,129
427,74,car,0.908203125,998,418,188,126
427,91,car,0.8955078125,836,354,159,123
427,119,car,0.82763671875,417,264,84,61
427,185,car,0.6826171875,644,294,107,60
427,191,truck,0.611328125,1276,295,83,56
427,124,truck,0.76220703125,295,167,54,74
427,206,car,0.7958984375,564,267,85,58
427,97,car,0.363037109375,892,237,56,45
427,217,car,0.403564453125,316,210,47,38
427,236,car,0.381103515625,386,199,44,35
427,243,car,0.58154296875,1061,263,54,39
427,135,car,0.484375,999,257,62,46
427,261,car,0.385009765625,347,187,32,25
428,8,car,0.204345703125,684,206,31,26
428,17,car,0.8759765625,1703,649,432,329
428,38,car,0.9111328125,1116,643,368,250
428,72,car,0.8857421875,644,369,156,130
428,74,car,0.89990234375,1004,421,191,127
428,91,car,0.89892578125,840,355,160,123
428,119,car,0.830078125,419,265,85,62
428,185,car,0.69775390625,646,296,107,62
428,191,truck,0.5947265625,1273,295,82,56
428,124,truck,0.77587890625,296,168,54,74
428,206,car,0.79833984375,566,268,86,58
428,97,truck,0.5390625,891,236,56,46
428,217,car,0.445556640625,317,211,48,38
428,236,car,0.4130859375,386,199,44,35
428,243,car,0.638671875,1060,262,54,38
428,135,car,0.49609375,997,257,64,46
428,261,car,0.37744140625,347,188,33,26
429,8,car,0.275146484375,683,206,31,26
429,17,car,0.83544921875,1714,656,411,332
429,38,car,0.90869140625,1130,650,375,254
429,72,car,0.88232421875,647,372,157,128
429,74,car,0.9033203125,1012,423,192,128
429,91,car,0.8896484375,845,357,161,125
429,119,car,0.82666015625,420,266,85,62
429,185,car,0.7705078125,649,297,106,62
429,191,car,0.42431640625,1270,294,82,56
429,124,truck,0.79052734375,296,168,54,74
429,206,car,0.796875,567,269,85,57
429,97,car,0.3720703125,889,237,54,46
429,217,car,0.51953125,318,211,49,37
429,236,car,0.36474609375,386,200,44,36
429,243,car,0.6943359375,1057,262,53,38
429,135,car,0.662109375,995,257,64,45
429,261,car,0.35400390625,347,189,33,28
430,8,car,0.32080078125,683,206,31,26
430,17,car,0.806640625,1724,664,390,330
430,38,car,0.92529296875,1144,657,380,259
430,72,car,0.900390625,650,374,158,129
430,74,car,0.9072265625,1019,426,194,129
430,91,car,0.8916015625,850,359,164,125
430,119,car,0.83642578125,421,267,85,61
430,185,car,0.7607421875,650,297,110,61
430,191,truck,0.556640625,1266,294,82,56
430,124,truck,0.79052734375,296,168,55,74
430,206,car,0.80078125,568,270,85,57
430,97,truck,0.4921875,888,236,55,46
430,217,car,0.548828125,318,212,49,38
430,236,car,0.3720703125,387,200,44,36
430,243,car,0.6689453125,1055,262,54,38
430,135,car,0.5234375,993,257,63,45
430,261,car,0.352294921875,348,191,34,28
431,8,car,0.368408203125,683,206,30,26
431,17,car,0.8388671875,1735,671,368,335
431,38,car,0.93017578125,1159,666,389,265
431,72,car,0.89013671875,653,376,160,131
431,74,car,0.89892578125,1026,429,197,130
431,91,car,0.8955078125,854,361,166,127
431,119,car,0.83984375,423,268,86,61
431,185,car,0.7705078125,652,297,108,59
431,191,truck,0.57763671875,1264,294,81,56
431,124,truck,0.78662109375,297,168,55,74
431,206,car,0.8154296875,570,271,85,58
431,97,car,0.403564453125,887,237,54,46
431,217,car,0.54296875,319,212,50,37
431,236,car,0.437744140625,388,201,43,36
431,243,car,0.7431640625,1053,262,54,38
431,135,car,0.65673828125,990,257,63,45
431,261,car,0.307373046875,349,190,35,26
432,8,car,0.267333984375,682,206,31,26
432,17,car,0.69091796875,1747,681,344,339
432,38,car,0.9189453125,1174,675,397,270
432,72,car,0.884765625,656,378,161,131
432,74,car,0.900390625,1034,432,200,131
432,91,car,0.90478515625,860,362,167,127
432,119,car,0.8427734375,424,268,86,61
432,185,car,0.74609375,655,297,110,58
432,191,truck,0.6318359375,1260,293,80,55
432,124,truck,0.7880859375,297,168,55,74
432,206,car,0.82080078125,572,272,86,58
432,97,truck,0.36474609375,885,237,54,46
432,217,car,0.439697265625,320,212,49,37
432,236,car,0.403564453125,388,201,43,35
432,243,car,0.7265625,1051,262,54,38
432,135,car,0.615234375,988,257,62,44
432,261,car,0.307373046875,349,190,36,24
433,8,car,0.346923828125,681,206,31,25
433,17,car,0.57568359375,1759,692,320,346
433,38,car,0.908203125,1189,684,404,274
433,72,car,0.8857421875,660,379,163,134
433,74,car,0.89990234375,1041,434,201,132
433,91,car,0.90380859375,865,364,168,127
433,119,car,0.8447265625,425,269,88,62
433,185,car,0.75634765625,659,298,111,58
433,191,truck,0.544921875,1257,293,80,55
433,124,truck,0.78662109375,297,168,55,74
433,206,car,0.81982421875,573,272,85,58
433,97,car,0.341552734375,883,236,54,46
433,217,car,0.501953125,321,213,50,36
433,236,car,0.39794921875,388,201,44,35
433,243,car,0.70263671875,1050,262,53,38
433,135,car,0.61669921875,986,257,62,43
433,261,car,0.312255859375,348,190,38,25
434,8,car,0.388671875,681,206,32,25
434,17,car,0.7041015625,1771,701,296,353
434,38,car,0.90966796875,1204,691,412,279
434,72,car,0.888671875,664,381,164,136
434,74,car,0.896484375,1049,437,203,134
434,91,car,0.90380859375,870,366,169,129
434,119,car,0.841796875,427,269,88,63
434,185,car,0.73876953125,662,297,109,56
434,191,truck,0.56982421875,1253,292,80,54
434,124,truck,0.79052734375,297,169,55,75
434,206,car,0.80078125,575,273,86,59
434,97,truck,0.36474609375,881,236,53,46
434,217,car,0.525390625,321,214,50,37
434,236,car,0.3701171875,389,201,44,35
434,243,car,0.7265625,1048,261,52,38
434,135,car,0.5888671875,985,257,62,44
434,261,car,0.29736328125,348,191,39,26
435,8,car,0.42626953125,680,206,31,25
435,17,truck,0.55810546875,1783,712,272,360
435,38,car,0.9033203125,1220,701,421,284
435,72,car,0.892578125,667,383,166,135
435,74,car,0.900390625,1056,440,206,136
435,91,car,0.89990234375,875,369,170,131
435,119,car,0.8388671875,428,270,88,63
435,185,car,0.7841796875,665,299,109,58
435,191,truck,0.68408203125,1250,292,80,55
435,124,truck,0.79296875,297,169,55,75
435,206,car,0.806640625,577,273,88,59
435,97,truck,0.361083984375,880,237,54,45
435,217,car,0.615234375,322,214,50,37
435,236,car,0.43017578125,389,202,44,36
435,243,car,0.56201171875,1045,261,53,38
435,135,car,0.56201171875,982,256,60,44
435,261,car,0.287841796875,348,190,40,27
436,8,car,0.34521484375,680,206,31,25
436,17,truck,0.73583984375,1797,724,245,369
436,38,car,0.9287109375,1236,711,429,290
436,72,car,0.89501953125,671,385,167,136
436,74,car,0.9013671875,1063,443,209,137
436,91,car,0.90380859375,880,370,171,132
436,119,car,0.82763671875,429,270,88,64
436,185,car,0.78662109375,666,300,109,57
436,191,truck,0.60009765625,1247,292,80,54
436,124,truck,0.79052734375,297,170,56,75
436,206,car,0.80322265625,578,274,88,59
436,97,car,0.29248046875,878,236,55,45
436,217,car,0.64599609375,323,214,51,37
436,236,car,0.385009765625,389,202,44,36
436,243,car,0.60400390625,1043,261,53,38
436,135,car,0.5830078125,980,256,62,44
436,261,car,0.2509765625,347,189,40,28
437,8,car,0.25830078125,679,206,31,25
437,17,truck,0.83447265625,1810,736,218,376
437,38,car,0.8798828125,1254,721,439,296
437,72,car,0.8896484375,675,388,168,137
437,74,car,0.89990234375,1071,447,211,138
437,91,car,0.9091796875,885,372,173,133
437,119,car,0.81640625,430,271,89,64
437,185,car,0.7880859375,669,301,108,58
437,191,truck,0.42822265625,1244,292,79,54
437,124,truck,0.7880859375,298,170,56,76
437,206,car,0.80908203125,579,274,88,59
437,97,truck,0.37744140625,877,236,54,45
437,217,car,0.65478515625,324,214,51,37
437,236,car,0.42431640625,389,203,43,36
437,243,car,0.6669921875,1042,261,53,38
437,135,car,0.39990234375,977,256,62,45
437,261,car,0.291015625,348,189,39,28
437,272,car,0.4130859375,1245,292,78,54
438,8,car,0.273681640625,679,206,31,24
438,17,car,0.5869140625,1825,741,188,373
438,38,car,0.91552734375,1272,731,448,302
438,72,car,0.89111328125,679,390,170,139
438,74,car,0.90966796875,1079,450,215,140
438,91,car,0.89306640625,891,374,175,134
438,119,car,0.81298828125,431,272,91,64
438,185,car,0.7548828125,671,302,111,61
438,191,truck,0.57763671875,1241,292,79,54
438,124,truck,0.79052734375,298,170,56,76
438,206,car,0.80810546875,581,275,88,60
438,97,truck,0.405517578125,875,235,55,45
438,217,car,0.64404296875,324,214,52,38
438,236,car,0.4072265625,389,203,43,36
438,243,car,0.55078125,1039,261,54,38
438,135,car,0.470703125,975,256,62,45
438,261,car,0.299072265625,350,189,37,28
438,275,truck,0.33984375,976,256,62,45
439,8,car,0.29736328125,678,206,31,24
439,17,car,0.556640625,1840,736,158,348
439,38,car,0.900390625,1291,742,459,308
439,72,car,0.89892578125,682,391,171,142
439,74,car,0.90283203125,1088,452,216,144
439,91,car,0.89697265625,896,377,176,137
439,119,car,0.83203125,433,273,90,63
439,185,car,0.75927734375,674,303,112,61
439,191,truck,0.60595703125,1238,291,79,54
439,124,truck,0.7958984375,298,170,56,75
439,206,car,0.82666015625,582,277,88,61
439,97,truck,0.43017578125,874,236,56,44
439,217,car,0.66015625,325,215,53,39
439,236,car,0.552734375,390,203,44,36
439,243,car,0.72021484375,1038,261,53,37
439,135,car,0.474609375,973,255,62,46
439,261,car,0.37744140625,351,189,37,27
439,277,car,0.363037109375,125,167,31,26
440,8,car,0.352294921875,678,206,31,24
440,17,truck,0.449462890625,1856,738,127,334
440,38,car,0.91943359375,1310,753,469,315
440,72,car,0.89990234375,684,393,174,143
440,74,car,0.90185546875,1097,456,217,144
440,91,car,0.896484375,902,379,178,138
440,119,car,0.83544921875,435,274,90,64
440,185,car,0.7705078125,676,304,112,62
440,191,truck,0.5,1235,291,80,54
440,124,truck,0.7607421875,298,171,56,75
440,206,car,0.8388671875,584,277,87,61
440,97,truck,0.484375,872,235,55,45
440,217,car,0.6318359375,326,215,53,40
440,236,car,0.5869140625,390,204,43,36
440,243,car,0.64794921875,1036,260,53,37
440,135,car,0.451416015625,970,255,62,45
440,261,car,0.445556640625,351,189,36,26
440,277,car,0.352294921875,126,167,32,25
441,8,car,0.439697265625,677,206,30,24
441,17,car,0.71533203125,1871,748,95,330
441,38,car,0.9091796875,1330,764,480,322
441,72,car,0.89697265625,688,396,176,143
441,74,car,0.89697265625,1106,459,221,145
441,91,car,0.91162109375,907,381,179,140
441,119,car,0.8408203125,436,275,90,64
441,185,car,0.8017578125,679,307,113,66
441,191,truck,0.443603515625,1232,290,78,53
441,124,truck,0.77734375,299,170,56,75
441,206,car,0.82568359375,585,277,88,61
441,97,truck,0.5908203125,871,235,56,47
441,217,car,0.6298828125,326,215,53,41
441,236,car,0.61669921875,390,204,43,35
441,243,car,0.7265625,1034,260,51,36
441,135,car,0.4765625,968,255,61,45
441,261,car,0.4111328125,351,190,36,25
441,277,car,0.322509765625,126,167,32,25
442,8,car,0.36474609375,676,206,30,24
442,17,car,0.66015625,1889,764,61,323
442,38,car,0.87744140625,1350,778,492,329
442,72,car,0.8984375,692,398,176,143
442,74,car,0.8974609375,1114,463,224,146
442,91,car,0.89111328125,913,382,181,140
442,119,car,0.85205078125,438,275,91,63
442,185,car,0.740234375,681,312,116,74
442,191,truck,0.546875,1229,290,78,53
442,124,truck,0.75927734375,299,171,56,75
442,206,car,0.82763671875,587,278,88,62
442,97,truck,0.4609375,868,234,56,46
442,217,car,0.63525390625,327,216,53,39
442,236,car,0.57568359375,391,204,43,35
442,243,car,0.73876953125,1033,260,53,36
442,135,car,0.5,967,255,61,45
442,261,car,0.359375,351,191,36,25
442,277,car,0.32421875,126,167,34,26
443,8,car,0.32763671875,675,206,31,24
443,17,truck,0.172119140625,1902,790,30,291
443,38,car,0.9189453125,1372,789,506,335
443,72,car,0.8896484375,697,400,177,144
443,74,car,0.89892578125,1122,466,225,146
443,91,car,0.90478515625,919,385,182,142
443,119,car,0.85888671875,439,276,91,64
443,185,car,0.75634765625,684,312,116,72
443,191,truck,0.6279296875,1226,290,77,53
443,124,truck,0.7880859375,299,171,56,76
443,206,car,0.83447265625,588,279,89,62
443,97,truck,0.642578125,868,234,55,46
443,217,car,0.69091796875,328,217,53,38
443,236,car,0.4921875,391,205,44,35
443,243,car,0.71240234375,1031,260,51,36
443,135,car,0.48828125,964,255,60,44
443,261,car,0.325927734375,352,192,37,27
443,277,car,0.392333984375,127,168,35,26
444,8,car,0.281494140625,675,206,31,24
444,38,car,0.87060546875,1395,802,518,342
444,72,car,0.89892578125,701,403,178,145
444,74,car,0.9208984375,1132,470,228,148
444,91,car,0.9033203125,926,387,185,143
444,119,car,0.84716796875,441,277,90,64
444,185,car,0.79443359375,687,312,116,71
444,191,truck,0.501953125,1223,289,77,52
444,124,truck,0.8017578125,299,171,56,76
444,206,car,0.83203125,590,279,90,63
444,97,truck,0.226806640625,866,234,57,46
444,217,car,0.70263671875,330,218,54,37
444,236,car,0.486328125,392,205,44,35
444,243,car,0.76220703125,1029,260,52,36
444,135,car,0.61669921875,962,254,60,43
444,261,car,0.2783203125,352,192,36,27
444,277,car,0.401611328125,127,168,37,26
445,8,car,0.4072265625,674,206,31,24
445,38,car,0.90283203125,1418,814,531,349
445,72,car,0.90185546875,705,404,180,146
445,74,car,0.927734375,1141,473,233,149
445,91,car,0.90869140625,931,388,186,143
445,119,car,0.84716796875,442,278,92,65
445,185,car,0.83740234375,689,313,117,70
445,191,truck,0.517578125,1220,288,76,52
445,124,truck,0.81640625,299,171,56,76
445,206,car,0.83984375,591,279,90,62
445,97,truck,0.267333984375,865,235,55,43
445,217,car,0.72021484375,331,218,53,38
445,236,car,0.501953125,392,205,45,35
445,243,car,0.7705078125,1027,260,52,36
445,135,car,0.494140625,961,254,59,42
445,261,car,0.299072265625,352,192,36,28
445,277,car,0.33642578125,128,168,37,26
446,8,car,0.43212890625,673,206,30,24
446,38,car,0.9208984375,1442,827,546,358
446,72,car,0.8896484375,710,407,182,148
446,74,car,0.91064453125,1151,476,234,151
446,91,car,0.90966796875,937,391,188,145
446,119,car,0.8447265625,445,278,92,65
446,185,car,0.8408203125,692,314,117,72
446,191,truck,0.521484375,1217,287,75,52
446,124,truck,0.81982421875,300,171,57,77
446,206,car,0.8310546875,593,280,90,63
446,97,car,0.291015625,863,235,54,41
446,217,car,0.7294921875,331,218,53,37
446,236,car,0.521484375,393,205,45,35
446,243,car,0.70263671875,1025,259,51,36
446,135,car,0.443603515625,958,254,59,42
446,261,car,0.303955078125,351,192,36,28
446,277,car,0.303955078125,130,168,38,26
447,8,car,0.355712890625,673,206,30,24
447,38,car,0.908203125,1467,842,561,366
447,72,car,0.888671875,714,408,183,151
447,74,car,0.908203125,1161,480,236,154
447,91,car,0.88623046875,944,393,190,147
447,119,car,0.84814453125,446,279,92,67
447,185,car,0.8232421875,695,315,118,73
447,191,truck,0.56396484375,1215,287,74,52
447,124,truck,0.83203125,300,171,57,77
447,206,car,0.8291015625,595,281,91,64
447,97,truck,0.352294921875,862,235,54,42
447,217,car,0.73095703125,332,218,52,38
447,236,car,0.48828125,393,205,46,36
447,243,car,0.7578125,1024,259,51,36
447,135,car,0.529296875,957,253,59,42
447,261,car,0.3056640625,352,193,37,28
447,277,car,0.259765625,131,168,39,26
448,8,car,0.2294921875,672,206,31,24
448,38,car,0.9130859375,1494,857,577,375
448,72,car,0.89892578125,718,409,185,154
448,74,car,0.9208984375,1170,483,241,156
448,91,car,0.90576171875,950,395,191,148
448,119,car,0.845703125,448,280,94,67
448,185,car,0.82763671875,698,315,117,72
448,191,truck,0.63525390625,1211,287,74,53
448,124,truck,0.8388671875,300,171,57,77
448,206,car,0.822265625,596,282,92,64
448,97,car,0.403564453125,860,235,53,42
448,217,car,0.72802734375,333,219,52,38
448,236,car,0.505859375,394,205,45,36
448,243,car,0.62255859375,1022,258,50,36
448,135,car,0.43408203125,955,253,59,43
448,261,car,0.25830078125,352,193,37,29
448,277,car,0.1571044921875,132,168,39,26
449,8,car,0.2108154296875,671,205,31,24
449,38,car,0.908203125,1521,871,594,381
449,72,car,0.8857421875,722,411,187,157
449,74,car,0.92138671875,1181,487,243,158
449,91,car,0.88818359375,957,398,194,149
449,119,car,0.84814453125,449,280,94,67
449,185,car,0.82421875,700,315,118,72
449,191,truck,0.63330078125,1209,286,73,53
449,124,truck,0.83203125,300,171,57,78
449,206,car,0.822265625,598,282,93,64
449,97,car,0.3701171875,859,234,52,42
449,217,car,0.7490234375,333,219,51,38
449,236,car,0.5,394,205,44,36
449,243,car,0.71240234375,1020,258,50,36
449,135,car,0.447509765625,953,252,61,42
449,261,car,0.2509765625,352,193,37,28
449,277,car,0.23095703125,133,168,39,26
450,8,car,0.2147216796875,671,205,31,24
450,38,car,0.888671875,1551,882,614,381
450,72,car,0.90380859375,726,413,187,159
450,74,car,0.92578125,1190,490,246,159
450,91,car,0.89501953125,963,400,196,150
450,119,car,0.84375,450,281,94,68
450,185,car,0.8427734375,703,316,119,73
450,191,car,0.414794921875,1206,285,73,52
450,124,truck,0.8291015625,300,171,57,78
450,206,car,0.82421875,600,282,93,64
450,97,car,0.35400390625,857,233,53,43
450,217,car,0.73388671875,334,219,51,38
450,236,car,0.498046875,394,205,44,36
450,243,car,0.73388671875,1018,257,50,36
450,135,car,0.6259765625,951,251,61,42
450,261,car,0.26123046875,353,193,35,27
450,277,car,0.22265625,134,168,38,26
450,283,truck,0.341552734375,858,233,53,43
451,8,car,0.2239990234375,670,205,31,24
451,38,car,0.89404296875,1581,890,630,373
451,72,car,0.9033203125,731,417,189,157
451,74,car,0.91845703125,1201,494,249,161
451,91,car,0.91064453125,969,401,199,151
451,119,car,0.83984375,452,282,95,68
451,185,car,0.81982421875,705,317,121,73
451,191,truck,0.52734375,1203,285,74,51
451,124,truck,0.81884765625,300,171,57,78
451,206,car,0.83447265625,602,283,93,64
451,97,truck,0.26904296875,856,233,53,44
451,217,car,0.7265625,335,220,52,39
451,236,car,0.50390625,395,206,45,36
451,243,car,0.77587890625,1017,257,50,36
451,135,car,0.59619140625,949,251,60,41
451,261,car,0.2783203125,355,193,35,27
451,277,car,0.1778564453125,135,168,39,26
451,283,car,0.2783203125,856,234,52,41
452,8,car,0.1500244140625,670,205,30,24
452,38,car,0.88818359375,1603,896,633,360
452,72,car,0.89697265625,736,418,191,160
452,74,car,0.91552734375,1212,498,254,163
452,91,car,0.89111328125,977,404,200,153
452,119,car,0.84814453125,454,282,96,69
452,185,car,0.81298828125,708,318,121,75
452,191,truck,0.5888671875,1201,284,74,51
452,124,truck,0.81884765625,300,171,57,78
452,206,car,0.8408203125,604,284,93,64
452,97,truck,0.363037109375,855,232,54,44
452,217,car,0.716796875,336,220,52,38
452,236,car,0.51171875,395,205,45,36
452,243,car,0.66015625,1015,256,50,36
452,135,car,0.525390625,946,251,60,42
452,261,car,0.273681640625,356,193,34,27
452,277,car,0.18359375,136,168,40,26
453,8,car,0.11676025390625,670,204,30,24
453,38,car,0.91064453125,1613,902,612,348
453,72,car,0.89306640625,740,420,193,161
453,74,car,0.91259765625,1223,502,257,164
453,91,car,0.9033203125,983,406,201,155
453,119,car,0.8427734375,455,282,96,69
453,185,car,0.8310546875,711,319,121,75
453,191,truck,0.59619140625,1197,284,73,52
453,124,truck,0.83447265625,301,171,58,78
453,206,car,0.85205078125,605,284,93,64
453,97,truck,0.1143798828125,853,232,54,43
453,217,car,0.7265625,336,220,52,38
453,236,car,0.521484375,395,205,45,36
453,243,car,0.689453125,1013,256,50,36
453,135,car,0.56591796875,944,251,60,42
453,261,car,0.24658203125,356,193,33,27
453,277,car,0.24365234375,136,168,40,25
454,8,car,0.2421875,670,203,29,24
454,38,car,0.908203125,1625,908,589,333
454,72,car,0.875,745,422,194,164
454,74,car,0.91650390625,1234,506,260,167
454,91,car,0.89892578125,990,408,203,156
454,119,car,0.83984375,456,283,96,69
454,185,car,0.83447265625,714,321,121,76
454,191,truck,0.5830078125,1195,283,74,52
454,124,truck,0.82666015625,301,171,59,79
454,206,car,0.84375,607,285,93,64
454,97,car,0.3056640625,852,233,53,39
454,217,car,0.70263671875,338,219,53,38
454,236,car,0.5234375,396,205,45,37
454,243,car,0.56201171875,1011,256,50,36
454,135,truck,0.385009765625,943,250,59,41
454,261,car,0.273681640625,355,193,34,27
454,277,car,0.315673828125,137,168,41,25
455,8,car,0.2493896484375,669,203,30,24
455,38,car,0.91650390625,1636,915,566,318
455,72,car,0.83642578125,750,425,197,164
455,74,car,0.91552734375,1245,510,263,169
455,91,car,0.8955078125,998,410,206,158
455,119,car,0.83642578125,458,283,96,69
455,185,car,0.751953125,717,323,122,80
455,191,car,0.49609375,1191,282,74,51
455,124,truck,0.8056640625,302,170,60,80
455,206,car,0.845703125,608,285,94,65
455,97,truck,0.443603515625,850,232,54,42
455,217,car,0.71533203125,338,219,53,38
455,236,car,0.46875,396,205,45,37
455,243,car,0.62451171875,1009,254,50,37
455,135,car,0.55078125,941,249,58,40
455,261,car,0.29736328125,355,192,35,27
455,277,car,0.264404296875,138,168,39,25
456,8,car,0.236572265625,668,202,30,24
456,38,car,0.908203125,1649,923,541,305
456,72,car,0.7490234375,755,427,200,166
456,74,car,0.90283203125,1257,514,268,170
456,91,car,0.88720703125,1004,413,207,160
456,119,car,0.8408203125,459,284,96,70
456,185,car,0.8056640625,721,322,123,79
456,191,car,0.546875,1189,282,74,51
456,124,truck,0.79296875,302,170,61,80
456,206,car,0.830078125,610,286,94,65
456,97,truck,0.447509765625,849,231,53,43
456,217,car,0.71044921875,340,219,54,38
456,236,car,0.422607421875,396,205,47,38
456,243,car,0.69775390625,1007,253,50,37
456,135,car,0.62451171875,939,249,57,40
456,261,car,0.264404296875,355,192,36,27
456,277,car,0.32421875,139,168,38,25
457,8,car,0.236572265625,668,202,30,24
457,38,car,0.8974609375,1663,930,513,289
457,72,car,0.8642578125,760,431,202,166
457,74,car,0.908203125,1269,519,272,172
457,91,car,0.91064453125,1012,416,209,162
457,119,car,0.85400390625,462,285,96,69
457,185,car,0.82080078125,724,323,123,80
457,191,truck,0.537109375,1186,281,72,51
457,124,truck,0.81396484375,303,170,61,80
457,206,car,0.830078125,612,286,94,65
457,97,truck,0.517578125,847,230,52,44
457,217,car,0.740234375,341,219,54,38
457,236,car,0.521484375,397,205,48,38
457,243,car,0.68603515625,1006,253,49,37
457,135,car,0.60205078125,937,248,57,40
457,261,car,0.25390625,356,191,37,27
457,277,car,0.2379150390625,140,168,36,24
458,8,car,0.193115234375,667,202,30,23
458,38,car,0.8974609375,1678,938,483,272
458,72,car,0.8955078125,765,434,204,168
458,74,car,0.91748046875,1281,523,276,174
458,91,car,0.92822265625,1019,418,212,162
458,119,car,0.85205078125,463,285,98,70
458,185,car,0.7958984375,727,325,124,82
458,191,truck,0.58154296875,1183,281,72,51
458,124,truck,0.80908203125,303,170,61,80
458,206,car,0.8291015625,614,287,94,66
458,97,truck,0.548828125,845,229,51,44
458,217,car,0.7216796875,341,219,54,38
458,236,car,0.56396484375,398,205,48,37
458,243,car,0.75927734375,1004,253,50,37
458,135,car,0.64599609375,935,248,56,41
458,261,car,0.265869140625,356,191,38,26
458,277,car,0.3056640625,140,168,36,24
459,8,car,0.1634521484375,666,201,31,23
459,38,car,0.908203125,1692,946,455,256
459,72,car,0.90380859375,770,436,206,169
459,74,car,0.923828125,1293,528,281,176
459,91,car,0.9072265625,1026,420,214,165
459,119,car,0.85302734375,465,286,98,70
459,185,car,0.82421875,731,326,125,83
459,191,truck,0.4091796875,1180,280,71,50
459,124,truck,0.8291015625,303,170,62,80
459,206,car,0.83984375,616,287,95,67
459,97,truck,0.416748046875,844,229,52,44
459,217,car,0.73583984375,342,219,54,38
459,236,car,0.57958984375,398,205,48,37
459,243,car,0.751953125,1002,253,50,37
459,135,car,0.71240234375,933,248,56,41
459,261,car,0.294189453125,356,191,39,25
459,277,car,0.35400390625,141,168,36,24
460,8,car,0.1871337890625,665,201,30,22
460,38,car,0.89697265625,1706,954,427,238
460,72,car,0.93359375,775,439,208,171
460,74,car,0.9228515625,1306,532,285,178
460,91,car,0.83740234375,1034,422,216,166
460,119,car,0.85205078125,466,286,97,71
460,185,car,0.85205078125,734,327,128,83
460,191,truck,0.42626953125,1177,280,71,50
460,124,truck,0.83544921875,303,170,61,80
460,206,car,0.83203125,618,287,95,67
460,97,truck,0.4609375,843,228,51,45
460,217,car,0.740234375,343,219,53,38
460,236,car,0.513671875,399,205,47,38
460,243,car,0.658203125,1000,253,48,37
460,135,car,0.546875,930,248,56,41
460,261,car,0.184814453125,357,191,39,28
460,277,car,0.27978515625,141,168,36,24
461,8,car,0.2213134765625,664,201,30,22
461,38,car,0.84912109375,1724,963,391,218
461,72,car,0.92041015625,780,441,210,172
461,74,car,0.9267578125,1319,537,289,181
461,91,car,0.8896484375,1043,425,218,168
461,119,car,0.85205078125,468,287,97,71
461,185,car,0.85693359375,737,327,129,82
461,191,truck,0.455078125,1175,279,71,50
461,124,truck,0.8408203125,303,170,61,80
461,206,car,0.83544921875,620,288,96,68
461,97,truck,0.302490234375,842,227,52,44
461,217,car,0.72802734375,345,219,55,38
461,236,car,0.544921875,400,204,46,38
461,243,car,0.7490234375,998,252,48,36
461,135,car,0.69580078125,930,247,56,40
461,261,car,0.184814453125,357,192,38,31
461,277,car,0.12939453125,143,168,36,25
462,8,car,0.275146484375,664,201,30,23
462,38,car,0.7841796875,1739,968,360,205
462,72,car,0.91259765625,785,444,211,175
462,74,car,0.923828125,1332,542,293,184
462,91,car,0.87744140625,1050,427,221,170
462,119,car,0.85400390625,470,287,97,71
462,185,car,0.84814453125,740,328,128,83
462,191,truck,0.67041015625,1172,279,72,50
462,124,truck,0.8427734375,303,170,62,80
462,206,car,0.8427734375,622,288,97,68
462,97,truck,0.37744140625,841,227,51,43
462,217,car,0.732421875,346,219,54,38
462,236,car,0.505859375,400,204,46,38
462,243,car,0.60400390625,997,251,47,36
462,135,car,0.462890625,927,246,57,40
462,261,car,0.132080078125,358,191,37,29
462,277,car,0.1981201171875,144,168,36,25
463,8,car,0.2783203125,664,200,29,23
463,38,car,0.86083984375,1758,984,322,179
463,72,car,0.91650390625,790,446,214,177
463,74,car,0.92822265625,1346,546,297,187
463,91,car,0.8818359375,1059,430,222,170
463,119,car,0.861328125,472,287,98,71
463,185,car,0.85009765625,742,329,128,83
463,191,truck,0.5869140625,1169,278,72,50
463,124,truck,0.8447265625,304,170,62,79
463,206,car,0.84375,624,289,98,69
463,97,truck,0.447509765625,840,227,51,43
463,217,car,0.7490234375,347,220,55,39
463,236,car,0.52734375,401,204,46,38
463,243,car,0.69287109375,995,250,49,36
463,135,car,0.57568359375,925,246,57,40
463,261,car,0.203125,358,191,36,28
463,277,car,0.1634521484375,144,167,36,26
464,8,car,0.2421875,664,200,29,23
464,38,car,0.85302734375,1777,997,284,156
464,72,car,0.916015625,796,449,216,181
464,74,car,0.9208984375,1360,550,302,190
464,91,car,0.87890625,1067,433,225,173
464,119,car,0.861328125,474,288,100,71
464,185,car,0.8310546875,746,331,129,83
464,191,truck,0.486328125,1167,277,72,50
464,124,truck,0.845703125,304,170,63,79
464,206,car,0.84716796875,626,290,99,70
464,97,truck,0.405517578125,838,227,52,43
464,217,car,0.78271484375,348,220,55,39
464,236,car,0.57177734375,402,204,45,38
464,243,car,0.68603515625,994,250,48,36
464,135,car,0.533203125,923,246,57,40
464,261,car,0.24072265625,359,190,36,30
464,277,car,0.19189453125,146,167,35,25
465,8,car,0.236572265625,663,200,30,23
465,38,car,0.441650390625,1798,1009,243,136
465,72,car,0.916015625,801,452,218,184
465,74,car,0.921875,1374,556,308,193
465,91,car,0.888671875,1075,436,229,174
465,119,car,0.85595703125,476,289,101,72
465,185,car,0.8447265625,748,332,129,85
465,191,car,0.455078125,1164,277,71,50
465,124,truck,0.84716796875,304,170,63,79
465,206,car,0.84814453125,627,290,99,70
465,97,truck,0.437744140625,837,226,51,43
465,217,car,0.763671875,349,220,56,39
465,236,car,0.52734375,402,204,45,39
465,243,car,0.72021484375,992,250,50,36
465,135,car,0.662109375,922,245,56,40
465,261,car,0.236572265625,359,191,35,29
465,277,car,0.29248046875,146,167,36,25
466,8,car,0.24658203125,662,200,30,23
466,38,motorcycle,0.182373046875,1821,1022,196,110
466,72,car,0.91845703125,807,455,220,186
466,74,car,0.91748046875,1389,561,314,194
466,91,car,0.8154296875,1083,439,231,175
466,119,car,0.86083984375,477,290,102,72
466,185,car,0.84375,752,333,130,85
466,191,truck,0.4091796875,1162,276,71,50
466,124,truck,0.841796875,305,170,64,80
466,206,car,0.84814453125,629,291,99,70
466,97,truck,0.32421875,835,227,53,41
466,217,car,0.767578125,350,220,58,40
466,236,car,0.51171875,403,204,45,39
466,243,car,0.68408203125,990,250,49,36
466,135,car,0.5947265625,920,245,56,40
466,261,car,0.282958984375,360,191,36,28
466,277,car,0.23095703125,147,167,36,26
466,287,car,0.385009765625,1162,276,70,50
467,8,car,0.31396484375,662,200,31,23
467,72,car,0.9091796875,813,458,222,187
467,74,car,0.921875,1404,568,320,197
467,91,car,0.91552734375,1092,443,233,177
467,119,car,0.85400390625,479,290,102,73
467,185,car,0.84716796875,755,334,130,85
467,191,car,0.466796875,1159,276,69,50
467,124,truck,0.83447265625,306,170,63,80
467,206,car,0.861328125,631,292,99,70
467,97,truck,0.470703125,834,226,51,42
467,217,car,0.76904296875,351,221,58,40
467,236,car,0.529296875,403,205,45,39
467,243,car,0.7138671875,989,250,49,36
467,135,car,0.69775390625,918,244,56,39
467,261,car,0.216064453125,359,192,39,28
467,277,car,0.28466796875,148,167,35,25
468,8,car,0.259765625,661,200,30,23
468,72,car,0.91162109375,819,460,224,190
468,74,car,0.923828125,1419,573,325,199
468,91,car,0.91064453125,1101,445,235,180
468,119,car,0.86083984375,481,291,103,74
468,185,car,0.8447265625,758,335,131,85
468,191,car,0.54296875,1156,275,69,49
468,124,truck,0.82666015625,306,170,63,80
468,206,car,0.85498046875,633,292,100,70
468,97,truck,0.273681640625,832,226,51,42
468,217,car,0.7734375,352,221,58,41
468,236,car,0.533203125,404,204,47,39
468,243,car,0.70751953125,987,250,50,35
468,135,car,0.5546875,916,244,55,37
468,261,car,0.16455078125,359,191,39,28
468,277,car,0.262939453125,148,166,34,25
469,8,car,0.26123046875,661,200,30,23
469,72,car,0.90869140625,825,463,227,193
469,74,car,0.931640625,1435,579,330,202
469,91,car,0.89501953125,1110,449,239,182
469,119,car,0.86083984375,483,291,103,74
469,185,car,0.85693359375,763,337,133,86
469,191,truck,0.435791015625,1154,275,69,49
469,124,truck,0.82421875,306,170,63,80
469,206,car,0.85986328125,635,293,100,70
469,97,truck,0.505859375,831,226,51,42
469,217,car,0.7890625,353,221,57,41
469,236,car,0.56982421875,404,204,48,39
469,243,car,0.73095703125,985,250,48,35
469,135,car,0.521484375,915,243,56,38
469,261,car,0.11199951171875,359,190,40,29
469,277,car,0.29248046875,150,167,34,26
470,8,car,0.24365234375,661,200,30,23
470,72,car,0.91162109375,832,467,230,195
470,74,car,0.92431640625,1452,585,336,206
470,91,car,0.87255859375,1120,452,242,183
470,119,car,0.8623046875,484,292,102,74
470,185,car,0.85693359375,766,339,134,88
470,191,truck,0.494140625,1151,274,69,50
470,124,truck,0.8427734375,306,170,63,80
470,206,car,0.8681640625,637,294,101,70
470,97,truck,0.414794921875,829,225,50,44
470,217,car,0.78271484375,354,221,55,40
470,236,car,0.55078125,404,205,48,39
470,243,car,0.763671875,983,249,48,34
470,135,car,0.56787109375,912,243,54,38
470,261,car,0.11920166015625,359,190,41,30
470,277,car,0.3173828125,150,167,34,25
471,8,car,0.2322998046875,660,200,31,24
471,72,car,0.91748046875,838,470,233,197
471,74,car,0.9248046875,1469,591,343,208
471,91,car,0.85888671875,1131,455,247,186
471,119,car,0.8642578125,486,293,103,74
471,185,car,0.861328125,770,340,135,89
471,191,truck,0.541015625,1149,274,68,50
471,124,truck,0.86083984375,306,170,63,80
471,206,car,0.8642578125,639,294,102,71
471,97,truck,0.42431640625,828,225,52,44
471,217,car,0.79931640625,355,222,55,40
471,236,car,0.60009765625,405,205,47,40
471,243,car,0.740234375,982,249,48,35
471,135,car,0.61328125,910,243,54,39
471,261,car,0.22265625,360,190,37,29
471,277,car,0.31396484375,151,166,34,25
472,8,car,0.195556640625,659,200,31,24
472,72,car,0.9150390625,844,474,238,198
472,74,car,0.92529296875,1486,598,351,211
472,91,car,0.88720703125,1140,458,249,188
472,119,car,0.86083984375,488,293,104,74
472,185,car,0.861328125,773,341,135,90
472,191,truck,0.5078125,1146,273,68,49
472,124,truck,0.8662109375,306,170,64,80
472,206,car,0.865234375,642,295,102,71
472,97,truck,0.36669921875,827,225,51,43
472,217,car,0.7890625,356,222,55,40
472,236,car,0.59619140625,406,206,47,39
472,243,car,0.7373046875,981,249,48,35
472,135,car,0.56396484375,909,243,54,39
472,261,car,0.21337890625,362,190,36,29
472,277,car,0.33984375,153,166,34,26
473,8,car,0.2705078125,658,200,31,25
473,72,car,0.916015625,850,478,241,201
473,74,car,0.931640625,1505,605,356,216
473,91,car,0.88330078125,1149,462,252,190
473,119,car,0.87158203125,490,294,105,75
473,185,car,0.8759765625,776,343,136,91
473,191,car,0.46484375,1144,273,68,49
473,124,truck,0.8681640625,307,170,64,80
473,206,car,0.86962890625,643,296,103,72
473,97,truck,0.235107421875,825,224,51,43
473,217,car,0.78271484375,356,223,54,41
473,236,car,0.6318359375,406,206,47,39
473,243,car,0.73388671875,979,249,48,35
473,135,car,0.5888671875,908,242,54,38
473,261,car,0.18359375,361,190,37,29
473,277,car,0.418701171875,153,167,35,26
474,8,car,0.21728515625,658,200,31,25
474,72,car,0.90869140625,857,481,243,204
474,74,car,0.9267578125,1523,611,364,219
474,91,car,0.8955078125,1160,466,254,192
474,119,car,0.8759765625,492,295,106,76
474,185,car,0.87255859375,780,345,136,92
474,191,truck,0.45703125,1141,273,68,49
474,124,truck,0.87841796875,307,171,64,81
474,206,car,0.87060546875,645,297,102,72
474,97,truck,0.26123046875,823,225,51,43
474,217,car,0.7880859375,357,223,54,41
474,236,car,0.6318359375,407,207,47,39
474,243,car,0.7265625,978,249,48,35
474,135,car,0.66357421875,906,242,54,39
474,261,car,0.276611328125,362,190,37,29
474,277,car,0.375732421875,154,167,35,26
474,288,car,0.43212890625,1142,273,69,49
475,8,car,0.28466796875,658,200,30,24
475,72,car,0.9140625,865,485,245,206
475,74,car,0.93017578125,1542,618,371,222
475,91,car,0.86328125,1170,470,257,195
475,119,car,0.86962890625,494,296,106,76
475,185,car,0.873046875,784,347,138,93
475,191,car,0.435791015625,1139,272,68,48
475,124,truck,0.88232421875,307,171,64,81
475,206,car,0.8662109375,648,298,103,73
475,97,truck,0.482421875,823,225,50,43
475,217,car,0.79833984375,358,224,55,42
475,236,car,0.61865234375,407,207,47,39
475,243,car,0.7265625,976,249,47,35
475,135,car,0.529296875,904,242,54,39
475,261,car,0.2322998046875,362,191,38,28
475,277,car,0.275146484375,155,168,36,26
475,288,truck,0.420654296875,1140,272,68,48
476,8,car,0.346923828125,657,200,30,24
476,72,car,0.91748046875,872,489,248,208
476,74,car,0.92822265625,1561,626,379,225
476,91,car,0.88818359375,1180,474,260,196
476,119,car,0.8623046875,495,297,108,77
476,185,car,0.87646484375,787,349,138,94
476,191,truck,0.4111328125,1136,272,68,48
476,124,truck,0.87890625,307,171,64,82
476,206,car,0.8759765625,650,299,104,73
476,97,truck,0.37939453125,821,225,52,41
476,217,car,0.78662109375,359,224,55,42
476,236,car,0.6513671875,408,207,46,39
476,243,car,0.70751953125,974,249,47,35
476,135,car,0.67041015625,901,242,55,38
476,261,car,0.2069091796875,363,192,41,30
476,277,car,0.203125,156,168,36,26
476,288,car,0.4609375,1137,272,68,49
477,8,car,0.267333984375,657,200,30,24
477,72,car,0.92138671875,879,494,251,210
477,74,car,0.92529296875,1581,634,388,229
477,91,car,0.88427734375,1191,478,264,198
477,119,car,0.86865234375,497,298,108,78
477,185,car,0.880859375,791,350,140,95
477,191,car,0.486328125,1134,272,67,49
477,124,truck,0.873046875,307,171,64,82
477,206,car,0.865234375,653,300,105,73
477,97,truck,0.39794921875,820,225,50,42
477,217,car,0.77734375,360,224,55,42
477,236,car,0.6318359375,409,207,46,39
477,243,car,0.69287109375,972,249,48,35
477,135,car,0.537109375,900,242,55,38
477,261,car,0.1981201171875,363,193,42,32
477,277,car,0.2281494140625,157,168,37,27
477,290,car,0.56201171875,1903,400,28,59
478,8,car,0.299072265625,656,200,30,24
478,72,car,0.91796875,887,498,254,212
478,74,car,0.93115234375,1603,642,397,233
478,91,car,0.85400390625,1202,481,269,200
478,119,car,0.8623046875,499,300,108,78
478,185,car,0.87890625,794,352,141,97
478,191,car,0.61328125,1131,272,68,49
478,124,truck,0.8662109375,307,172,64,83
478,206,car,0.873046875,655,301,105,73
478,97,truck,0.3310546875,819,225,50,41
478,217,car,0.79052734375,361,225,56,42
478,236,car,0.63720703125,410,207,45,39
478,243,car,0.75048828125,970,249,48,35
478,135,car,0.7138671875,898,241,55,38
478,261,car,0.138427734375,363,193,42,33
478,277,car,0.2213134765625,157,168,37,26
478,290,car,0.67236328125,1900,395,35,67
479,8,car,0.21337890625,656,201,31,25
479,72,car,0.91748046875,894,504,257,211
479,74,car,0.92724609375,1624,649,406,237
479,91,car,0.83447265625,1214,486,273,202
479,119,car,0.865234375,502,301,109,78
479,185,car,0.8798828125,799,354,142,98
479,191,truck,0.462890625,1129,272,67,48
479,124,truck,0.8408203125,307,172,64,83
479,206,car,0.86083984375,657,302,106,73
479,97,car,0.341552734375,817,225,50,40
479,217,car,0.76611328125,362,225,57,42
479,236,car,0.548828125,410,207,46,40
479,243,car,0.5830078125,969,249,48,36
479,135,car,0.5830078125,897,240,56,39
479,261,car,0.10595703125,364,193,40,31
479,277,car,0.1666259765625,158,168,37,26
479,290,car,0.47265625,1895,392,46,74
480,8,car,0.267333984375,656,201,31,25
480,72,car,0.9208984375,902,508,262,216
480,74,car,0.93017578125,1646,657,415,242
480,91,car,0.8017578125,1225,490,276,206
480,119,car,0.85595703125,505,302,111,79
480,185,car,0.880859375,803,355,143,99
480,191,truck,0.439697265625,1126,272,68,48
480,124,truck,0.84814453125,307,172,65,83
480,206,car,0.86328125,659,303,106,73
480,97,car,0.346923828125,817,225,50,40
480,217,car,0.7705078125,364,226,58,42
480,236,car,0.56005859375,411,208,46,41
480,243,car,0.63720703125,967,249,48,36
480,135,car,0.67041015625,895,240,56,39
480,261,car,0.1480712890625,364,193,39,31
480,277,car,0.226806640625,158,168,36,26
480,290,car,0.60205078125,1891,391,56,79
481,8,car,0.29736328125,655,201,30,24
481,72,car,0.92138671875,910,512,266,218
481,74,car,0.93505859375,1668,667,426,247
481,91,car,0.6875,1237,494,279,209
481,119,car,0.861328125,507,303,111,80
481,185,car,0.87890625,807,357,145,99
481,191,truck,0.43017578125,1124,271,68,48
481,124,truck,0.8310546875,308,172,65,83
481,206,car,0.87255859375,661,304,107,74
481,97,car,0.37744140625,815,225,50,40
481,217,car,0.77734375,366,226,60,43
481,236,car,0.50390625,411,209,46,41
481,243,car,0.64599609375,965,248,47,36
481,135,car,0.62060546875,893,240,55,39
481,261,car,0.11517333984375,365,193,41,31
481,277,car,0.21728515625,159,168,37,26
481,290,car,0.65478515625,1885,390,66,79
482,8,car,0.31396484375,654,200,30,24
482,72,car,0.9189453125,918,516,269,222
482,74,car,0.927734375,1692,676,438,250
482,91,car,0.83447265625,1248,497,284,211
482,119,car,0.87060546875,509,304,112,80
482,185,car,0.87744140625,811,358,144,100
482,191,car,0.60595703125,1121,271,68,49
482,124,truck,0.84716796875,308,172,65,83
482,206,car,0.86962890625,664,305,109,74
482,97,car,0.25830078125,814,224,48,41
482,217,car,0.79833984375,367,226,61,43
482,236,car,0.52734375,411,209,47,41
482,243,car,0.68603515625,964,248,47,36
482,135,car,0.57763671875,892,240,54,39
482,261,car,0.10968017578125,365,193,41,31
482,277,car,0.235107421875,159,168,37,25
482,290,car,0.7431640625,1881,389,75,79
483,8,car,0.36669921875,653,200,30,24
483,72,car,0.91796875,926,521,272,225
483,74,car,0.93310546875,1706,684,427,255
483,91,car,0.6875,1260,502,287,213
483,119,car,0.87158203125,510,305,112,80
483,185,car,0.8740234375,814,360,146,102
483,191,car,0.66015625,1119,272,67,48
483,124,truck,0.861328125,308,173,66,83
483,206,car,0.86083984375,666,305,108,74
483,97,car,0.26904296875,811,225,49,41
483,217,car,0.763671875,368,227,61,43
483,236,car,0.533203125,412,210,46,40
483,243,car,0.638671875,962,248,47,36
483,135,car,0.501953125,890,240,53,39
483,261,car,0.1688232421875,365,193,39,30
483,277,car,0.25830078125,160,168,37,25
483,290,car,0.69580078125,1876,388,85,80
484,8,car,0.355712890625,652,200,29,23
484,72,car,0.92431640625,934,526,274,226
484,74,car,0.921875,1716,692,407,256
484,91,car,0.88720703125,1273,507,291,216
484,119,car,0.873046875,512,306,111,80
484,185,car,0.875,819,362,147,102
484,191,car,0.61865234375,1117,271,68,48
484,124,truck,0.85986328125,308,173,66,84
484,206,car,0.85205078125,668,306,108,75
484,97,truck,0.33984375,811,224,49,41
484,217,car,0.75634765625,369,227,61,44
484,236,car,0.57177734375,413,210,46,40
484,243,car,0.6689453125,961,248,47,35
484,135,car,0.4609375,889,240,53,39
484,261,car,0.2294921875,365,193,38,30
484,277,car,0.1461181640625,161,168,37,26
484,290,car,0.77978515625,1872,388,92,79
485,8,car,0.3720703125,652,200,29,23
485,72,car,0.92578125,943,531,279,228
485,74,car,0.92919921875,1726,702,387,258
485,91,car,0.880859375,1287,512,296,219
485,119,car,0.875,515,307,112,80
485,185,car,0.8818359375,823,364,149,103
485,191,truck,0.42822265625,1115,271,66,48
485,124,truck,0.85595703125,308,174,64,84
485,206,car,0.85986328125,671,307,108,75
485,97,truck,0.289306640625,810,225,50,41
485,217,car,0.77587890625,370,228,60,43
485,236,car,0.56005859375,413,211,46,40
485,243,car,0.611328125,959,248,47,35
485,135,car,0.525390625,887,240,53,39
485,261,car,0.312255859375,365,194,39,30
485,277,car,0.161376953125,162,170,38,26
485,290,car,0.68603515625,1868,387,100,79
486,8,car,0.385009765625,652,201,29,23
486,72,car,0.9208984375,952,538,283,230
486,74,car,0.931640625,1737,712,365,264
486,91,car,0.8115234375,1300,516,299,223
486,119,car,0.86962890625,517,308,114,81
486,185,car,0.888671875,827,366,150,103
486,191,truck,0.513671875,1112,271,66,48
486,124,truck,0.85009765625,308,174,64,84
486,206,car,0.85791015625,673,308,108,76
486,97,car,0.281494140625,809,225,49,40
486,217,car,0.7607421875,370,229,59,43
486,236,car,0.537109375,413,211,46,41
486,243,car,0.65478515625,958,248,47,34
486,135,car,0.435791015625,886,240,53,39
486,261,car,0.375732421875,366,194,40,30
486,277,car,0.1602783203125,162,170,38,26
486,290,car,0.7607421875,1863,386,111,79
487,8,car,0.385009765625,652,200,29,22
487,72,car,0.921875,961,543,287,233
487,74,car,0.943359375,1747,722,344,269
487,91,car,0.865234375,1313,521,305,226
487,119,car,0.8671875,518,309,113,81
487,185,car,0.8818359375,832,368,150,104
487,191,car,0.67724609375,1110,271,66,47
487,124,truck,0.83984375,308,174,63,84
487,206,car,0.86083984375,676,309,109,77
487,97,truck,0.29736328125,808,224,48,41
487,217,car,0.7705078125,371,229,59,43
487,236,car,0.529296875,414,212,45,41
487,243,car,0.642578125,956,248,47,35
487,135,car,0.6513671875,884,241,53,39
487,261,car,0.33984375,366,194,40,30
487,277,car,0.11676025390625,163,171,38,26
487,290,car,0.78271484375,1860,386,119,80
488,8,car,0.319091796875,651,200,29,22
488,72,car,0.9130859375,971,547,292,237
488,74,car,0.93359375,1759,733,320,275
488,91,car,0.79296875,1327,526,310,229
488,119,car,0.8671875,520,310,115,82
488,185,car,0.87890625,836,370,151,104
488,191,car,0.732421875,1108,270,66,47
488,124,truck,0.83984375,308,174,63,84
488,206,car,0.8642578125,678,310,110,77
488,97,car,0.25830078125,806,225,50,39
488,217,car,0.76904296875,372,229,60,44
488,236,car,0.50390625,415,212,47,42
488,243,car,0.6875,955,247,47,34
488,135,car,0.5078125,883,241,53,39
488,261,car,0.287841796875,367,194,40,29
488,277,car,0.1744384765625,164,171,37,26
488,290,car,0.72314453125,1856,385,127,80
489,8,car,0.341552734375,650,200,29,22
489,72,car,0.92236328125,980,552,296,241
489,74,car,0.92724609375,1771,743,297,279
489,91,car,0.884765625,1340,531,314,231
489,119,car,0.88623046875,523,311,115,82
489,185,car,0.8955078125,840,371,152,104
489,191,car,0.437744140625,1105,270,65,47
489,124,truck,0.85693359375,308,175,63,85
489,206,car,0.8671875,680,311,111,78
489,97,car,0.42431640625,805,224,49,40
489,217,car,0.76220703125,373,230,59,43
489,236,car,0.505859375,416,212,46,41
489,243,car,0.67041015625,953,247,46,33
489,135,car,0.55810546875,880,241,53,39
489,261,car,0.332763671875,368,194,38,28
489,277,car,0.24658203125,165,172,37,27
489,290,car,0.7138671875,1851,384,136,81
490,8,car,0.216064453125,649,200,29,23
490,72,car,0.9140625,989,557,302,246
490,74,car,0.9208984375,1783,756,272,285
490,91,car,0.85205078125,1356,537,320,234
490,119,car,0.884765625,525,313,114,82
490,185,car,0.90478515625,845,373,153,104
490,191,car,0.5078125,1103,269,64,47
490,124,truck,0.84814453125,309,175,62,84
490,206,car,0.8671875,683,312,112,79
490,97,car,0.2493896484375,802,224,50,40
490,217,car,0.78271484375,374,231,59,43
490,236,car,0.49609375,416,213,45,40
490,243,car,0.7216796875,952,247,47,33
490,135,car,0.490234375,878,241,53,39
490,261,car,0.42626953125,368,194,37,28
490,277,car,0.1470947265625,164,172,36,27
490,290,car,0.71533203125,1846,384,140,81
491,8,car,0.267333984375,649,200,30,23
491,72,car,0.8955078125,999,562,307,249
491,74,car,0.91650390625,1796,767,247,292
491,91,car,0.77978515625,1371,543,326,236
491,119,car,0.89013671875,527,314,115,82
491,185,car,0.88623046875,850,375,155,105
491,191,car,0.490234375,1100,269,65,47
491,124,truck,0.8447265625,309,175,62,85
491,206,car,0.8681640625,686,313,113,79
491,97,car,0.368408203125,802,224,50,40
491,217,car,0.78271484375,375,231,60,44
491,236,car,0.54296875,417,213,46,40
491,243,car,0.7216796875,951,247,46,33
491,135,car,0.548828125,877,240,53,39
491,261,car,0.355712890625,369,194,37,28
491,290,car,0.69091796875,1838,383,141,80
492,8,car,0.2421875,648,201,30,22
492,72,car,0.91943359375,1008,568,309,252
492,74,car,0.91796875,1809,779,221,298
492,91,car,0.8955078125,1386,548,332,239
492,119,car,0.8857421875,530,315,116,83
492,185,car,0.8955078125,854,377,157,106
492,191,car,0.45703125,1098,269,65,47
492,124,truck,0.85400390625,310,175,63,85
492,206,car,0.87841796875,688,314,113,80
492,97,car,0.2254638671875,801,224,49,41
492,217,car,0.78515625,376,231,60,43
492,236,car,0.64794921875,417,214,47,40
492,243,car,0.740234375,949,247,47,33
492,135,car,0.48046875,875,240,53,38
492,261,car,0.361083984375,369,195,37,29
492,290,car,0.72802734375,1830,382,141,80
493,8,car,0.236572265625,648,201,30,22
493,72,car,0.90576171875,1020,574,314,257
493,74,car,0.91357421875,1822,788,195,292
493,91,car,0.8671875,1402,554,338,243
493,119,car,0.87646484375,532,316,116,83
493,185,car,0.88232421875,859,378,157,107
493,191,car,0.5830078125,1096,269,65,47
493,124,truck,0.87255859375,310,176,63,86
493,206,car,0.88232421875,691,316,114,79
493,97,car,0.21337890625,800,224,49,40
493,217,car,0.7919921875,378,232,62,44
493,236,car,0.642578125,418,214,46,40
493,243,car,0.751953125,948,247,47,33
493,135,car,0.6513671875,874,240,53,38
493,261,car,0.35400390625,369,196,38,30
493,290,car,0.82568359375,1822,381,141,80
494,8,car,0.216064453125,648,201,31,22
494,72,car,0.93359375,1030,580,320,261
494,74,car,0.9072265625,1835,786,169,267
494,91,car,0.87841796875,1417,559,344,248
494,119,car,0.875,534,317,117,84
494,185,car,0.89892578125,863,380,158,108
494,191,car,0.59814453125,1094,269,63,47
494,124,truck,0.8642578125,311,176,64,86
494,206,car,0.88818359375,693,316,114,79
494,97,car,0.352294921875,799,224,49,39
494,217,car,0.7958984375,379,233,63,44
494,236,car,0.66357421875,419,215,46,41
494,243,car,0.716796875,946,247,47,33
494,135,car,0.361083984375,872,239,53,38
494,261,car,0.368408203125,369,197,39,30
494,290,car,0.830078125,1814,380,139,80
495,8,car,0.26904296875,647,201,30,22
495,72,car,0.927734375,1041,586,325,265
495,74,car,0.88330078125,1850,789,136,252
495,91,car,0.85595703125,1434,565,350,251
495,119,car,0.87255859375,536,319,118,85
495,185,car,0.888671875,868,382,160,109
495,191,car,0.66015625,1092,268,65,46
495,124,truck,0.8671875,311,176,64,86
495,206,car,0.8916015625,696,317,115,80
495,97,car,0.294189453125,799,224,48,39
495,217,car,0.79296875,380,233,63,44
495,236,car,0.6875,419,215,46,41
495,243,car,0.73388671875,944,246,47,33
495,135,car,0.470703125,870,238,52,39
495,261,car,0.4072265625,370,196,39,30
495,290,car,0.82080078125,1805,378,136,79
496,8,car,0.26123046875,646,201,31,23
496,72,car,0.9140625,1052,592,330,268
496,74,car,0.7841796875,1865,799,108,238
496,91,car,0.72509765625,1451,571,356,255
496,119,car,0.8671875,539,320,118,85
496,185,car,0.89892578125,874,383,161,110
496,191,car,0.6279296875,1089,268,63,46
496,124,truck,0.86865234375,311,176,65,86
496,206,car,0.880859375,699,318,116,80
496,97,car,0.315673828125,797,224,49,40
496,217,car,0.79443359375,381,233,61,45
496,236,car,0.67724609375,419,215,47,41
496,243,car,0.72314453125,942,246,47,33
496,135,car,0.2958984375,869,238,51,39
496,261,car,0.381103515625,370,196,38,30
496,290,car,0.81640625,1797,376,137,79
497,8,car,0.20556640625,646,201,30,23
497,72,car,0.91943359375,1064,598,335,271
497,74,car,0.76220703125,1882,815,74,226
497,91,car,0.88330078125,1469,577,360,259
497,119,car,0.8662109375,542,321,120,86
497,185,car,0.8896484375,878,385,163,111
497,191,car,0.638671875,1087,268,64,46
497,124,truck,0.86962890625,311,176,64,86
497,206,car,0.87158203125,701,319,117,81
497,97,motorcycle,0.25537109375,796,224,48,38
497,217,car,0.78125,381,233,61,45
497,236,car,0.6494140625,420,215,47,41
497,243,car,0.72802734375,941,246,45,32
497,135,car,0.392333984375,867,238,51,38
497,261,car,0.37939453125,371,196,38,30
497,290,car,0.8173828125,1789,375,135,78
498,8,car,0.3720703125,645,201,30,22
498,72,car,0.92431640625,1077,605,341,276
498,74,car,0.6513671875,1898,834,42,207
498,91,car,0.84912109375,1487,583,368,264
498,119,car,0.8681640625,544,322,121,88
498,185,car,0.90185546875,883,387,164,111
498,191,car,0.70751953125,1084,267,64,46
498,124,truck,0.86865234375,311,176,64,86
498,206,car,0.8759765625,704,320,118,82
498,97,truck,0.33642578125,794,223,49,39
498,217,car,0.78515625,383,234,61,44
498,236,car,0.5947265625,421,215,47,41
498,243,car,0.6943359375,939,246,46,32
498,135,car,0.5078125,865,238,50,37
498,261,car,0.355712890625,371,196,37,29
498,290,car,0.83984375,1780,374,134,78
498,277,car,0.259765625,170,172,37,26
499,8,car,0.437744140625,645,201,30,22
499,72,car,0.896484375,1087,611,347,280
499,91,car,0.85791015625,1504,590,375,269
499,119,car,0.87255859375,547,323,125,89
499,185,car,0.90576171875,888,389,167,113
499,191,car,0.640625,1082,267,63,45
499,124,truck,0.865234375,311,176,64,86
499,206,car,0.87158203125,707,321,118,83
499,97,truck,0.414794921875,793,223,47,40
499,217,car,0.7890625,383,234,61,44
499,236,car,0.57958984375,422,215,46,41
499,243,car,0.716796875,938,246,46,32
499,135,car,0.6943359375,864,237,50,37
499,261,car,0.357666015625,371,196,37,29
499,290,car,0.767578125,1772,372,133,78
499,277,car,0.25537109375,171,171,36,26
500,8,car,0.33447265625,645,201,29,22
500,72,car,0.90283203125,1101,618,354,285
500,91,car,0.85595703125,1524,597,384,272
500,119,car,0.880859375,549,324,126,89
500,185,car,0.90283203125,893,391,168,114
500,191,car,0.4921875,1080,267,63,45
500,124,truck,0.8681640625,311,176,64,86
500,206,car,0.87158203125,709,322,118,83
500,97,truck,0.3720703125,792,223,47,40
500,217,car,0.7841796875,385,234,60,44
500,236,car,0.609375,423,215,46,42
500,243,car,0.6826171875,936,246,47,32
500,135,car,0.607421875,862,238,50,37
500,261,car,0.385009765625,372,196,37,29
500,290,car,0.79443359375,1764,371,131,78
500,277,car,0.281494140625,172,171,37,26
501,8,car,0.443603515625,645,201,29,23
501,72,car,0.9091796875,1114,625,360,289
501,91,car,0.84716796875,1544,604,392,276
501,119,car,0.88623046875,551,325,126,90
501,185,car,0.8974609375,899,392,170,114
501,191,car,0.64599609375,1078,267,62,45
501,124,truck,0.8662109375,312,176,64,86
501,206,car,0.8759765625,712,322,119,84
501,97,car,0.361083984375,790,223,47,40
501,217,car,0.7919921875,386,235,61,44
501,236,car,0.638671875,424,215,47,42
501,243,car,0.6298828125,935,245,45,32
501,135,car,0.65478515625,861,237,50,37
501,261,car,0.392333984375,372,196,38,29
501,290,car,0.83447265625,1757,370,130,77
501,277,car,0.322509765625,173,171,37,25
502,8,car,0.39794921875,644,201,29,23
502,72,car,0.9189453125,1127,632,365,293
502,91,car,0.822265625,1564,610,400,282
502,119,car,0.87841796875,554,326,125,91
502,185,car,0.90673828125,904,395,171,116
502,191,car,0.66552734375,1076,267,62,45
502,124,truck,0.85791015625,312,176,64,86
502,206,car,0.87158203125,716,323,121,84
502,97,car,0.3056640625,790,223,47,40
502,217,car,0.7880859375,388,235,62,45
502,236,car,0.56982421875,424,215,46,42
502,243,car,0.67041015625,934,245,45,31
502,135,car,0.57373046875,859,237,50,38
502,261,car,0.4111328125,372,196,38,29
502,290,car,0.79443359375,1749,369,130,77
502,277,car,0.27978515625,174,171,36,25
503,8,car,0.2069091796875,643,200,29,23
503,72,car,0.91650390625,1140,639,373,298
503,91,car,0.8310546875,1585,617,407,286
503,119,car,0.86865234375,557,326,125,91
503,185,car,0.91162109375,909,397,171,116
503,191,car,0.60205078125,1073,266,62,45
503,124,truck,0.85400390625,312,176,65,86
503,206,car,0.88427734375,718,325,121,85
503,97,truck,0.32763671875,789,222,47,41
503,217,car,0.7880859375,389,235,63,45
503,236,car,0.5390625,425,215,46,42
503,243,car,0.609375,932,245,44,31
503,135,car,0.58154296875,857,236,50,37
503,261,car,0.359375,372,196,39,29
503,290,car,0.7548828125,1742,368,127,77
503,277,car,0.267333984375,174,171,36,25
504,8,car,0.204345703125,643,200,29,23
504,72,car,0.9248046875,1155,646,381,304
504,91,car,0.83203125,1606,625,417,291
504,119,car,0.875,560,327,125,91
504,185,car,0.90478515625,915,398,172,118
504,191,car,0.75341796875,1072,265,62,45
504,124,truck,0.85791015625,312,176,66,86
504,206,car,0.87255859375,721,325,121,86
504,97,car,0.401611328125,788,222,48,40
504,217,car,0.79052734375,390,236,63,45
504,236,car,0.513671875,426,215,45,42
504,243,car,0.7041015625,931,244,44,32
504,135,car,0.60009765625,856,236,48,37
504,261,car,0.359375,373,196,39,29
504,290,car,0.70751953125,1734,366,126,76
504,277,car,0.32763671875,175,171,36,25
505,8,car,0.1302490234375,642,200,27,22
505,72,car,0.9189453125,1170,655,388,308
505,91,car,0.84716796875,1628,632,427,295
505,119,car,0.87744140625,562,328,125,92
505,185,car,0.8974609375,920,400,175,120
505,191,car,0.6826171875,1070,265,62,46
505,124,truck,0.85205078125,312,176,67,87
505,206,car,0.86865234375,724,326,121,86
505,97,truck,0.11126708984375,786,222,47,40
505,217,car,0.80322265625,391,236,64,45
505,236,car,0.53515625,426,215,45,42
505,243,car,0.70068359375,929,244,44,32
505,135,car,0.642578125,854,236,49,36
505,261,car,0.405517578125,373,196,39,29
505,290,car,0.822265625,1726,364,126,75
505,277,car,0.36474609375,176,171,36,25
506,8,car,0.10968017578125,642,200,27,23
506,72,car,0.87060546875,1186,662,397,313
506,91,car,0.8408203125,1652,640,436,301
506,119,car,0.875,565,329,127,92
506,185,car,0.90283203125,926,402,177,120
506,191,car,0.6806640625,1068,264,62,46
506,124,truck,0.83740234375,312,175,68,87
506,206,car,0.8759765625,728,327,123,87
506,97,car,0.39794921875,785,220,47,38
506,217,car,0.77880859375,393,236,63,46
506,236,car,0.57763671875,428,215,44,42
506,243,car,0.73095703125,928,244,44,32
506,135,car,0.70556640625,853,235,48,37
506,261,car,0.3720703125,374,196,38,30
506,290,car,0.7880859375,1719,363,124,75
506,277,car,0.390380859375,177,171,36,25
507,8,car,0.138427734375,642,199,26,23
507,72,car,0.8896484375,1201,670,404,318
507,91,car,0.85791015625,1676,648,448,305
507,119,car,0.875,568,330,127,93
507,185,car,0.9091796875,932,404,177,121
507,191,car,0.75341796875,1065,264,62,45
507,124,truck,0.85205078125,313,176,69,87
507,206,car,0.873046875,731,327,124,88
507,97,car,0.498046875,784,220,46,37
507,217,car,0.78515625,394,236,63,45
507,236,car,0.5869140625,428,215,45,42
507,243,car,0.708984375,926,243,44,32
507,135,car,0.7431640625,852,235,49,37
507,261,car,0.381103515625,374,197,38,31
507,290,car,0.84375,1712,362,123,73
507,277,car,0.338134765625,177,171,37,25
508,8,car,0.134765625,641,199,26,23
508,72,car,0.8974609375,1217,679,412,326
508,91,car,0.87744140625,1696,656,447,312
508,119,car,0.87646484375,570,331,129,93
508,185,car,0.91650390625,938,406,179,123
508,191,car,0.6279296875,1063,263,61,45
508,124,truck,0.85302734375,314,175,70,88
508,206,car,0.87646484375,734,328,126,88
508,97,truck,0.32080078125,783,220,45,37
508,217,car,0.78271484375,395,236,63,45
508,236,car,0.56201171875,428,215,45,42
508,243,car,0.68408203125,925,242,44,31
508,135,car,0.63525390625,851,235,50,37
508,261,car,0.368408203125,375,197,38,31
508,290,car,0.7919921875,1705,361,123,74
508,277,car,0.33984375,178,171,38,25
509,8,car,0.1710205078125,641,199,27,22
509,72,car,0.9150390625,1233,687,421,333
509,91,car,0.87158203125,1705,663,428,315
509,119,car,0.87646484375,573,332,130,93
509,185,car,0.91796875,943,408,181,124
509,191,car,0.60400390625,1061,262,61,45
509,124,truck,0.85888671875,314,175,69,88
509,206,car,0.88623046875,737,329,127,89
509,97,car,0.458984375,781,220,46,37
509,217,car,0.77587890625,396,236,63,45
509,236,car,0.611328125,429,215,46,42
509,243,car,0.57958984375,923,241,43,31
509,135,car,0.60009765625,849,234,49,37
509,261,car,0.388671875,376,197,39,31
509,290,car,0.81884765625,1697,359,123,74
509,277,car,0.3310546875,179,170,37,26
510,8,car,0.140380859375,640,198,28,22
510,72,car,0.908203125,1250,696,431,339
510,91,car,0.75341796875,1715,671,408,319
510,119,car,0.8740234375,576,333,131,94
510,185,car,0.9140625,949,410,182,124
510,191,car,0.69921875,1059,262,61,45
510,124,truck,0.8671875,315,175,67,88
510,206,car,0.88427734375,740,330,127,90
510,97,car,0.39990234375,780,220,45,36
510,217,car,0.77734375,397,236,64,46
510,236,car,0.6318359375,430,215,45,42
510,243,car,0.6513671875,922,241,44,31
510,135,car,0.60009765625,848,234,48,36
510,261,car,0.381103515625,376,197,40,32
510,290,car,0.77197265625,1691,358,121,74
510,277,car,0.357666015625,180,170,37,26
511,8,car,0.2281494140625,640,198,28,22
511,72,car,0.921875,1268,706,441,345
511,91,car,0.8154296875,1726,679,387,324
511,119,car,0.875,579,334,132,96
511,185,car,0.91650390625,956,412,184,125
511,191,car,0.43408203125,1057,261,60,44
511,124,truck,0.86083984375,315,175,66,89
511,206,car,0.87744140625,743,331,127,90
511,97,car,0.291015625,779,219,45,36
511,217,car,0.7705078125,399,236,64,48
511,236,car,0.5830078125,431,215,45,42
511,243,car,0.552734375,921,241,44,32
511,135,car,0.52734375,846,233,50,37
511,261,car,0.401611328125,377,197,41,32
511,290,car,0.62255859375,1684,356,120,73
511,277,car,0.28466796875,180,169,37,26
512,8,car,0.264404296875,640,198,28,22
512,72,car,0.90966796875,1287,716,451,352
512,91,car,0.88330078125,1737,688,365,329
512,119,car,0.8798828125,582,336,133,96
512,185,car,0.91748046875,962,414,187,126
512,191,car,0.67919921875,1055,261,61,44
512,124,truck,0.8623046875,315,175,66,89
512,206,car,0.8662109375,746,332,128,90
512,97,car,0.5234375,778,219,46,34
512,217,car,0.7705078125,400,236,63,48
512,236,car,0.60205078125,430,215,46,42
512,243,car,0.63720703125,920,241,44,31
512,135,car,0.615234375,844,232,48,37
512,261,car,0.517578125,377,197,42,32
512,290,car,0.64404296875,1677,355,120,73
512,277,car,0.341552734375,181,169,37,26
513,8,car,0.1199951171875,640,198,27,22
513,72,car,0.8671875,1306,726,462,362
513,91,car,0.88330078125,1748,697,342,335
513,119,car,0.8896484375,585,338,133,96
513,185,car,0.9140625,968,416,189,128
513,191,car,0.67041015625,1053,260,60,44
513,124,truck,0.865234375,315,175,67,89
513,206,car,0.86865234375,749,333,129,90
513,97,car,0.3056640625,776,217,45,35
513,217,car,0.78271484375,401,237,64,49
513,236,car,0.60205078125,431,215,46,42
513,243,car,0.56787109375,918,241,44,30
513,135,car,0.60595703125,843,232,49,37
513,261,car,0.48828125,377,197,42,32
513,290,car,0.7646484375,1670,354,119,73
513,277,car,0.322509765625,181,169,36,26
514,8,car,0.1422119140625,639,197,27,22
514,72,car,0.921875,1327,736,472,369
514,91,car,0.85595703125,1760,707,319,341
514,119,car,0.896484375,587,339,133,97
514,185,car,0.91796875,974,419,189,129
514,191,car,0.5849609375,1051,259,59,44
514,124,truck,0.8623046875,315,175,68,89
514,206,car,0.8681640625,752,333,129,91
514,97,car,0.478515625,775,217,45,35
514,217,car,0.77734375,402,237,63,49
514,236,car,0.60205078125,432,215,46,42
514,243,car,0.56787109375,916,240,43,30
514,135,car,0.6513671875,841,232,48,37
514,261,car,0.49609375,378,196,43,32
514,290,car,0.6943359375,1663,353,117,73
514,277,car,0.33642578125,183,169,36,26
515,8,car,0.1895751953125,639,197,27,22
515,72,car,0.908203125,1346,747,484,376
515,91,car,0.83740234375,1772,718,294,348
515,119,car,0.89111328125,590,340,134,98
515,185,car,0.91259765625,981,421,191,131
515,191,car,0.466796875,1049,259,59,44
515,124,truck,0.87060546875,316,175,69,89
515,206,car,0.87255859375,755,335,130,91
515,97,car,0.57958984375,774,217,44,35
515,217,car,0.77734375,403,237,65,50
515,236,car,0.5908203125,433,215,46,42
515,243,car,0.552734375,915,239,44,30
515,135,car,0.61328125,840,231,49,37
515,261,car,0.525390625,378,196,43,32
515,290,car,0.84375,1656,352,115,72
515,277,car,0.319091796875,183,169,36,27
516,8,car,0.1895751953125,639,198,27,22
516,72,car,0.90478515625,1367,759,497,386
516,91,car,0.89404296875,1785,729,269,355
516,119,car,0.888671875,593,341,136,99
516,185,car,0.916015625,988,423,192,132
516,191,car,0.5888671875,1047,259,60,44
516,124,truck,0.8681640625,316,175,69,89
516,206,car,0.875,759,336,131,90
516,97,car,0.482421875,773,217,44,35
516,217,car,0.77197265625,404,237,64,50
516,236,car,0.611328125,434,216,46,43
516,243,car,0.56591796875,914,239,43,30
516,135,car,0.56396484375,838,230,48,36
516,261,car,0.56005859375,379,196,43,33
516,290,car,0.810546875,1649,350,116,72
516,277,car,0.322509765625,183,169,36,27
517,8,car,0.2213134765625,638,197,27,21
517,72,car,0.88427734375,1390,771,508,393
517,91,car,0.85888671875,1798,739,242,364
517,119,car,0.888671875,596,342,137,100
517,185,car,0.9150390625,994,426,195,132
517,191,truck,0.449462890625,1045,258,60,44
517,124,truck,0.8623046875,316,175,69,90
517,206,car,0.87060546875,763,337,133,90
517,97,car,0.5,773,217,44,35
517,217,car,0.79052734375,406,237,65,50
517,236,car,0.5888671875,434,215,47,42
517,243,car,0.6513671875,912,238,43,31
517,135,car,0.5830078125,838,230,48,36
517,261,car,0.556640625,380,196,43,32
517,290,car,0.732421875,1643,349,114,72
517,277,car,0.375732421875,184,169,36,27
518,8,car,0.1561279296875,638,197,27,21
518,72,car,0.88623046875,1414,783,523,401
518,91,car,0.82666015625,1812,750,214,371
518,119,car,0.89013671875,599,344,139,100
518,185,car,0.9091796875,1001,428,198,133
518,191,car,0.556640625,1043,258,60,44
518,124,truck,0.86083984375,316,175,68,89
518,206,car,0.865234375,767,338,133,92
518,97,car,0.474609375,771,217,45,35
518,217,car,0.7744140625,408,237,65,50
518,236,car,0.54296875,434,215,48,42
518,243,car,0.62255859375,911,238,43,32
518,135,car,0.5927734375,836,230,47,36
518,261,car,0.5078125,380,196,43,31
518,290,car,0.7890625,1636,348,113,72
518,277,car,0.32080078125,184,169,35,27
519,8,car,0.203125,637,196,26,22
519,72,car,0.91259765625,1437,795,539,410
519,91,car,0.892578125,1826,744,187,340
519,119,car,0.888671875,603,345,141,100
519,185,car,0.9189453125,1008,431,200,134
519,191,car,0.529296875,1040,257,59,43
519,124,truck,0.8623046875,316,175,68,89
519,206,car,0.87890625,770,340,134,93
519,97,car,0.381103515625,770,216,45,36
519,217,car,0.77978515625,409,238,66,51
519,236,car,0.56396484375,435,216,48,43
519,243,car,0.61865234375,910,238,43,31
519,135,car,0.56396484375,835,229,48,35
519,261,car,0.478515625,380,196,42,31
519,290,car,0.7216796875,1630,348,113,71
519,277,car,0.31396484375,185,169,35,27
520,8,car,0.138427734375,636,196,26,22
520,72,car,0.91552734375,1462,809,553,420
520,91,car,0.86865234375,1841,745,157,324
520,119,car,0.896484375,606,347,141,101
520,185,car,0.9091796875,1015,433,202,135
520,191,car,0.501953125,1039,257,59,43
520,124,truck,0.86962890625,316,175,68,90
520,206,car,0.884765625,773,342,135,93
520,97,car,0.51171875,769,216,44,36
520,217,car,0.7744140625,410,239,67,50
520,236,car,0.60205078125,436,216,48,44
520,243,car,0.59814453125,909,237,43,32
520,135,car,0.6259765625,832,229,48,35
520,261,car,0.449462890625,380,196,42,32
520,290,car,0.7548828125,1624,346,113,71
520,277,car,0.3310546875,186,169,36,27
520,331,person,0.6298828125,1515,728,96,71
521,8,motorcycle,0.106689453125,636,196,26,22
521,72,car,0.8896484375,1488,822,570,430
521,91,car,0.85791015625,1856,749,127,316
521,119,car,0.89306640625,609,348,140,101
521,185,car,0.90966796875,1023,436,205,137
521,191,car,0.60009765625,1037,257,58,43
521,124,truck,0.87158203125,316,175,68,90
521,206,car,0.88720703125,777,343,135,94
521,97,car,0.204345703125,768,216,45,36
521,217,car,0.78515625,412,240,66,50
521,236,car,0.60009765625,437,216,48,45
521,243,car,0.61669921875,907,238,42,30
521,135,car,0.63525390625,832,229,48,35
521,261,car,0.455078125,380,196,42,32
521,290,car,0.78662109375,1617,345,113,70
521,277,car,0.3486328125,186,169,36,27
522,8,car,0.1859130859375,635,196,27,22
522,72,car,0.8662109375,1515,837,585,437
522,91,car,0.77734375,1871,761,95,310
522,119,car,0.89501953125,612,349,143,101
522,185,car,0.9091796875,1029,439,206,139
522,191,car,0.73876953125,1034,256,59,43
522,124,truck,0.87060546875,317,175,68,90
522,206,car,0.89013671875,780,344,137,96
522,97,car,0.420654296875,767,216,45,36
522,217,car,0.8115234375,413,241,67,50
522,236,car,0.638671875,437,216,49,44
522,243,car,0.517578125,905,238,43,29
522,135,car,0.609375,830,229,48,35
522,261,car,0.445556640625,381,197,43,32
522,290,car,0.82666015625,1610,344,111,70
522,277,car,0.332763671875,187,169,35,27
523,8,car,0.139404296875,635,195,28,22
523,72,car,0.8681640625,1544,849,608,442
523,91,car,0.5546875,1889,784,61,290
523,119,car,0.892578125,616,351,143,103
523,185,car,0.91064453125,1038,442,207,140
523,191,car,0.62060546875,1033,256,59,42
523,124,truck,0.865234375,317,175,69,90
523,206,car,0.88330078125,784,345,138,96
523,97,car,0.45703125,766,216,45,36
523,217,car,0.8056640625,414,241,67,50
523,236,car,0.57958984375,439,216,49,44
523,243,car,0.447509765625,905,238,42,28
523,135,car,0.66015625,829,228,48,35
523,261,car,0.451416015625,382,197,43,32
523,290,car,0.67578125,1605,343,111,70
523,277,car,0.2705078125,188,170,35,26
524,8,car,0.17333984375,634,195,28,23
524,72,car,0.79052734375,1573,857,626,438
524,119,car,0.884765625,619,353,144,103
524,185,car,0.90380859375,1045,444,209,141
524,191,car,0.7431640625,1031,256,59,42
524,124,truck,0.8681640625,318,175,69,90
524,206,car,0.88623046875,788,346,139,96
524,97,car,0.361083984375,765,215,45,37
524,217,car,0.8017578125,416,241,66,50
524,236,car,0.5546875,439,217,48,44
524,243,car,0.58154296875,904,237,43,28
524,135,car,0.56591796875,828,228,48,36
524,261,car,0.43408203125,382,197,43,33
524,290,car,0.84912109375,1599,342,108,69
524,277,car,0.27197265625,188,170,35,26
525,8,car,0.248046875,634,195,27,22
525,72,car,0.6279296875,1599,863,637,428
525,119,car,0.88427734375,622,354,145,104
525,185,car,0.90673828125,1052,447,212,142
525,191,car,0.69580078125,1030,256,59,42
525,124,truck,0.873046875,318,175,69,90
525,206,car,0.88623046875,791,348,141,97
525,97,car,0.466796875,764,215,43,36
525,217,car,0.80419921875,416,241,67,51
525,236,car,0.544921875,440,217,48,44
525,243,car,0.611328125,902,237,41,28
525,135,car,0.63720703125,826,228,47,35
525,261,car,0.405517578125,382,197,44,33
525,290,car,0.7841796875,1592,341,110,69
525,277,car,0.32421875,189,170,36,26
526,8,car,0.27978515625,633,196,27,23
526,72,car,0.90185546875,1611,869,616,416
526,119,car,0.8857421875,625,356,146,105
526,185,car,0.916015625,1061,450,215,144
526,191,car,0.64599609375,1027,255,58,42
526,124,truck,0.86328125,318,175,68,91
526,206,car,0.8896484375,795,349,141,97
526,97,car,0.414794921875,762,215,44,35
526,217,car,0.7958984375,418,242,65,51
526,236,car,0.5234375,440,217,49,44
526,243,car,0.6669921875,900,237,41,28
526,135,car,0.56396484375,825,228,47,36
526,261,car,0.4111328125,383,197,43,32
526,290,car,0.79443359375,1586,341,108,67
526,277,car,0.26904296875,190,170,36,26
527,8,car,0.2281494140625,633,196,26,22
527,72,car,0.88720703125,1623,874,592,403
527,119,car,0.8896484375,628,357,147,106
527,185,car,0.9072265625,1068,452,218,146
527,191,car,0.73388671875,1025,255,57,42
527,124,truck,0.861328125,318,176,68,91
527,206,car,0.89990234375,799,351,142,98
527,97,car,0.39990234375,761,215,44,36
527,217,car,0.80078125,420,243,66,51
527,236,car,0.486328125,441,217,49,44
527,243,car,0.6494140625,899,237,41,29
527,135,car,0.62060546875,823,228,47,35
527,261,car,0.418701171875,384,197,43,33
527,290,car,0.830078125,1581,340,107,68
527,277,car,0.2493896484375,191,170,37,26
528,8,car,0.1302490234375,632,196,26,22
528,72,car,0.9150390625,1634,880,571,391
528,119,car,0.89697265625,632,360,148,107
528,185,car,0.91064453125,1076,456,220,148
528,191,car,0.67578125,1023,255,58,42
528,124,truck,0.85009765625,318,176,68,92
528,206,car,0.89990234375,803,352,142,98
528,97,car,0.4921875,760,215,42,35
528,217,car,0.79296875,421,243,66,52
528,236,car,0.48046875,442,217,49,44
528,243,car,0.673828125,897,236,42,29
528,135,car,0.5927734375,821,228,47,35
528,261,car,0.42626953125,384,198,43,33
528,290,car,0.8115234375,1576,339,107,68
528,277,car,0.2081298828125,191,170,36,27
528,346,person,0.72314453125,1757,843,117,92
529,72,car,0.90478515625,1646,886,546,378
529,119,car,0.89990234375,636,361,149,108
529,185,car,0.91357421875,1085,460,224,150
529,191,car,0.716796875,1021,254,59,42
529,124,truck,0.84814453125,318,177,68,92
529,206,car,0.892578125,807,354,144,99
529,97,car,0.401611328125,759,215,44,35
529,217,car,0.79931640625,422,244,67,52
529,236,car,0.529296875,443,218,48,45
529,243,car,0.66357421875,895,236,44,30
529,135,car,0.5927734375,820,228,48,35
529,261,car,0.533203125,386,198,43,33
529,290,car,0.7373046875,1569,339,107,67
529,277,car,0.273681640625,192,170,37,27
530,72,car,0.93017578125,1659,892,520,364
530,119,car,0.8974609375,639,363,150,108
530,185,car,0.9208984375,1093,463,225,150
530,191,car,0.76220703125,1019,254,57,42
530,124,truck,0.85009765625,318,177,68,91
530,206,car,0.88818359375,811,355,145,99
530,97,car,0.332763671875,758,215,44,34
530,217,car,0.810546875,423,245,67,51
530,236,car,0.5,444,218,48,46
530,243,car,0.6513671875,893,236,43,31
530,135,car,0.56591796875,819,228,48,35
530,261,car,0.5,386,198,43,33
530,290,car,0.7578125,1563,338,105,67
530,277,car,0.281494140625,192,171,37,26
531,72,car,0.92529296875,1673,899,493,349
531,119,car,0.8974609375,643,365,151,109
531,185,car,0.91748046875,1102,466,229,151
531,191,car,0.71044921875,1018,254,58,42
531,124,truck,0.86865234375,318,177,69,91
531,206,car,0.89111328125,815,357,145,100
531,97,car,0.482421875,757,216,44,34
531,217,car,0.8115234375,425,246,67,52
531,236,car,0.55078125,444,219,48,46
531,243,car,0.61669921875,892,235,44,32
531,135,car,0.57373046875,818,228,49,34
531,261,car,0.5234375,386,198,43,33
531,290,car,0.8310546875,1558,337,104,66
531,277,car,0.259765625,193,171,37,26
532,72,car,0.92919921875,1687,906,465,333
532,119,car,0.896484375,647,367,152,109
532,185,car,0.91162109375,1111,470,232,152
532,191,car,0.7041015625,1016,254,57,42
532,124,truck,0.8662109375,318,177,69,91
532,206,car,0.89697265625,819,359,146,102
532,97,car,0.2120361328125,756,216,44,33
532,217,car,0.82666015625,426,246,68,52
532,236,car,0.5947265625,445,219,48,46
532,243,car,0.544921875,891,236,42,32
532,135,car,0.54296875,817,228,48,34
532,261,car,0.537109375,387,199,43,34
532,290,car,0.8173828125,1552,336,104,66
532,277,car,0.2379150390625,194,171,37,26
533,72,car,0.9248046875,1701,915,437,318
533,119,car,0.90185546875,650,369,153,111
533,185,car,0.916015625,1120,474,234,154
533,191,car,0.71044921875,1014,254,57,42
533,124,truck,0.84716796875,319,177,70,92
533,206,car,0.900390625,824,361,147,103
533,97,car,0.34521484375,755,216,44,35
533,217,car,0.822265625,427,246,67,51
533,236,car,0.52734375,445,219,48,45
533,243,car,0.609375,890,235,44,32
533,135,car,0.5888671875,815,228,48,34
533,261,car,0.55078125,388,199,43,34
533,290,car,0.78662109375,1546,336,104,66
533,277,car,0.26123046875,194,172,36,27
533,351,car,0.33984375,246,188,34,21
534,72,car,0.9287109375,1717,923,405,301
534,119,car,0.90283203125,654,371,156,111
534,185,car,0.91357421875,1129,477,236,156
534,191,car,0.70751953125,1012,254,56,42
534,124,truck,0.83740234375,319,178,70,91
534,206,car,0.89892578125,829,362,149,105
534,97,car,0.484375,754,216,42,35
534,217,car,0.8291015625,429,247,70,53
534,236,car,0.470703125,446,220,49,47
534,243,car,0.60205078125,889,236,42,31
534,135,car,0.68408203125,813,228,46,34
534,261,car,0.57958984375,388,199,43,35
534,290,car,0.7216796875,1541,335,103,65
534,277,car,0.31396484375,195,172,35,27
534,351,car,0.361083984375,246,188,34,21
535,72,car,0.921875,1735,932,369,285
535,119,car,0.8974609375,657,372,157,112
535,185,car,0.91650390625,1139,481,241,158
535,191,car,0.607421875,1010,254,56,43
535,124,truck,0.845703125,319,178,70,92
535,206,car,0.8955078125,833,363,150,105
535,97,car,0.236572265625,753,216,44,35
535,217,car,0.83447265625,430,248,71,52
535,236,car,0.43408203125,446,220,50,47
535,243,car,0.61669921875,887,235,42,31
535,135,car,0.662109375,812,228,45,34
535,261,car,0.509765625,389,200,43,35
535,290,car,0.7607421875,1535,334,102,66
535,277,car,0.329345703125,195,172,35,27
535,351,car,0.36474609375,246,188,35,21
536,72,car,0.89990234375,1753,941,332,267
536,119,car,0.896484375,661,375,158,113
536,185,car,0.91357421875,1149,484,243,160
536,191,car,0.67236328125,1009,254,56,42
536,124,truck,0.85107421875,319,178,70,93
536,206,car,0.8916015625,837,365,152,106
536,97,car,0.287841796875,752,215,43,35
536,217,car,0.82763671875,431,249,72,52
536,236,car,0.484375,447,221,49,46
536,243,car,0.5908203125,885,235,42,31
536,135,car,0.6533203125,811,228,46,34
536,261,car,0.486328125,389,200,43,36
536,290,car,0.71044921875,1529,334,103,65
536,277,car,0.34326171875,195,172,35,27
536,351,car,0.388671875,246,188,35,21
537,72,car,0.89892578125,1771,950,296,249
537,119,car,0.9052734375,665,377,160,115
537,185,car,0.916015625,1158,489,247,161
537,191,car,0.609375,1007,254,56,42
537,124,truck,0.841796875,320,179,71,93
537,206,car,0.8955078125,841,367,153,105
537,97,car,0.43017578125,750,216,44,35
537,217,car,0.8232421875,433,250,74,53
537,236,car,0.529296875,448,221,51,44
537,243,car,0.5947265625,884,235,41,31
537,135,car,0.67724609375,810,228,45,34
537,261,car,0.466796875,390,201,43,35
537,290,car,0.708984375,1524,334,102,65
537,277,car,0.38671875,196,172,35,26
537,351,car,0.42626953125,246,188,35,21
538,72,car,0.830078125,1794,960,251,228
538,119,car,0.8955078125,669,380,160,116
538,185,car,0.9287109375,1169,493,249,163
538,191,car,0.72802734375,1005,254,56,42
538,124,truck,0.84375,320,180,72,94
538,206,car,0.89111328125,845,370,155,106
538,97,car,0.3173828125,749,216,44,36
538,217,car,0.82568359375,435,251,74,54
538,236,car,0.517578125,450,222,53,46
538,243,car,0.556640625,883,235,41,30
538,135,car,0.66015625,809,228,46,34
538,261,car,0.474609375,390,201,44,34
538,290,car,0.7958984375,1519,333,99,64
538,277,car,0.312255859375,196,173,35,26
538,351,car,0.36669921875,246,187,34,23
539,72,car,0.85693359375,1816,972,207,207
539,119,car,0.89501953125,674,382,163,117
539,185,car,0.9189453125,1179,496,252,165
539,191,car,0.6513671875,1003,253,56,42
539,124,truck,0.85693359375,320,179,73,94
539,206,car,0.89501953125,850,372,156,105
539,97,car,0.33984375,749,216,43,35
539,217,car,0.81884765625,437,252,73,53
539,236,car,0.56982421875,450,221,53,44
539,243,car,0.63330078125,883,235,40,30
539,135,car,0.66357421875,807,228,46,34
539,261,car,0.505859375,390,201,44,34
539,290,car,0.80419921875,1513,332,101,64
539,277,car,0.282958984375,197,173,35,27
539,351,car,0.361083984375,246,186,33,25
540,72,motorcycle,0.36669921875,1839,989,160,174
540,119,car,0.900390625,677,384,165,119
540,185,car,0.91845703125,1190,501,256,167
540,191,car,0.63330078125,1001,253,56,42
540,124,truck,0.8427734375,320,180,73,93
540,206,car,0.900390625,855,373,156,105
540,97,car,0.19189453125,748,216,43,35
540,217,car,0.80322265625,438,252,73,53
540,236,car,0.4921875,450,221,54,44
540,243,car,0.55810546875,881,236,42,30
540,135,car,0.62060546875,806,228,47,34
540,261,car,0.449462890625,390,201,44,35
540,290,car,0.7705078125,1508,332,99,64
540,277,car,0.2958984375,197,173,36,27
540,351,car,0.34521484375,246,186,34,25
541,72,car,0.466796875,1862,1004,115,144
541,119,car,0.908203125,680,386,167,119
541,185,car,0.91845703125,1200,505,259,168
541,191,car,0.57373046875,999,253,56,42
541,124,truck,0.85107421875,320,180,74,94
541,206,car,0.89892578125,859,375,156,107
541,97,car,0.26123046875,746,216,44,36
541,217,car,0.7880859375,440,253,73,53
541,236,car,0.52734375,452,221,53,43
541,243,car,0.56396484375,880,236,42,29
541,135,car,0.5888671875,805,228,49,34
541,261,car,0.521484375,390,202,43,35
541,290,car,0.74609375,1502,331,98,65
541,277,car,0.332763671875,198,173,38,27
541,351,car,0.470703125,246,187,34,26
542,119,car,0.8974609375,684,387,169,120
542,185,car,0.9130859375,1210,509,263,170
542,191,car,0.5908203125,997,253,56,42
542,124,truck,0.84716796875,321,180,74,94
542,206,car,0.90283203125,864,377,158,108
542,97,car,0.23095703125,745,217,44,35
542,217,car,0.79296875,442,254,73,53
542,236,car,0.52734375,453,221,52,42
542,243,car,0.56201171875,879,236,42,29
542,135,car,0.56005859375,804,228,48,33
542,261,car,0.501953125,391,203,42,35
542,290,car,0.75341796875,1497,331,98,64
542,277,car,0.405517578125,199,174,37,27
542,351,car,0.447509765625,247,188,35,26
543,119,car,0.9033203125,688,389,168,121
543,185,car,0.91162109375,1222,513,266,172
543,191,car,0.615234375,996,253,56,41
543,124,truck,0.84912109375,321,180,74,95
543,206,car,0.89013671875,869,379,159,110
543,97,car,0.302490234375,744,217,44,35
543,217,car,0.81396484375,443,255,74,52
543,236,car,0.54296875,454,221,52,42
543,243,car,0.5869140625,877,236,41,29
543,135,car,0.537109375,802,228,48,34
543,261,car,0.513671875,392,203,42,35
543,290,car,0.81298828125,1492,330,98,63
543,277,car,0.405517578125,200,174,37,27
543,351,car,0.509765625,247,189,35,26
544,119,car,0.9111328125,693,392,169,121
544,185,car,0.90966796875,1233,518,270,174
544,191,car,0.67236328125,994,253,56,41
544,124,truck,0.84716796875,321,181,75,95
544,206,car,0.89990234375,874,381,161,111
544,97,car,0.420654296875,743,217,44,35
544,217,car,0.80322265625,444,255,75,52
544,236,car,0.59814453125,455,221,53,40
544,243,car,0.5830078125,876,236,40,30
544,135,car,0.60400390625,801,228,48,34
544,261,car,0.544921875,393,203,43,36
544,290,car,0.8056640625,1487,330,97,63
544,277,car,0.52734375,200,174,36,27
544,351,car,0.55078125,247,190,36,24
545,119,car,0.9091796875,697,395,171,122
545,185,car,0.9150390625,1244,523,274,176
545,191,car,0.763671875,992,253,55,41
545,124,truck,0.83203125,321,181,75,95
545,206,car,0.8955078125,879,383,162,112
545,97,motorcycle,0.43212890625,743,216,44,35
545,217,car,0.79833984375,445,255,76,55
545,236,car,0.6259765625,456,222,53,41
545,243,car,0.453369140625,874,236,41,30
545,135,car,0.341552734375,800,228,48,33
545,261,car,0.60009765625,393,203,44,36
545,290,car,0.8154296875,1481,329,98,64
545,277,car,0.5546875,201,174,36,28
545,351,car,0.56396484375,247,191,36,23
546,119,car,0.90576171875,702,397,171,123
546,185,car,0.91162109375,1256,527,278,180
546,191,car,0.5830078125,990,252,55,40
546,124,truck,0.84912109375,321,181,75,96
546,206,car,0.8974609375,884,385,164,113
546,97,car,0.3310546875,742,216,43,36
546,217,car,0.77978515625,447,255,74,56
546,236,car,0.61669921875,457,223,53,42
546,243,car,0.466796875,874,234,41,32
546,135,car,0.486328125,798,228,50,33
546,261,car,0.5849609375,394,204,44,36
546,290,truck,0.42822265625,1477,328,97,63
546,277,car,0.51171875,201,174,35,28
546,351,car,0.482421875,248,192,37,21
547,119,car,0.90478515625,706,400,174,125
547,185,car,0.92041015625,1269,532,282,181
547,191,car,0.67919921875,989,252,55,39
547,124,truck,0.85302734375,322,181,75,96
547,206,car,0.89697265625,890,387,165,114
547,97,car,0.484375,741,215,43,36
547,217,car,0.763671875,449,256,74,55
547,236,car,0.66552734375,458,220,52,36
547,243,car,0.3310546875,873,234,41,32
547,135,car,0.515625,797,228,48,33
547,261,car,0.64404296875,394,204,44,35
547,290,car,0.533203125,1471,328,96,63
547,277,car,0.5234375,202,174,35,28
547,351,car,0.474609375,248,190,37,24
548,119,car,0.9072265625,711,402,175,127
548,185,car,0.92529296875,1281,537,286,183
548,191,car,0.4130859375,987,252,54,40
548,124,truck,0.84912109375,321,182,76,96
548,206,car,0.900390625,895,389,167,115
548,97,car,0.4765625,740,215,43,37
548,217,car,0.7646484375,451,256,75,55
548,236,car,0.64599609375,458,221,54,36
548,243,car,0.39599609375,871,235,41,31
548,135,car,0.60205078125,796,227,46,33
548,261,car,0.658203125,395,205,43,35
548,290,car,0.642578125,1466,327,95,62
548,277,car,0.470703125,202,174,35,28
548,351,car,0.484375,248,190,36,24
549,119,car,0.9111328125,715,404,178,128
549,185,car,0.923828125,1294,542,290,185
549,191,car,0.59814453125,985,251,54,40
549,124,truck,0.84912109375,322,182,77,95
549,206,car,0.9052734375,900,390,168,116
549,97,truck,0.36669921875,739,215,43,37
549,217,car,0.767578125,452,257,75,56
549,236,car,0.658203125,457,222,55,37
549,243,car,0.517578125,871,235,41,30
549,135,car,0.5927734375,795,227,46,33
549,261,car,0.68408203125,395,205,43,35
549,290,car,0.79052734375,1462,326,95,61
549,277,car,0.422607421875,203,173,36,27
549,351,car,0.453369140625,248,189,36,24
550,119,car,0.91259765625,719,406,178,128
550,185,car,0.92236328125,1307,546,294,187
550,191,car,0.394287109375,984,251,53,40
550,124,truck,0.82421875,322,182,78,95
550,206,car,0.90283203125,905,392,170,116
550,97,car,0.43408203125,738,214,43,37
550,217,car,0.7890625,454,258,75,56
550,236,car,0.70263671875,458,221,55,35
550,243,car,0.373779296875,868,235,43,28
550,135,car,0.615234375,794,227,46,33
550,261,car,0.69921875,396,205,43,35
550,290,car,0.673828125,1457,325,94,60
550,277,car,0.405517578125,206,174,41,28
550,351,car,0.43408203125,248,189,35,25
551,119,car,0.91943359375,724,408,180,130
551,185,car,0.92529296875,1320,551,299,190
551,191,car,0.546875,982,251,53,40
551,124,truck,0.85107421875,322,182,78,96
551,206,car,0.9033203125,910,394,171,116
551,97,car,0.42822265625,737,214,42,36
551,217,car,0.75927734375,456,259,76,58
551,236,car,0.662109375,459,221,56,36
551,243,car,0.4111328125,867,234,42,27
551,135,car,0.6689453125,792,227,47,33
551,261,car,0.67578125,397,205,43,35
551,290,car,0.638671875,1452,325,95,60
551,277,car,0.470703125,206,174,39,28
551,351,car,0.5849609375,249,189,34,26
552,119,car,0.9208984375,728,411,181,130
552,185,car,0.91845703125,1334,556,304,194
552,191,car,0.505859375,980,251,53,40
552,124,truck,0.85400390625,322,182,78,96
552,206,car,0.90185546875,916,396,173,118
552,97,truck,0.53125,736,214,42,37
552,217,car,0.7646484375,458,259,77,58
552,236,car,0.673828125,459,221,57,37
552,243,car,0.381103515625,865,235,42,27
552,135,car,0.5869140625,791,227,45,33
552,261,car,0.68408203125,397,205,42,35
552,290,car,0.751953125,1447,324,95,60
552,277,car,0.368408203125,206,174,38,27
552,351,car,0.56396484375,249,189,33,26
553,119,car,0.90380859375,733,413,182,131
553,185,car,0.9208984375,1348,561,308,195
553,191,car,0.53125,980,251,53,40
553,124,truck,0.8427734375,322,182,79,96
553,206,car,0.900390625,922,398,174,119
553,97,car,0.418701171875,735,214,41,37
553,217,car,0.7578125,460,261,76,58
553,236,car,0.69091796875,460,221,59,35
553,243,car,0.422607421875,864,235,42,26
553,135,car,0.638671875,790,226,45,33
553,261,car,0.65478515625,398,205,41,36
553,290,car,0.81884765625,1442,323,93,60
553,277,car,0.2379150390625,207,174,38,27
553,351,car,0.533203125,249,189,33,26
553,8,car,0.27197265625,621,198,27,22
554,119,car,0.9033203125,739,415,185,133
554,185,car,0.92138671875,1363,566,314,196
554,191,car,0.65478515625,978,250,53,40
554,124,truck,0.83203125,322,182,80,97
554,206,car,0.9013671875,928,400,175,121
554,97,car,0.4091796875,734,214,41,37
554,217,car,0.78271484375,462,261,76,57
554,236,car,0.6494140625,461,220,59,34
554,243,car,0.57958984375,863,234,40,26
554,135,car,0.6689453125,789,226,46,33
554,261,car,0.66015625,399,205,42,36
554,290,car,0.6826171875,1437,322,94,61
554,277,car,0.21728515625,209,174,41,27
554,351,car,0.439697265625,249,189,32,26
554,8,car,0.264404296875,621,197,28,22
555,119,car,0.91162109375,743,419,187,135
555,185,car,0.92236328125,1377,572,320,199
555,191,car,0.609375,976,250,53,39
555,124,truck,0.82568359375,323,182,79,97
555,206,car,0.90673828125,934,402,176,122
555,97,car,0.265869140625,733,214,41,36
555,217,car,0.79443359375,464,261,77,57
555,236,car,0.63525390625,461,221,59,36
555,243,car,0.445556640625,861,234,42,27
555,135,car,0.544921875,788,225,45,33
555,261,car,0.66357421875,399,205,44,36
555,290,truck,0.451416015625,1433,321,93,61
555,277,car,0.289306640625,209,174,42,27
555,351,car,0.501953125,249,189,32,25
555,8,car,0.21337890625,621,197,28,22
556,119,car,0.9140625,747,421,188,136
556,185,car,0.927734375,1393,577,324,203
556,191,car,0.7216796875,973,249,53,39
556,124,truck,0.81982421875,323,182,79,97
556,206,car,0.9013671875,940,404,179,123
556,97,car,0.287841796875,732,213,41,36
556,217,car,0.80078125,465,262,76,57
556,236,car,0.642578125,461,222,59,39
556,243,car,0.56005859375,861,233,42,28
556,135,car,0.56005859375,786,225,46,32
556,261,car,0.68408203125,399,205,45,37
556,290,car,0.767578125,1428,319,92,61
556,277,car,0.2239990234375,210,174,42,27
556,351,car,0.36669921875,249,188,32,26
556,8,car,0.235107421875,621,197,28,21
557,119,car,0.9111328125,753,423,190,137
557,185,car,0.92626953125,1407,583,330,206
557,191,car,0.58154296875,971,249,54,39
557,124,truck,0.83203125,324,181,79,97
557,206,car,0.90380859375,945,406,180,123
557,97,car,0.42431640625,731,213,41,37
557,217,car,0.79833984375,467,262,76,57
557,236,car,0.658203125,462,223,60,39
557,243,car,0.67041015625,860,233,41,28
557,135,car,0.6513671875,785,224,44,32
557,261,car,0.67578125,399,205,45,37
557,290,car,0.7431640625,1423,319,90,62
557,277,car,0.25830078125,210,174,42,28
557,351,car,0.276611328125,248,187,31,29
557,8,car,0.25390625,619,196,27,22
558,119,car,0.91259765625,758,425,193,139
558,185,car,0.92578125,1423,588,335,209
558,191,car,0.67041015625,970,249,55,39
558,124,truck,0.8310546875,324,181,79,97
558,206,car,0.90576171875,952,408,182,125
558,97,car,0.437744140625,730,212,41,37
558,217,car,0.7919921875,469,262,77,58
558,236,car,0.658203125,463,223,60,41
558,243,car,0.56982421875,858,233,41,28
558,135,car,0.66357421875,784,223,44,32
558,261,car,0.6943359375,400,205,45,37
558,290,car,0.57958984375,1419,318,90,60
558,277,car,0.1500244140625,210,175,42,27
558,351,car,0.195556640625,249,185,32,32
558,8,car,0.226806640625,618,195,26,22
559,119,car,0.91064453125,763,428,194,140
559,185,car,0.9228515625,1440,595,342,211
559,191,car,0.62255859375,968,249,54,39
559,124,truck,0.8310546875,324,181,80,97
559,206,car,0.9072265625,958,410,185,125
559,97,car,0.5888671875,729,212,41,35
559,217,car,0.7919921875,470,262,77,59
559,236,car,0.62451171875,463,224,59,42
559,243,car,0.55810546875,857,232,39,28
559,135,car,0.74169921875,782,223,45,32
559,261,car,0.69287109375,401,205,44,37
559,290,car,0.77880859375,1414,317,89,60
559,277,car,0.203125,210,175,40,27
559,351,car,0.235107421875,249,185,32,33
559,8,car,0.2005615234375,617,195,25,21
560,119,car,0.90478515625,767,430,195,140
560,185,car,0.92529296875,1457,601,347,215
560,191,car,0.67578125,967,248,54,39
560,124,truck,0.83447265625,324,181,80,97
560,206,car,0.91259765625,964,412,186,126
560,97,car,0.5849609375,728,212,41,35
560,217,car,0.79052734375,472,263,78,59
560,236,car,0.66552734375,464,224,60,42
560,243,car,0.5869140625,856,232,41,28
560,135,car,0.75341796875,782,223,44,32
560,261,car,0.69775390625,402,205,44,38
560,290,car,0.7734375,1409,316,90,59
560,277,car,0.2451171875,211,176,40,25
560,351,car,0.291015625,250,185,33,33
560,8,car,0.236572265625,617,194,25,21
561,119,car,0.9052734375,773,433,199,142
561,185,car,0.927734375,1474,606,355,219
561,191,car,0.673828125,964,247,54,39
561,124,truck,0.84912109375,325,181,81,98
561,206,car,0.91845703125,970,414,188,126
561,97,truck,0.435791015625,727,211,41,37
561,217,car,0.79833984375,474,262,79,59
561,236,car,0.62060546875,465,224,59,42
561,243,car,0.66552734375,855,231,41,28
561,135,car,0.70263671875,780,223,45,32
561,261,car,0.70068359375,402,204,44,38
561,290,car,0.74169921875,1405,315,90,59
561,277,car,0.3056640625,211,175,41,26
561,351,car,0.265869140625,250,184,33,33
561,8,car,0.2239990234375,617,195,25,21
562,119,car,0.90966796875,779,437,201,145
562,185,car,0.92431640625,1491,613,363,224
562,191,car,0.505859375,962,247,53,38
562,124,truck,0.85986328125,325,181,82,98
562,206,car,0.9189453125,977,417,189,129
562,97,truck,0.46484375,727,211,41,37
562,217,car,0.82568359375,475,263,79,59
562,236,car,0.70263671875,466,225,59,44
562,243,car,0.70751953125,854,231,39,28
562,135,car,0.640625,779,222,44,32
562,261,car,0.70068359375,402,204,44,39
562,290,car,0.72802734375,1400,314,88,59
562,277,car,0.39599609375,211,175,41,25
562,351,car,0.3720703125,251,186,33,30
562,8,car,0.16455078125,617,194,25,21
563,119,car,0.90185546875,784,440,202,146
563,185,car,0.92822265625,1509,619,369,228
563,191,car,0.69091796875,962,246,51,38
563,124,truck,0.85205078125,325,182,83,99
563,206,car,0.91552734375,984,420,191,131
563,97,car,0.368408203125,726,211,41,36
563,217,car,0.82568359375,477,264,79,58
563,236,car,0.71533203125,467,226,61,45
563,243,car,0.673828125,852,230,40,28
563,135,car,0.607421875,778,222,42,32
563,261,car,0.67041015625,403,204,44,38
563,290,car,0.83544921875,1396,313,89,59
563,277,car,0.32080078125,211,174,40,26
563,351,car,0.302490234375,251,187,33,28
563,8,car,0.10089111328125,617,194,25,22
564,119,car,0.90966796875,790,442,205,148
564,185,car,0.93212890625,1528,625,378,232
564,191,car,0.67041015625,961,246,51,38
564,124,truck,0.85595703125,326,182,82,98
564,206,car,0.923828125,991,422,192,132
564,97,car,0.299072265625,725,210,42,35
564,217,car,0.81640625,479,264,80,59
564,236,car,0.7041015625,469,226,63,45
564,243,car,0.73388671875,851,230,39,27
564,135,car,0.640625,777,222,44,32
564,261,car,0.67041015625,403,204,45,38
564,290,car,0.82763671875,1391,313,87,58
564,277,car,0.193115234375,210,173,37,25
564,351,car,0.262939453125,253,187,36,29
564,8,car,0.12939453125,616,193,24,23
565,119,car,0.9140625,797,445,207,149
565,185,car,0.92529296875,1548,633,384,236
565,191,car,0.740234375,959,246,51,38
565,124,truck,0.85791015625,327,182,80,98
565,206,car,0.9150390625,997,424,195,133
565,97,car,0.352294921875,725,210,42,35
565,217,car,0.81982421875,480,265,81,59
565,236,car,0.6494140625,469,227,63,46
565,243,car,0.66357421875,851,229,39,28
565,135,car,0.63720703125,776,221,43,31
565,261,car,0.69921875,404,204,45,38
565,290,car,0.69775390625,1387,312,87,58
565,277,car,0.20556640625,210,172,35,27
565,8,car,0.1666259765625,615,193,24,23
566,119,car,0.9052734375,802,448,211,151
566,185,car,0.92578125,1569,640,394,241
566,191,car,0.69287109375,958,245,51,37
566,124,truck,0.85693359375,327,182,79,98
566,206,car,0.9052734375,1004,426,197,133
566,97,car,0.439697265625,723,210,40,34
566,217,car,0.82763671875,482,265,82,60
566,236,car,0.66357421875,470,228,64,47
566,243,car,0.689453125,850,229,40,28
566,135,car,0.662109375,775,221,44,31
566,261,car,0.6943359375,405,205,44,38
566,290,car,0.75048828125,1383,311,86,58
566,277,car,0.1412353515625,210,172,34,27
566,8,car,0.259765625,615,193,23,22
567,119,car,0.9072265625,808,450,212,152
567,185,car,0.93359375,1588,647,400,245
567,191,car,0.732421875,955,244,50,37
567,124,truck,0.85791015625,327,181,80,98
567,206,car,0.90869140625,1011,428,200,133
567,97,car,0.262939453125,721,210,40,34
567,217,car,0.8291015625,484,265,83,60
567,236,car,0.7041015625,471,228,63,48
567,243,car,0.6875,849,228,39,28
567,135,car,0.69580078125,773,220,44,31
567,261,car,0.689453125,405,204,44,38
567,290,car,0.72802734375,1378,309,86,58
567,277,car,0.1470947265625,210,171,34,27
567,8,car,0.267333984375,614,193,24,22
568,119,car,0.90283203125,814,454,215,155
568,185,car,0.935546875,1609,654,411,247
568,191,car,0.70263671875,953,244,50,38
568,124,truck,0.85302734375,327,181,82,99
568,206,car,0.9072265625,1019,431,201,135
568,97,car,0.42431640625,720,210,40,34
568,217,car,0.8232421875,486,266,84,60
568,236,car,0.6689453125,472,229,63,49
568,243,car,0.658203125,847,228,40,28
568,135,car,0.6875,772,220,44,31
568,261,car,0.69091796875,405,204,45,38
568,290,car,0.71240234375,1375,309,86,58
568,277,car,0.120849609375,212,171,35,28
568,8,car,0.325927734375,614,193,25,22
569,119,car,0.92578125,820,457,216,158
569,185,car,0.93701171875,1631,664,421,253
569,191,car,0.69287109375,952,244,51,38
569,124,truck,0.85888671875,326,181,84,99
569,206,car,0.91064453125,1026,434,203,137
569,97,car,0.418701171875,720,210,39,33
569,217,car,0.83447265625,487,266,83,60
569,236,car,0.69775390625,473,229,64,49
569,243,car,0.70751953125,846,227,39,28
569,135,car,0.732421875,770,220,44,31
569,261,car,0.69775390625,406,204,46,38
569,290,car,0.62255859375,1370,308,86,58
569,277,car,0.20947265625,212,172,35,28
569,8,car,0.281494140625,614,192,24,22
569,351,car,0.291015625,251,188,31,25
570,119,car,0.92529296875,826,460,218,158
570,185,car,0.9384765625,1654,672,430,256
570,191,car,0.673828125,950,243,51,38
570,124,truck,0.85400390625,326,181,86,100
570,206,car,0.90576171875,1033,437,206,139
570,97,car,0.276611328125,718,209,40,34
570,217,car,0.83203125,490,266,82,60
570,236,car,0.77734375,473,229,65,49
570,243,car,0.67236328125,844,227,39,29
570,135,car,0.70751953125,769,220,43,31
570,261,car,0.72021484375,407,205,46,38
570,290,car,0.80419921875,1365,308,86,58
570,277,car,0.2017822265625,212,172,35,30
570,8,car,0.132080078125,613,192,24,22
570,351,car,0.273681640625,252,188,31,25
571,119,car,0.9189453125,832,464,220,159
571,185,car,0.93359375,1677,682,441,259
571,191,car,0.7138671875,949,243,53,38
571,124,truck,0.85888671875,326,181,87,101
571,206,car,0.90185546875,1041,439,207,141
571,97,truck,0.303955078125,718,208,40,34
571,217,car,0.83447265625,492,267,83,61
571,236,car,0.7041015625,474,230,66,49
571,243,car,0.689453125,843,227,39,29
571,135,car,0.67041015625,769,219,43,31
571,261,car,0.716796875,407,204,46,38
571,290,car,0.751953125,1361,307,86,57
571,277,truck,0.25244140625,212,172,34,30
571,8,car,0.22265625,612,192,24,22
571,351,car,0.175537109375,252,188,32,25
572,119,car,0.91748046875,838,468,225,160
572,185,car,0.93505859375,1698,690,443,262
572,191,car,0.57177734375,947,243,52,38
572,124,truck,0.8642578125,326,180,88,102
572,206,car,0.900390625,1049,442,209,141
572,97,truck,0.1312255859375,717,207,39,35
572,217,car,0.8056640625,494,267,82,60
572,236,car,0.73095703125,476,230,64,49
572,243,car,0.63330078125,842,227,39,28
572,135,car,0.5947265625,767,219,42,32
572,261,car,0.708984375,408,205,45,38
572,290,truck,0.48828125,1357,306,84,57
572,277,truck,0.22265625,212,172,34,30
572,8,car,0.32763671875,612,192,25,22
572,351,car,0.1500244140625,253,187,32,25
573,119,car,0.91357421875,844,471,229,162
573,185,car,0.93115234375,1708,698,423,262
573,191,car,0.67041015625,946,242,51,37
573,124,truck,0.8623046875,326,180,88,102
573,206,car,0.89892578125,1057,444,210,143
573,97,truck,0.32080078125,716,207,40,35
573,217,car,0.8173828125,497,269,84,62
573,236,car,0.71533203125,476,229,64,48
573,243,car,0.64599609375,841,227,41,28
573,135,car,0.6318359375,767,219,43,32
573,261,car,0.70263671875,409,204,46,38
573,290,truck,0.5,1353,306,85,57
573,277,truck,0.2379150390625,212,172,33,30
573,8,car,0.43408203125,611,192,25,22
573,351,car,0.1268310546875,253,187,32,26
574,119,car,0.9072265625,850,474,231,164
574,185,car,0.9306640625,1718,707,403,264
574,191,car,0.67578125,944,242,51,37
574,124,truck,0.861328125,327,180,88,103
574,206,car,0.8984375,1065,447,213,144
574,97,truck,0.35400390625,716,206,41,35
574,217,car,0.82568359375,499,270,85,64
574,236,car,0.67041015625,477,229,64,49
574,243,car,0.607421875,841,227,41,28
574,135,car,0.54296875,765,218,43,31
574,261,car,0.70068359375,409,204,47,38
574,290,car,0.7041015625,1349,305,85,56
574,277,truck,0.178955078125,213,172,34,30
574,8,car,0.35400390625,611,192,25,22
574,351,car,0.1015625,253,187,32,25
575,119,car,0.90966796875,858,479,233,167
575,185,car,0.93310546875,1728,715,383,269
575,191,car,0.7880859375,942,241,50,37
575,124,truck,0.85693359375,327,181,89,102
575,206,car,0.908203125,1074,450,215,146
575,97,truck,0.3486328125,715,206,41,35
575,217,car,0.810546875,502,270,86,63
575,236,car,0.71875,479,230,64,48
575,243,car,0.61328125,839,227,39,27
575,135,car,0.537109375,764,218,42,31
575,261,car,0.662109375,410,205,48,38
575,290,car,0.73388671875,1345,304,84,56
575,277,truck,0.18359375,218,172,43,31
575,8,car,0.373779296875,611,192,25,21
576,119,car,0.91650390625,865,482,235,169
576,185,car,0.94287109375,1739,724,361,276
576,191,car,0.71240234375,941,241,50,36
576,124,truck,0.8310546875,327,181,90,101
576,206,car,0.9091796875,1083,453,218,148
576,97,car,0.132080078125,715,207,40,34
576,217,car,0.82421875,504,271,87,61
576,236,car,0.708984375,479,230,64,49
576,243,car,0.58154296875,838,226,41,27
576,135,car,0.5927734375,763,218,42,30
576,261,car,0.66552734375,410,206,48,38
576,290,car,0.69287109375,1341,304,83,55
576,277,truck,0.20947265625,220,172,47,31
576,8,car,0.287841796875,611,192,25,21
577,119,car,0.92578125,873,486,238,173
577,185,car,0.93896484375,1750,733,339,282
577,191,car,0.74755859375,940,241,50,36
577,124,truck,0.8623046875,327,181,91,102
577,206,car,0.89697265625,1092,456,221,150
577,97,truck,0.236572265625,713,206,40,35
577,217,car,0.83544921875,506,272,86,62
577,236,car,0.70751953125,481,231,64,50
577,243,car,0.60009765625,837,226,39,27
577,135,car,0.642578125,761,218,42,30
577,261,car,0.640625,412,206,47,38
577,290,car,0.6875,1337,303,83,55
577,277,truck,0.2239990234375,219,172,43,30
577,8,car,0.30908203125,611,191,25,21
578,119,car,0.92138671875,881,490,241,175
578,185,car,0.93701171875,1761,745,316,286
578,191,car,0.6279296875,938,241,50,36
578,124,truck,0.85205078125,328,181,90,102
578,206,car,0.8974609375,1099,460,226,151
578,97,truck,0.262939453125,712,206,41,34
578,217,car,0.83642578125,507,273,87,63
578,236,car,0.763671875,481,231,64,50
578,243,car,0.609375,836,226,39,27
578,135,car,0.66552734375,760,217,42,30
578,261,car,0.6533203125,413,206,47,39
578,290,car,0.6533203125,1333,302,83,55
578,277,truck,0.2281494140625,219,173,43,31
578,8,car,0.289306640625,610,191,26,21
579,119,car,0.92041015625,888,494,244,176
579,185,car,0.93017578125,1773,757,293,292
579,191,car,0.74755859375,937,241,49,36
579,124,truck,0.84912109375,329,181,89,101
579,206,car,0.927734375,1109,464,227,152
579,97,truck,0.190673828125,711,206,40,35
579,217,car,0.83642578125,508,274,88,63
579,236,car,0.75634765625,482,231,64,50
579,243,car,0.607421875,835,226,39,27
579,135,car,0.70751953125,759,217,41,29
579,261,car,0.69091796875,413,207,48,39
579,290,car,0.490234375,1329,302,82,55
579,277,truck,0.1451416015625,219,173,42,31
579,8,car,0.32763671875,610,191,25,22
580,119,car,0.92236328125,895,498,247,178
580,185,car,0.9306640625,1785,768,269,298
580,191,car,0.609375,935,241,50,36
580,124,truck,0.83984375,330,182,88,101
580,206,car,0.90380859375,1119,467,228,152
580,97,truck,0.19189453125,711,206,39,35
580,217,car,0.85498046875,511,274,85,63
580,236,car,0.72802734375,483,231,64,51
580,243,car,0.6533203125,833,226,38,27
580,135,car,0.662109375,758,217,41,30
580,261,car,0.70556640625,413,207,48,39
580,290,car,0.525390625,1325,302,81,55
580,277,truck,0.1766357421875,218,173,42,32
580,8,car,0.4130859375,609,191,26,22
581,119,car,0.91650390625,903,503,251,181
581,185,car,0.92919921875,1798,780,242,305
581,191,car,0.72021484375,934,241,49,36
581,124,truck,0.84375,331,182,86,101
581,206,car,0.91650390625,1128,470,231,155
581,97,truck,0.1859130859375,709,205,40,34
581,217,car,0.84375,514,275,85,63
581,236,car,0.740234375,485,232,64,51
581,243,car,0.57373046875,832,225,38,27
581,135,car,0.69775390625,757,217,41,30
581,261,car,0.70263671875,413,207,48,40
581,290,car,0.74169921875,1321,301,81,56
581,277,truck,0.1688232421875,219,173,42,32
581,8,car,0.42626953125,609,191,26,23
582,119,car,0.91845703125,911,508,253,182
582,185,car,0.9189453125,1811,791,217,306
582,191,car,0.71875,932,241,50,36
582,124,truck,0.85107421875,332,183,84,101
582,206,car,0.90966796875,1135,474,237,155
582,97,car,0.338134765625,708,206,39,34
582,217,car,0.85400390625,516,276,86,62
582,236,car,0.71875,486,232,64,52
582,243,car,0.68408203125,831,225,38,27
582,135,car,0.71875,757,217,42,30
582,261,car,0.69921875,414,207,47,40
582,290,car,0.77978515625,1317,301,82,56
582,277,truck,0.193115234375,220,174,44,34
582,8,car,0.4609375,609,191,27,22
583,119,car,0.9140625,920,513,260,185
583,185,car,0.92041015625,1825,790,188,283
583,191,car,0.71533203125,931,240,49,36
583,124,truck,0.8388671875,332,183,85,102
583,206,car,0.9150390625,1144,478,240,158
583,97,truck,0.2108154296875,708,206,39,35
583,217,car,0.8388671875,519,277,86,63
583,236,car,0.70068359375,486,233,64,53
583,243,car,0.640625,830,225,37,27
583,135,car,0.6875,755,217,42,30
583,261,car,0.7216796875,415,207,47,39
583,290,car,0.66552734375,1313,300,81,55
583,8,car,0.39990234375,609,191,26,22
584,119,car,0.91259765625,929,517,263,188
584,185,car,0.90673828125,1840,794,159,265
584,191,car,0.68603515625,930,240,50,36
584,124,truck,0.84912109375,332,183,85,102
584,206,car,0.908203125,1155,481,242,160
584,97,truck,0.2421875,707,206,38,34
584,217,car,0.841796875,520,278,88,63
584,236,car,0.7265625,487,233,65,52
584,243,car,0.5869140625,829,225,38,27
584,135,car,0.6826171875,754,217,42,30
584,261,car,0.71875,416,207,47,40
584,290,car,0.615234375,1309,299,80,55
584,8,car,0.33984375,608,191,25,21
585,119,car,0.9150390625,937,522,266,191
585,185,car,0.8740234375,1855,799,128,251
585,191,car,0.74609375,928,240,49,35
585,124,truck,0.86083984375,333,183,85,103
585,206,car,0.9208984375,1165,485,244,162
585,97,car,0.31396484375,706,207,39,34
585,217,car,0.84912109375,522,279,88,63
585,236,car,0.6943359375,488,233,64,52
585,243,car,0.67578125,828,225,38,27
585,135,car,0.71240234375,753,217,41,30
585,261,car,0.611328125,416,208,47,41
585,290,car,0.60595703125,1306,299,80,54
585,8,car,0.25390625,608,192,25,21
586,119,car,0.921875,946,527,270,193
586,185,car,0.81640625,1870,811,97,239
586,191,car,0.7646484375,927,241,50,35
586,124,truck,0.85205078125,333,184,85,103
586,206,car,0.92724609375,1176,488,246,163
586,97,car,0.282958984375,705,207,39,35
586,217,car,0.84716796875,525,279,88,64
586,236,car,0.72314453125,489,234,65,53
586,243,car,0.6298828125,827,226,38,26
586,135,car,0.6875,751,217,41,30
586,261,car,0.638671875,416,208,48,41
586,290,car,0.60009765625,1302,299,80,54
586,8,car,0.216064453125,607,192,25,21
587,119,car,0.93115234375,954,533,273,195
587,185,car,0.74755859375,1886,831,64,224
587,191,car,0.75927734375,926,240,49,35
587,124,truck,0.8427734375,333,184,87,103
587,206,car,0.9267578125,1187,492,248,165
587,97,truck,0.32421875,704,207,38,35
587,217,car,0.8447265625,527,280,88,65
587,236,car,0.70263671875,491,234,65,53
587,243,car,0.61669921875,826,225,38,27
587,135,car,0.689453125,751,218,40,30
587,261,car,0.69091796875,417,208,48,40
587,290,car,0.66357421875,1298,299,80,54
587,8,car,0.2239990234375,606,192,25,21
588,119,car,0.9267578125,964,538,278,196
588,185,car,0.56787109375,1901,845,30,198
588,191,car,0.75927734375,924,240,50,35
588,124,truck,0.8408203125,333,184,88,105
588,206,car,0.91162109375,1197,496,253,166
588,97,truck,0.4111328125,704,207,38,35
588,217,car,0.85986328125,529,281,89,65
588,236,car,0.66015625,492,235,65,53
588,243,car,0.6494140625,825,225,38,27
588,135,car,0.64599609375,750,218,40,30
588,261,car,0.71240234375,418,209,48,40
588,290,car,0.67919921875,1295,298,80,53
588,8,car,0.25537109375,606,192,25,20
589,119,car,0.91748046875,973,543,282,200
589,191,car,0.71875,922,241,49,35
589,124,truck,0.8408203125,334,185,88,105
589,206,car,0.91845703125,1208,501,257,169
589,97,truck,0.346923828125,702,207,39,35
589,217,car,0.85693359375,531,282,90,65
589,236,car,0.7041015625,493,236,66,52
589,243,car,0.611328125,824,225,37,27
589,135,car,0.65478515625,748,218,42,31
589,261,car,0.740234375,419,210,49,40
589,290,car,0.56201171875,1291,298,78,52
589,8,car,0.307373046875,606,192,25,20
590,119,car,0.9150390625,983,549,287,203
590,191,car,0.7265625,921,240,49,35
590,124,truck,0.83544921875,335,185,86,104
590,206,car,0.9189453125,1219,505,260,171
590,97,truck,0.341552734375,702,206,39,35
590,217,car,0.861328125,534,283,90,66
590,236,car,0.70263671875,494,237,67,52
590,243,car,0.66015625,823,225,38,27
590,135,car,0.60400390625,747,217,42,30
590,261,car,0.732421875,420,210,50,40
590,290,car,0.67724609375,1287,298,78,52
590,8,car,0.357666015625,606,192,25,20
591,119,car,0.9228515625,993,555,290,205
591,191,car,0.75927734375,920,240,48,34
591,124,truck,0.8173828125,336,186,84,104
591,206,car,0.91845703125,1231,509,263,173
591,97,truck,0.401611328125,701,206,39,34
591,217,car,0.86328125,536,283,91,66
591,236,car,0.716796875,495,237,66,53
591,243,car,0.5546875,822,225,38,27
591,135,car,0.57177734375,746,218,42,30
591,261,car,0.7294921875,421,210,51,40
591,290,car,0.70263671875,1283,297,78,52
591,8,car,0.282958984375,605,192,25,21
591,351,car,0.281494140625,260,189,38,27
592,119,car,0.9267578125,1004,560,295,210
592,191,car,0.763671875,918,240,48,35
592,124,truck,0.77587890625,336,186,83,104
592,206,car,0.91845703125,1242,514,266,175
592,97,car,0.2254638671875,699,207,38,34
592,217,car,0.86083984375,538,285,91,66
592,236,car,0.70556640625,496,238,66,53
592,243,car,0.609375,820,225,38,27
592,135,car,0.609375,745,217,42,31
592,261,car,0.74755859375,421,210,51,40
592,290,car,0.74462890625,1279,297,78,52
592,8,car,0.2379150390625,605,192,24,20
592,351,car,0.2958984375,262,190,40,28
593,119,car,0.92919921875,1014,566,299,212
593,191,car,0.7548828125,917,240,47,35
593,124,truck,0.78515625,337,186,83,104
593,206,car,0.9111328125,1255,519,271,178
593,97,truck,0.30078125,699,206,37,34
593,217,car,0.84375,541,286,91,67
593,236,car,0.69775390625,497,238,67,53
593,243,car,0.6494140625,819,225,37,27
593,135,car,0.56591796875,745,218,42,31
593,261,car,0.7294921875,422,211,50,41
593,290,car,0.76904296875,1276,296,77,52
593,8,car,0.158203125,605,192,24,20
593,351,car,0.403564453125,263,190,41,29
594,119,car,0.9267578125,1025,573,304,215
594,191,car,0.77197265625,915,240,47,35
594,124,truck,0.85400390625,338,186,84,105
594,206,car,0.91552734375,1267,524,274,179
594,97,truck,0.338134765625,698,206,37,34
594,217,car,0.84716796875,543,288,92,68
594,236,car,0.71044921875,499,239,67,53
594,243,car,0.63330078125,817,225,36,27
594,135,car,0.52734375,744,218,41,30
594,261,car,0.7265625,423,211,50,41
594,290,car,0.767578125,1273,296,76,52
594,8,car,0.169921875,605,193,24,19
594,351,car,0.3720703125,264,190,41,30
595,119,car,0.93212890625,1036,578,309,218
595,191,car,0.73095703125,914,240,47,34
595,124,truck,0.873046875,338,187,85,107
595,206,car,0.9189453125,1279,528,278,180
595,97,truck,0.281494140625,697,207,36,32
595,217,car,0.85302734375,546,288,94,69
595,236,car,0.71044921875,500,240,67,54
595,243,car,0.662109375,817,225,36,28
595,135,car,0.541015625,743,218,41,31
595,261,car,0.71533203125,423,212,50,41
595,290,car,0.61669921875,1269,296,76,52
595,8,car,0.23095703125,604,193,24,20
595,351,car,0.405517578125,265,190,41,31
596,119,car,0.923828125,1047,584,314,222
596,191,car,0.7431640625,913,240,47,35
596,124,truck,0.8798828125,339,187,86,108
596,206,car,0.93115234375,1292,533,282,183
596,97,truck,0.26904296875,696,207,37,33
596,217,car,0.8623046875,548,290,94,69
596,236,car,0.708984375,502,241,68,53
596,243,car,0.70263671875,816,225,36,28
596,135,car,0.5849609375,742,218,40,31
596,261,car,0.71875,423,212,51,41
596,290,car,0.60009765625,1266,295,76,52
596,8,car,0.373779296875,603,193,26,20
596,351,car,0.37939453125,264,190,42,31
597,119,car,0.92724609375,1059,592,319,225
597,191,car,0.72021484375,912,240,47,35
597,124,truck,0.84716796875,339,187,85,108
597,206,car,0.92578125,1305,538,288,186
597,97,truck,0.30078125,695,207,38,34
597,217,car,0.8681640625,551,291,94,70
597,236,car,0.71875,503,241,68,54
597,243,car,0.64794921875,815,226,36,28
597,135,car,0.45703125,741,218,39,31
597,261,car,0.72021484375,424,213,50,41
597,290,car,0.61669921875,1262,295,75,51
597,8,car,0.3701171875,603,193,26,20
597,351,car,0.42626953125,264,190,43,31
598,119,car,0.9306640625,1071,599,325,229
598,191,car,0.69775390625,910,240,47,35
598,124,truck,0.8408203125,340,187,85,108
598,206,car,0.92724609375,1319,543,292,187
598,97,truck,0.4072265625,695,208,37,33
598,217,car,0.8671875,554,291,95,71
598,236,car,0.73095703125,503,242,69,54
598,243,car,0.67578125,814,226,38,28
598,135,car,0.5,740,218,40,30
598,261,car,0.7216796875,425,214,49,41
598,290,car,0.67919921875,1258,294,74,51
598,8,car,0.33642578125,602,193,26,21
598,351,car,0.3720703125,263,191,43,31
